C:\Program Files\dotnet\sdk\11.0.100-rc.1.26425.128\Sdks\Microsoft.NET.Sdk\targets\Microsoft.NET.RuntimeIdentifierInference.targets(385,5): message NETSDK1057: si sta usando una versione in anteprima di .NET. Vedere https://aka.ms/dotnet-support-policy [E:\repo\WinHubX\Project\WinHubX\WinHubX.csproj]
Forms\Base\FormMonitoraggio.resx : warning MSB3568: il nome di risorsa duplicato ">>domainUpDown1.Name" non è consentito e verrà ignorato. [E:\repo\WinHubX\Project\WinHubX\WinHubX.csproj]
Forms\Base\FormMonitoraggio.resx : warning MSB3568: il nome di risorsa duplicato ">>domainUpDown1.Type" non è consentito e verrà ignorato. [E:\repo\WinHubX\Project\WinHubX\WinHubX.csproj]
Forms\Base\FormMonitoraggio.resx : warning MSB3568: il nome di risorsa duplicato ">>domainUpDown1.Parent" non è consentito e verrà ignorato. [E:\repo\WinHubX\Project\WinHubX\WinHubX.csproj]
Forms\Base\FormMonitoraggio.resx : warning MSB3568: il nome di risorsa duplicato ">>domainUpDown1.ZOrder" non è consentito e verrà ignorato. [E:\repo\WinHubX\Project\WinHubX\WinHubX.csproj]
Forms\Base\FormMonitoraggio.resx : warning MSB3568: il nome di risorsa duplicato ">>BarTEMPtext.Name" non è consentito e verrà ignorato. [E:\repo\WinHubX\Project\WinHubX\WinHubX.csproj]
Forms\Base\FormMonitoraggio.resx : warning MSB3568: il nome di risorsa duplicato ">>BarTEMPtext.Type" non è consentito e verrà ignorato. [E:\repo\WinHubX\Project\WinHubX\WinHubX.csproj]
Forms\Base\FormMonitoraggio.resx : warning MSB3568: il nome di risorsa duplicato ">>BarTEMPtext.Parent" non è consentito e verrà ignorato. [E:\repo\WinHubX\Project\WinHubX\WinHubX.csproj]
Forms\Base\FormMonitoraggio.resx : warning MSB3568: il nome di risorsa duplicato ">>BarTEMPtext.ZOrder" non è consentito e verrà ignorato. [E:\repo\WinHubX\Project\WinHubX\WinHubX.csproj]
Forms\Base\FormMonitoraggio.resx : warning MSB3568: il nome di risorsa duplicato ">>BarTEMP.Name" non è consentito e verrà ignorato. [E:\repo\WinHubX\Project\WinHubX\WinHubX.csproj]
Forms\Base\FormMonitoraggio.resx : warning MSB3568: il nome di risorsa duplicato ">>BarTEMP.Type" non è consentito e verrà ignorato. [E:\repo\WinHubX\Project\WinHubX\WinHubX.csproj]
Forms\Base\FormMonitoraggio.resx : warning MSB3568: il nome di risorsa duplicato ">>BarTEMP.Parent" non è consentito e verrà ignorato. [E:\repo\WinHubX\Project\WinHubX\WinHubX.csproj]
Forms\Base\FormMonitoraggio.resx : warning MSB3568: il nome di risorsa duplicato ">>BarTEMP.ZOrder" non è consentito e verrà ignorato. [E:\repo\WinHubX\Project\WinHubX\WinHubX.csproj]
Forms\Base\FormMonitoraggio.resx : warning MSB3568: il nome di risorsa duplicato ">>label21.Name" non è consentito e verrà ignorato. [E:\repo\WinHubX\Project\WinHubX\WinHubX.csproj]
Forms\Base\FormMonitoraggio.resx : warning MSB3568: il nome di risorsa duplicato ">>label21.Type" non è consentito e verrà ignorato. [E:\repo\WinHubX\Project\WinHubX\WinHubX.csproj]
Forms\Base\FormMonitoraggio.resx : warning MSB3568: il nome di risorsa duplicato ">>label21.Parent" non è consentito e verrà ignorato. [E:\repo\WinHubX\Project\WinHubX\WinHubX.csproj]
Forms\Base\FormMonitoraggio.resx : warning MSB3568: il nome di risorsa duplicato ">>label21.ZOrder" non è consentito e verrà ignorato. [E:\repo\WinHubX\Project\WinHubX\WinHubX.csproj]
Forms\Base\FormMonitoraggio.resx : warning MSB3568: il nome di risorsa duplicato ">>label3.Name" non è consentito e verrà ignorato. [E:\repo\WinHubX\Project\WinHubX\WinHubX.csproj]
Forms\Base\FormMonitoraggio.resx : warning MSB3568: il nome di risorsa duplicato ">>label3.Type" non è consentito e verrà ignorato. [E:\repo\WinHubX\Project\WinHubX\WinHubX.csproj]
Forms\Base\FormMonitoraggio.resx : warning MSB3568: il nome di risorsa duplicato ">>label3.Parent" non è consentito e verrà ignorato. [E:\repo\WinHubX\Project\WinHubX\WinHubX.csproj]
Forms\Base\FormMonitoraggio.resx : warning MSB3568: il nome di risorsa duplicato ">>label3.ZOrder" non è consentito e verrà ignorato. [E:\repo\WinHubX\Project\WinHubX\WinHubX.csproj]
Forms\Base\FormMonitoraggio.resx : warning MSB3568: il nome di risorsa duplicato ">>label11.Name" non è consentito e verrà ignorato. [E:\repo\WinHubX\Project\WinHubX\WinHubX.csproj]
Forms\Base\FormMonitoraggio.resx : warning MSB3568: il nome di risorsa duplicato ">>label11.Type" non è consentito e verrà ignorato. [E:\repo\WinHubX\Project\WinHubX\WinHubX.csproj]
Forms\Base\FormMonitoraggio.resx : warning MSB3568: il nome di risorsa duplicato ">>label11.Parent" non è consentito e verrà ignorato. [E:\repo\WinHubX\Project\WinHubX\WinHubX.csproj]
Forms\Base\FormMonitoraggio.resx : warning MSB3568: il nome di risorsa duplicato ">>label11.ZOrder" non è consentito e verrà ignorato. [E:\repo\WinHubX\Project\WinHubX\WinHubX.csproj]
Forms\Base\FormMonitoraggio.resx : warning MSB3568: il nome di risorsa duplicato ">>label12.Name" non è consentito e verrà ignorato. [E:\repo\WinHubX\Project\WinHubX\WinHubX.csproj]
Forms\Base\FormMonitoraggio.resx : warning MSB3568: il nome di risorsa duplicato ">>label12.Type" non è consentito e verrà ignorato. [E:\repo\WinHubX\Project\WinHubX\WinHubX.csproj]
Forms\Base\FormMonitoraggio.resx : warning MSB3568: il nome di risorsa duplicato ">>label12.Parent" non è consentito e verrà ignorato. [E:\repo\WinHubX\Project\WinHubX\WinHubX.csproj]
Forms\Base\FormMonitoraggio.resx : warning MSB3568: il nome di risorsa duplicato ">>label12.ZOrder" non è consentito e verrà ignorato. [E:\repo\WinHubX\Project\WinHubX\WinHubX.csproj]
Forms\Base\FormMonitoraggio.resx : warning MSB3568: il nome di risorsa duplicato ">>btnSvuotaTemp.Name" non è consentito e verrà ignorato. [E:\repo\WinHubX\Project\WinHubX\WinHubX.csproj]
Forms\Base\FormMonitoraggio.resx : warning MSB3568: il nome di risorsa duplicato ">>btnSvuotaTemp.Type" non è consentito e verrà ignorato. [E:\repo\WinHubX\Project\WinHubX\WinHubX.csproj]
Forms\Base\FormMonitoraggio.resx : warning MSB3568: il nome di risorsa duplicato ">>btnSvuotaTemp.Parent" non è consentito e verrà ignorato. [E:\repo\WinHubX\Project\WinHubX\WinHubX.csproj]
Forms\Base\FormMonitoraggio.resx : warning MSB3568: il nome di risorsa duplicato ">>btnSvuotaTemp.ZOrder" non è consentito e verrà ignorato. [E:\repo\WinHubX\Project\WinHubX\WinHubX.csproj]
Forms\Base\FormMonitoraggio.resx : warning MSB3568: il nome di risorsa duplicato ">>BarDISCOtext.Name" non è consentito e verrà ignorato. [E:\repo\WinHubX\Project\WinHubX\WinHubX.csproj]
Forms\Base\FormMonitoraggio.resx : warning MSB3568: il nome di risorsa duplicato ">>BarDISCOtext.Type" non è consentito e verrà ignorato. [E:\repo\WinHubX\Project\WinHubX\WinHubX.csproj]
Forms\Base\FormMonitoraggio.resx : warning MSB3568: il nome di risorsa duplicato ">>BarDISCOtext.Parent" non è consentito e verrà ignorato. [E:\repo\WinHubX\Project\WinHubX\WinHubX.csproj]
Forms\Base\FormMonitoraggio.resx : warning MSB3568: il nome di risorsa duplicato ">>BarDISCOtext.ZOrder" non è consentito e verrà ignorato. [E:\repo\WinHubX\Project\WinHubX\WinHubX.csproj]
Forms\Base\FormMonitoraggio.resx : warning MSB3568: il nome di risorsa duplicato ">>BarDISCO.Name" non è consentito e verrà ignorato. [E:\repo\WinHubX\Project\WinHubX\WinHubX.csproj]
Forms\Base\FormMonitoraggio.resx : warning MSB3568: il nome di risorsa duplicato ">>BarDISCO.Type" non è consentito e verrà ignorato. [E:\repo\WinHubX\Project\WinHubX\WinHubX.csproj]
Forms\Base\FormMonitoraggio.resx : warning MSB3568: il nome di risorsa duplicato ">>BarDISCO.Parent" non è consentito e verrà ignorato. [E:\repo\WinHubX\Project\WinHubX\WinHubX.csproj]
Forms\Base\FormMonitoraggio.resx : warning MSB3568: il nome di risorsa duplicato ">>BarDISCO.ZOrder" non è consentito e verrà ignorato. [E:\repo\WinHubX\Project\WinHubX\WinHubX.csproj]
Forms\Base\FormMonitoraggio.resx : warning MSB3568: il nome di risorsa duplicato ">>label18.Name" non è consentito e verrà ignorato. [E:\repo\WinHubX\Project\WinHubX\WinHubX.csproj]
Forms\Base\FormMonitoraggio.resx : warning MSB3568: il nome di risorsa duplicato ">>label18.Type" non è consentito e verrà ignorato. [E:\repo\WinHubX\Project\WinHubX\WinHubX.csproj]
Forms\Base\FormMonitoraggio.resx : warning MSB3568: il nome di risorsa duplicato ">>label18.Parent" non è consentito e verrà ignorato. [E:\repo\WinHubX\Project\WinHubX\WinHubX.csproj]
Forms\Base\FormMonitoraggio.resx : warning MSB3568: il nome di risorsa duplicato ">>label18.ZOrder" non è consentito e verrà ignorato. [E:\repo\WinHubX\Project\WinHubX\WinHubX.csproj]
Forms\Base\FormMonitoraggio.resx : warning MSB3568: il nome di risorsa duplicato ">>label17.Name" non è consentito e verrà ignorato. [E:\repo\WinHubX\Project\WinHubX\WinHubX.csproj]
Forms\Base\FormMonitoraggio.resx : warning MSB3568: il nome di risorsa duplicato ">>label17.Type" non è consentito e verrà ignorato. [E:\repo\WinHubX\Project\WinHubX\WinHubX.csproj]
Forms\Base\FormMonitoraggio.resx : warning MSB3568: il nome di risorsa duplicato ">>label17.Parent" non è consentito e verrà ignorato. [E:\repo\WinHubX\Project\WinHubX\WinHubX.csproj]
Forms\Base\FormMonitoraggio.resx : warning MSB3568: il nome di risorsa duplicato ">>label17.ZOrder" non è consentito e verrà ignorato. [E:\repo\WinHubX\Project\WinHubX\WinHubX.csproj]
Forms\Base\FormMonitoraggio.resx : warning MSB3568: il nome di risorsa duplicato ">>label16.Name" non è consentito e verrà ignorato. [E:\repo\WinHubX\Project\WinHubX\WinHubX.csproj]
Forms\Base\FormMonitoraggio.resx : warning MSB3568: il nome di risorsa duplicato ">>label16.Type" non è consentito e verrà ignorato. [E:\repo\WinHubX\Project\WinHubX\WinHubX.csproj]
Forms\Base\FormMonitoraggio.resx : warning MSB3568: il nome di risorsa duplicato ">>label16.Parent" non è consentito e verrà ignorato. [E:\repo\WinHubX\Project\WinHubX\WinHubX.csproj]
Forms\Base\FormMonitoraggio.resx : warning MSB3568: il nome di risorsa duplicato ">>label16.ZOrder" non è consentito e verrà ignorato. [E:\repo\WinHubX\Project\WinHubX\WinHubX.csproj]
Forms\Base\FormMonitoraggio.resx : warning MSB3568: il nome di risorsa duplicato ">>cuiSwitch_gradicpu.Name" non è consentito e verrà ignorato. [E:\repo\WinHubX\Project\WinHubX\WinHubX.csproj]
Forms\Base\FormMonitoraggio.resx : warning MSB3568: il nome di risorsa duplicato ">>cuiSwitch_gradicpu.Type" non è consentito e verrà ignorato. [E:\repo\WinHubX\Project\WinHubX\WinHubX.csproj]
Forms\Base\FormMonitoraggio.resx : warning MSB3568: il nome di risorsa duplicato ">>cuiSwitch_gradicpu.Parent" non è consentito e verrà ignorato. [E:\repo\WinHubX\Project\WinHubX\WinHubX.csproj]
Forms\Base\FormMonitoraggio.resx : warning MSB3568: il nome di risorsa duplicato ">>cuiSwitch_gradicpu.ZOrder" non è consentito e verrà ignorato. [E:\repo\WinHubX\Project\WinHubX\WinHubX.csproj]
Forms\Base\FormMonitoraggio.resx : warning MSB3568: il nome di risorsa duplicato ">>limiteCPU.Name" non è consentito e verrà ignorato. [E:\repo\WinHubX\Project\WinHubX\WinHubX.csproj]
Forms\Base\FormMonitoraggio.resx : warning MSB3568: il nome di risorsa duplicato ">>limiteCPU.Type" non è consentito e verrà ignorato. [E:\repo\WinHubX\Project\WinHubX\WinHubX.csproj]
Forms\Base\FormMonitoraggio.resx : warning MSB3568: il nome di risorsa duplicato ">>limiteCPU.Parent" non è consentito e verrà ignorato. [E:\repo\WinHubX\Project\WinHubX\WinHubX.csproj]
Forms\Base\FormMonitoraggio.resx : warning MSB3568: il nome di risorsa duplicato ">>limiteCPU.ZOrder" non è consentito e verrà ignorato. [E:\repo\WinHubX\Project\WinHubX\WinHubX.csproj]
Forms\Base\FormMonitoraggio.resx : warning MSB3568: il nome di risorsa duplicato ">>puliziaautomaticoCPU.Name" non è consentito e verrà ignorato. [E:\repo\WinHubX\Project\WinHubX\WinHubX.csproj]
Forms\Base\FormMonitoraggio.resx : warning MSB3568: il nome di risorsa duplicato ">>puliziaautomaticoCPU.Type" non è consentito e verrà ignorato. [E:\repo\WinHubX\Project\WinHubX\WinHubX.csproj]
Forms\Base\FormMonitoraggio.resx : warning MSB3568: il nome di risorsa duplicato ">>puliziaautomaticoCPU.Parent" non è consentito e verrà ignorato. [E:\repo\WinHubX\Project\WinHubX\WinHubX.csproj]
Forms\Base\FormMonitoraggio.resx : warning MSB3568: il nome di risorsa duplicato ">>puliziaautomaticoCPU.ZOrder" non è consentito e verrà ignorato. [E:\repo\WinHubX\Project\WinHubX\WinHubX.csproj]
Forms\Base\FormMonitoraggio.resx : warning MSB3568: il nome di risorsa duplicato ">>label7.Name" non è consentito e verrà ignorato. [E:\repo\WinHubX\Project\WinHubX\WinHubX.csproj]
Forms\Base\FormMonitoraggio.resx : warning MSB3568: il nome di risorsa duplicato ">>label7.Type" non è consentito e verrà ignorato. [E:\repo\WinHubX\Project\WinHubX\WinHubX.csproj]
Forms\Base\FormMonitoraggio.resx : warning MSB3568: il nome di risorsa duplicato ">>label7.Parent" non è consentito e verrà ignorato. [E:\repo\WinHubX\Project\WinHubX\WinHubX.csproj]
Forms\Base\FormMonitoraggio.resx : warning MSB3568: il nome di risorsa duplicato ">>label7.ZOrder" non è consentito e verrà ignorato. [E:\repo\WinHubX\Project\WinHubX\WinHubX.csproj]
Forms\Base\FormMonitoraggio.resx : warning MSB3568: il nome di risorsa duplicato ">>label6.Name" non è consentito e verrà ignorato. [E:\repo\WinHubX\Project\WinHubX\WinHubX.csproj]
Forms\Base\FormMonitoraggio.resx : warning MSB3568: il nome di risorsa duplicato ">>label6.Type" non è consentito e verrà ignorato. [E:\repo\WinHubX\Project\WinHubX\WinHubX.csproj]
Forms\Base\FormMonitoraggio.resx : warning MSB3568: il nome di risorsa duplicato ">>label6.Parent" non è consentito e verrà ignorato. [E:\repo\WinHubX\Project\WinHubX\WinHubX.csproj]
Forms\Base\FormMonitoraggio.resx : warning MSB3568: il nome di risorsa duplicato ">>label6.ZOrder" non è consentito e verrà ignorato. [E:\repo\WinHubX\Project\WinHubX\WinHubX.csproj]
Forms\Base\FormMonitoraggio.resx : warning MSB3568: il nome di risorsa duplicato ">>label5.Name" non è consentito e verrà ignorato. [E:\repo\WinHubX\Project\WinHubX\WinHubX.csproj]
Forms\Base\FormMonitoraggio.resx : warning MSB3568: il nome di risorsa duplicato ">>label5.Type" non è consentito e verrà ignorato. [E:\repo\WinHubX\Project\WinHubX\WinHubX.csproj]
Forms\Base\FormMonitoraggio.resx : warning MSB3568: il nome di risorsa duplicato ">>label5.Parent" non è consentito e verrà ignorato. [E:\repo\WinHubX\Project\WinHubX\WinHubX.csproj]
Forms\Base\FormMonitoraggio.resx : warning MSB3568: il nome di risorsa duplicato ">>label5.ZOrder" non è consentito e verrà ignorato. [E:\repo\WinHubX\Project\WinHubX\WinHubX.csproj]
Forms\Base\FormMonitoraggio.resx : warning MSB3568: il nome di risorsa duplicato ">>btnPulisciCPU.Name" non è consentito e verrà ignorato. [E:\repo\WinHubX\Project\WinHubX\WinHubX.csproj]
Forms\Base\FormMonitoraggio.resx : warning MSB3568: il nome di risorsa duplicato ">>btnPulisciCPU.Type" non è consentito e verrà ignorato. [E:\repo\WinHubX\Project\WinHubX\WinHubX.csproj]
Forms\Base\FormMonitoraggio.resx : warning MSB3568: il nome di risorsa duplicato ">>btnPulisciCPU.Parent" non è consentito e verrà ignorato. [E:\repo\WinHubX\Project\WinHubX\WinHubX.csproj]
Forms\Base\FormMonitoraggio.resx : warning MSB3568: il nome di risorsa duplicato ">>btnPulisciCPU.ZOrder" non è consentito e verrà ignorato. [E:\repo\WinHubX\Project\WinHubX\WinHubX.csproj]
Forms\Base\FormMonitoraggio.resx : warning MSB3568: il nome di risorsa duplicato ">>labelCpuTemp.Name" non è consentito e verrà ignorato. [E:\repo\WinHubX\Project\WinHubX\WinHubX.csproj]
Forms\Base\FormMonitoraggio.resx : warning MSB3568: il nome di risorsa duplicato ">>labelCpuTemp.Type" non è consentito e verrà ignorato. [E:\repo\WinHubX\Project\WinHubX\WinHubX.csproj]
Forms\Base\FormMonitoraggio.resx : warning MSB3568: il nome di risorsa duplicato ">>labelCpuTemp.Parent" non è consentito e verrà ignorato. [E:\repo\WinHubX\Project\WinHubX\WinHubX.csproj]
Forms\Base\FormMonitoraggio.resx : warning MSB3568: il nome di risorsa duplicato ">>labelCpuTemp.ZOrder" non è consentito e verrà ignorato. [E:\repo\WinHubX\Project\WinHubX\WinHubX.csproj]
Forms\Base\FormMonitoraggio.resx : warning MSB3568: il nome di risorsa duplicato ">>BarCPUtext.Name" non è consentito e verrà ignorato. [E:\repo\WinHubX\Project\WinHubX\WinHubX.csproj]
Forms\Base\FormMonitoraggio.resx : warning MSB3568: il nome di risorsa duplicato ">>BarCPUtext.Type" non è consentito e verrà ignorato. [E:\repo\WinHubX\Project\WinHubX\WinHubX.csproj]
Forms\Base\FormMonitoraggio.resx : warning MSB3568: il nome di risorsa duplicato ">>BarCPUtext.Parent" non è consentito e verrà ignorato. [E:\repo\WinHubX\Project\WinHubX\WinHubX.csproj]
Forms\Base\FormMonitoraggio.resx : warning MSB3568: il nome di risorsa duplicato ">>BarCPUtext.ZOrder" non è consentito e verrà ignorato. [E:\repo\WinHubX\Project\WinHubX\WinHubX.csproj]
Forms\Base\FormMonitoraggio.resx : warning MSB3568: il nome di risorsa duplicato ">>pic_termcpu.Name" non è consentito e verrà ignorato. [E:\repo\WinHubX\Project\WinHubX\WinHubX.csproj]
Forms\Base\FormMonitoraggio.resx : warning MSB3568: il nome di risorsa duplicato ">>pic_termcpu.Type" non è consentito e verrà ignorato. [E:\repo\WinHubX\Project\WinHubX\WinHubX.csproj]
Forms\Base\FormMonitoraggio.resx : warning MSB3568: il nome di risorsa duplicato ">>pic_termcpu.Parent" non è consentito e verrà ignorato. [E:\repo\WinHubX\Project\WinHubX\WinHubX.csproj]
Forms\Base\FormMonitoraggio.resx : warning MSB3568: il nome di risorsa duplicato ">>pic_termcpu.ZOrder" non è consentito e verrà ignorato. [E:\repo\WinHubX\Project\WinHubX\WinHubX.csproj]
Forms\Base\FormMonitoraggio.resx : warning MSB3568: il nome di risorsa duplicato ">>BarCPU.Name" non è consentito e verrà ignorato. [E:\repo\WinHubX\Project\WinHubX\WinHubX.csproj]
Forms\Base\FormMonitoraggio.resx : warning MSB3568: il nome di risorsa duplicato ">>BarCPU.Type" non è consentito e verrà ignorato. [E:\repo\WinHubX\Project\WinHubX\WinHubX.csproj]
Forms\Base\FormMonitoraggio.resx : warning MSB3568: il nome di risorsa duplicato ">>BarCPU.Parent" non è consentito e verrà ignorato. [E:\repo\WinHubX\Project\WinHubX\WinHubX.csproj]
Forms\Base\FormMonitoraggio.resx : warning MSB3568: il nome di risorsa duplicato ">>BarCPU.ZOrder" non è consentito e verrà ignorato. [E:\repo\WinHubX\Project\WinHubX\WinHubX.csproj]
Forms\Base\FormMonitoraggio.resx : warning MSB3568: il nome di risorsa duplicato ">>label1.Name" non è consentito e verrà ignorato. [E:\repo\WinHubX\Project\WinHubX\WinHubX.csproj]
Forms\Base\FormMonitoraggio.resx : warning MSB3568: il nome di risorsa duplicato ">>label1.Type" non è consentito e verrà ignorato. [E:\repo\WinHubX\Project\WinHubX\WinHubX.csproj]
Forms\Base\FormMonitoraggio.resx : warning MSB3568: il nome di risorsa duplicato ">>label1.Parent" non è consentito e verrà ignorato. [E:\repo\WinHubX\Project\WinHubX\WinHubX.csproj]
Forms\Base\FormMonitoraggio.resx : warning MSB3568: il nome di risorsa duplicato ">>label1.ZOrder" non è consentito e verrà ignorato. [E:\repo\WinHubX\Project\WinHubX\WinHubX.csproj]
Forms\Base\FormMonitoraggio.resx : warning MSB3568: il nome di risorsa duplicato ">>label4.Name" non è consentito e verrà ignorato. [E:\repo\WinHubX\Project\WinHubX\WinHubX.csproj]
Forms\Base\FormMonitoraggio.resx : warning MSB3568: il nome di risorsa duplicato ">>label4.Type" non è consentito e verrà ignorato. [E:\repo\WinHubX\Project\WinHubX\WinHubX.csproj]
Forms\Base\FormMonitoraggio.resx : warning MSB3568: il nome di risorsa duplicato ">>label4.Parent" non è consentito e verrà ignorato. [E:\repo\WinHubX\Project\WinHubX\WinHubX.csproj]
Forms\Base\FormMonitoraggio.resx : warning MSB3568: il nome di risorsa duplicato ">>label4.ZOrder" non è consentito e verrà ignorato. [E:\repo\WinHubX\Project\WinHubX\WinHubX.csproj]
Forms\Base\FormMonitoraggio.resx : warning MSB3568: il nome di risorsa duplicato ">>limiteRAM.Name" non è consentito e verrà ignorato. [E:\repo\WinHubX\Project\WinHubX\WinHubX.csproj]
Forms\Base\FormMonitoraggio.resx : warning MSB3568: il nome di risorsa duplicato ">>limiteRAM.Type" non è consentito e verrà ignorato. [E:\repo\WinHubX\Project\WinHubX\WinHubX.csproj]
Forms\Base\FormMonitoraggio.resx : warning MSB3568: il nome di risorsa duplicato ">>limiteRAM.Parent" non è consentito e verrà ignorato. [E:\repo\WinHubX\Project\WinHubX\WinHubX.csproj]
Forms\Base\FormMonitoraggio.resx : warning MSB3568: il nome di risorsa duplicato ">>limiteRAM.ZOrder" non è consentito e verrà ignorato. [E:\repo\WinHubX\Project\WinHubX\WinHubX.csproj]
Forms\Base\FormMonitoraggio.resx : warning MSB3568: il nome di risorsa duplicato ">>puliziaautomaticRAM.Name" non è consentito e verrà ignorato. [E:\repo\WinHubX\Project\WinHubX\WinHubX.csproj]
Forms\Base\FormMonitoraggio.resx : warning MSB3568: il nome di risorsa duplicato ">>puliziaautomaticRAM.Type" non è consentito e verrà ignorato. [E:\repo\WinHubX\Project\WinHubX\WinHubX.csproj]
Forms\Base\FormMonitoraggio.resx : warning MSB3568: il nome di risorsa duplicato ">>puliziaautomaticRAM.Parent" non è consentito e verrà ignorato. [E:\repo\WinHubX\Project\WinHubX\WinHubX.csproj]
Forms\Base\FormMonitoraggio.resx : warning MSB3568: il nome di risorsa duplicato ">>puliziaautomaticRAM.ZOrder" non è consentito e verrà ignorato. [E:\repo\WinHubX\Project\WinHubX\WinHubX.csproj]
Forms\Base\FormMonitoraggio.resx : warning MSB3568: il nome di risorsa duplicato ">>label8.Name" non è consentito e verrà ignorato. [E:\repo\WinHubX\Project\WinHubX\WinHubX.csproj]
Forms\Base\FormMonitoraggio.resx : warning MSB3568: il nome di risorsa duplicato ">>label8.Type" non è consentito e verrà ignorato. [E:\repo\WinHubX\Project\WinHubX\WinHubX.csproj]
Forms\Base\FormMonitoraggio.resx : warning MSB3568: il nome di risorsa duplicato ">>label8.Parent" non è consentito e verrà ignorato. [E:\repo\WinHubX\Project\WinHubX\WinHubX.csproj]
Forms\Base\FormMonitoraggio.resx : warning MSB3568: il nome di risorsa duplicato ">>label8.ZOrder" non è consentito e verrà ignorato. [E:\repo\WinHubX\Project\WinHubX\WinHubX.csproj]
Forms\Base\FormMonitoraggio.resx : warning MSB3568: il nome di risorsa duplicato ">>label9.Name" non è consentito e verrà ignorato. [E:\repo\WinHubX\Project\WinHubX\WinHubX.csproj]
Forms\Base\FormMonitoraggio.resx : warning MSB3568: il nome di risorsa duplicato ">>label9.Type" non è consentito e verrà ignorato. [E:\repo\WinHubX\Project\WinHubX\WinHubX.csproj]
Forms\Base\FormMonitoraggio.resx : warning MSB3568: il nome di risorsa duplicato ">>label9.Parent" non è consentito e verrà ignorato. [E:\repo\WinHubX\Project\WinHubX\WinHubX.csproj]
Forms\Base\FormMonitoraggio.resx : warning MSB3568: il nome di risorsa duplicato ">>label9.ZOrder" non è consentito e verrà ignorato. [E:\repo\WinHubX\Project\WinHubX\WinHubX.csproj]
Forms\Base\FormMonitoraggio.resx : warning MSB3568: il nome di risorsa duplicato ">>label10.Name" non è consentito e verrà ignorato. [E:\repo\WinHubX\Project\WinHubX\WinHubX.csproj]
Forms\Base\FormMonitoraggio.resx : warning MSB3568: il nome di risorsa duplicato ">>label10.Type" non è consentito e verrà ignorato. [E:\repo\WinHubX\Project\WinHubX\WinHubX.csproj]
Forms\Base\FormMonitoraggio.resx : warning MSB3568: il nome di risorsa duplicato ">>label10.Parent" non è consentito e verrà ignorato. [E:\repo\WinHubX\Project\WinHubX\WinHubX.csproj]
Forms\Base\FormMonitoraggio.resx : warning MSB3568: il nome di risorsa duplicato ">>label10.ZOrder" non è consentito e verrà ignorato. [E:\repo\WinHubX\Project\WinHubX\WinHubX.csproj]
Forms\Base\FormMonitoraggio.resx : warning MSB3568: il nome di risorsa duplicato ">>btnPulisciRam.Name" non è consentito e verrà ignorato. [E:\repo\WinHubX\Project\WinHubX\WinHubX.csproj]
Forms\Base\FormMonitoraggio.resx : warning MSB3568: il nome di risorsa duplicato ">>btnPulisciRam.Type" non è consentito e verrà ignorato. [E:\repo\WinHubX\Project\WinHubX\WinHubX.csproj]
Forms\Base\FormMonitoraggio.resx : warning MSB3568: il nome di risorsa duplicato ">>btnPulisciRam.Parent" non è consentito e verrà ignorato. [E:\repo\WinHubX\Project\WinHubX\WinHubX.csproj]
Forms\Base\FormMonitoraggio.resx : warning MSB3568: il nome di risorsa duplicato ">>btnPulisciRam.ZOrder" non è consentito e verrà ignorato. [E:\repo\WinHubX\Project\WinHubX\WinHubX.csproj]
Forms\Base\FormMonitoraggio.resx : warning MSB3568: il nome di risorsa duplicato ">>BarRAMtext.Name" non è consentito e verrà ignorato. [E:\repo\WinHubX\Project\WinHubX\WinHubX.csproj]
Forms\Base\FormMonitoraggio.resx : warning MSB3568: il nome di risorsa duplicato ">>BarRAMtext.Type" non è consentito e verrà ignorato. [E:\repo\WinHubX\Project\WinHubX\WinHubX.csproj]
Forms\Base\FormMonitoraggio.resx : warning MSB3568: il nome di risorsa duplicato ">>BarRAMtext.Parent" non è consentito e verrà ignorato. [E:\repo\WinHubX\Project\WinHubX\WinHubX.csproj]
Forms\Base\FormMonitoraggio.resx : warning MSB3568: il nome di risorsa duplicato ">>BarRAMtext.ZOrder" non è consentito e verrà ignorato. [E:\repo\WinHubX\Project\WinHubX\WinHubX.csproj]
Forms\Base\FormMonitoraggio.resx : warning MSB3568: il nome di risorsa duplicato ">>BarRAM.Name" non è consentito e verrà ignorato. [E:\repo\WinHubX\Project\WinHubX\WinHubX.csproj]
Forms\Base\FormMonitoraggio.resx : warning MSB3568: il nome di risorsa duplicato ">>BarRAM.Type" non è consentito e verrà ignorato. [E:\repo\WinHubX\Project\WinHubX\WinHubX.csproj]
Forms\Base\FormMonitoraggio.resx : warning MSB3568: il nome di risorsa duplicato ">>BarRAM.Parent" non è consentito e verrà ignorato. [E:\repo\WinHubX\Project\WinHubX\WinHubX.csproj]
Forms\Base\FormMonitoraggio.resx : warning MSB3568: il nome di risorsa duplicato ">>BarRAM.ZOrder" non è consentito e verrà ignorato. [E:\repo\WinHubX\Project\WinHubX\WinHubX.csproj]
Forms\Base\FormMonitoraggio.resx : warning MSB3568: il nome di risorsa duplicato ">>label14.Name" non è consentito e verrà ignorato. [E:\repo\WinHubX\Project\WinHubX\WinHubX.csproj]
Forms\Base\FormMonitoraggio.resx : warning MSB3568: il nome di risorsa duplicato ">>label14.Type" non è consentito e verrà ignorato. [E:\repo\WinHubX\Project\WinHubX\WinHubX.csproj]
Forms\Base\FormMonitoraggio.resx : warning MSB3568: il nome di risorsa duplicato ">>label14.Parent" non è consentito e verrà ignorato. [E:\repo\WinHubX\Project\WinHubX\WinHubX.csproj]
Forms\Base\FormMonitoraggio.resx : warning MSB3568: il nome di risorsa duplicato ">>label14.ZOrder" non è consentito e verrà ignorato. [E:\repo\WinHubX\Project\WinHubX\WinHubX.csproj]
Forms\Base\FormMonitoraggio.resx : warning MSB3568: il nome di risorsa duplicato ">>label22.Name" non è consentito e verrà ignorato. [E:\repo\WinHubX\Project\WinHubX\WinHubX.csproj]
Forms\Base\FormMonitoraggio.resx : warning MSB3568: il nome di risorsa duplicato ">>label22.Type" non è consentito e verrà ignorato. [E:\repo\WinHubX\Project\WinHubX\WinHubX.csproj]
Forms\Base\FormMonitoraggio.resx : warning MSB3568: il nome di risorsa duplicato ">>label22.Parent" non è consentito e verrà ignorato. [E:\repo\WinHubX\Project\WinHubX\WinHubX.csproj]
Forms\Base\FormMonitoraggio.resx : warning MSB3568: il nome di risorsa duplicato ">>label22.ZOrder" non è consentito e verrà ignorato. [E:\repo\WinHubX\Project\WinHubX\WinHubX.csproj]
Forms\Base\FormMonitoraggio.resx : warning MSB3568: il nome di risorsa duplicato ">>label23.Name" non è consentito e verrà ignorato. [E:\repo\WinHubX\Project\WinHubX\WinHubX.csproj]
Forms\Base\FormMonitoraggio.resx : warning MSB3568: il nome di risorsa duplicato ">>label23.Type" non è consentito e verrà ignorato. [E:\repo\WinHubX\Project\WinHubX\WinHubX.csproj]
Forms\Base\FormMonitoraggio.resx : warning MSB3568: il nome di risorsa duplicato ">>label23.Parent" non è consentito e verrà ignorato. [E:\repo\WinHubX\Project\WinHubX\WinHubX.csproj]
Forms\Base\FormMonitoraggio.resx : warning MSB3568: il nome di risorsa duplicato ">>label23.ZOrder" non è consentito e verrà ignorato. [E:\repo\WinHubX\Project\WinHubX\WinHubX.csproj]
Forms\Base\FormMonitoraggio.resx : warning MSB3568: il nome di risorsa duplicato ">>cuiSwitch_gputemperatura.Name" non è consentito e verrà ignorato. [E:\repo\WinHubX\Project\WinHubX\WinHubX.csproj]
Forms\Base\FormMonitoraggio.resx : warning MSB3568: il nome di risorsa duplicato ">>cuiSwitch_gputemperatura.Type" non è consentito e verrà ignorato. [E:\repo\WinHubX\Project\WinHubX\WinHubX.csproj]
Forms\Base\FormMonitoraggio.resx : warning MSB3568: il nome di risorsa duplicato ">>cuiSwitch_gputemperatura.Parent" non è consentito e verrà ignorato. [E:\repo\WinHubX\Project\WinHubX\WinHubX.csproj]
Forms\Base\FormMonitoraggio.resx : warning MSB3568: il nome di risorsa duplicato ">>cuiSwitch_gputemperatura.ZOrder" non è consentito e verrà ignorato. [E:\repo\WinHubX\Project\WinHubX\WinHubX.csproj]
Forms\Base\FormMonitoraggio.resx : warning MSB3568: il nome di risorsa duplicato ">>label2.Name" non è consentito e verrà ignorato. [E:\repo\WinHubX\Project\WinHubX\WinHubX.csproj]
Forms\Base\FormMonitoraggio.resx : warning MSB3568: il nome di risorsa duplicato ">>label2.Type" non è consentito e verrà ignorato. [E:\repo\WinHubX\Project\WinHubX\WinHubX.csproj]
Forms\Base\FormMonitoraggio.resx : warning MSB3568: il nome di risorsa duplicato ">>label2.Parent" non è consentito e verrà ignorato. [E:\repo\WinHubX\Project\WinHubX\WinHubX.csproj]
Forms\Base\FormMonitoraggio.resx : warning MSB3568: il nome di risorsa duplicato ">>label2.ZOrder" non è consentito e verrà ignorato. [E:\repo\WinHubX\Project\WinHubX\WinHubX.csproj]
Forms\Base\FormMonitoraggio.resx : warning MSB3568: il nome di risorsa duplicato ">>BarGPUtext.Name" non è consentito e verrà ignorato. [E:\repo\WinHubX\Project\WinHubX\WinHubX.csproj]
Forms\Base\FormMonitoraggio.resx : warning MSB3568: il nome di risorsa duplicato ">>BarGPUtext.Type" non è consentito e verrà ignorato. [E:\repo\WinHubX\Project\WinHubX\WinHubX.csproj]
Forms\Base\FormMonitoraggio.resx : warning MSB3568: il nome di risorsa duplicato ">>BarGPUtext.Parent" non è consentito e verrà ignorato. [E:\repo\WinHubX\Project\WinHubX\WinHubX.csproj]
Forms\Base\FormMonitoraggio.resx : warning MSB3568: il nome di risorsa duplicato ">>BarGPUtext.ZOrder" non è consentito e verrà ignorato. [E:\repo\WinHubX\Project\WinHubX\WinHubX.csproj]
Forms\Base\FormMonitoraggio.resx : warning MSB3568: il nome di risorsa duplicato ">>BarGPU.Name" non è consentito e verrà ignorato. [E:\repo\WinHubX\Project\WinHubX\WinHubX.csproj]
Forms\Base\FormMonitoraggio.resx : warning MSB3568: il nome di risorsa duplicato ">>BarGPU.Type" non è consentito e verrà ignorato. [E:\repo\WinHubX\Project\WinHubX\WinHubX.csproj]
Forms\Base\FormMonitoraggio.resx : warning MSB3568: il nome di risorsa duplicato ">>BarGPU.Parent" non è consentito e verrà ignorato. [E:\repo\WinHubX\Project\WinHubX\WinHubX.csproj]
Forms\Base\FormMonitoraggio.resx : warning MSB3568: il nome di risorsa duplicato ">>BarGPU.ZOrder" non è consentito e verrà ignorato. [E:\repo\WinHubX\Project\WinHubX\WinHubX.csproj]
Forms\Base\FormMonitoraggio.resx : warning MSB3568: il nome di risorsa duplicato ">>labelGpuTemp.Name" non è consentito e verrà ignorato. [E:\repo\WinHubX\Project\WinHubX\WinHubX.csproj]
Forms\Base\FormMonitoraggio.resx : warning MSB3568: il nome di risorsa duplicato ">>labelGpuTemp.Type" non è consentito e verrà ignorato. [E:\repo\WinHubX\Project\WinHubX\WinHubX.csproj]
Forms\Base\FormMonitoraggio.resx : warning MSB3568: il nome di risorsa duplicato ">>labelGpuTemp.Parent" non è consentito e verrà ignorato. [E:\repo\WinHubX\Project\WinHubX\WinHubX.csproj]
Forms\Base\FormMonitoraggio.resx : warning MSB3568: il nome di risorsa duplicato ">>labelGpuTemp.ZOrder" non è consentito e verrà ignorato. [E:\repo\WinHubX\Project\WinHubX\WinHubX.csproj]
Forms\Base\FormMonitoraggio.resx : warning MSB3568: il nome di risorsa duplicato ">>pic_termgpu.Name" non è consentito e verrà ignorato. [E:\repo\WinHubX\Project\WinHubX\WinHubX.csproj]
Forms\Base\FormMonitoraggio.resx : warning MSB3568: il nome di risorsa duplicato ">>pic_termgpu.Type" non è consentito e verrà ignorato. [E:\repo\WinHubX\Project\WinHubX\WinHubX.csproj]
Forms\Base\FormMonitoraggio.resx : warning MSB3568: il nome di risorsa duplicato ">>pic_termgpu.Parent" non è consentito e verrà ignorato. [E:\repo\WinHubX\Project\WinHubX\WinHubX.csproj]
Forms\Base\FormMonitoraggio.resx : warning MSB3568: il nome di risorsa duplicato ">>pic_termgpu.ZOrder" non è consentito e verrà ignorato. [E:\repo\WinHubX\Project\WinHubX\WinHubX.csproj]
Forms\Base\FormMonitoraggio.resx : warning MSB3568: il nome di risorsa duplicato ">>label19.Name" non è consentito e verrà ignorato. [E:\repo\WinHubX\Project\WinHubX\WinHubX.csproj]
Forms\Base\FormMonitoraggio.resx : warning MSB3568: il nome di risorsa duplicato ">>label19.Type" non è consentito e verrà ignorato. [E:\repo\WinHubX\Project\WinHubX\WinHubX.csproj]
Forms\Base\FormMonitoraggio.resx : warning MSB3568: il nome di risorsa duplicato ">>label19.Parent" non è consentito e verrà ignorato. [E:\repo\WinHubX\Project\WinHubX\WinHubX.csproj]
Forms\Base\FormMonitoraggio.resx : warning MSB3568: il nome di risorsa duplicato ">>label19.ZOrder" non è consentito e verrà ignorato. [E:\repo\WinHubX\Project\WinHubX\WinHubX.csproj]
Forms\Base\FormMonitoraggio.resx : warning MSB3568: il nome di risorsa duplicato ">>label20.Name" non è consentito e verrà ignorato. [E:\repo\WinHubX\Project\WinHubX\WinHubX.csproj]
Forms\Base\FormMonitoraggio.resx : warning MSB3568: il nome di risorsa duplicato ">>label20.Type" non è consentito e verrà ignorato. [E:\repo\WinHubX\Project\WinHubX\WinHubX.csproj]
Forms\Base\FormMonitoraggio.resx : warning MSB3568: il nome di risorsa duplicato ">>label20.Parent" non è consentito e verrà ignorato. [E:\repo\WinHubX\Project\WinHubX\WinHubX.csproj]
Forms\Base\FormMonitoraggio.resx : warning MSB3568: il nome di risorsa duplicato ">>label20.ZOrder" non è consentito e verrà ignorato. [E:\repo\WinHubX\Project\WinHubX\WinHubX.csproj]
Forms\Base\FormMonitoraggio.resx : warning MSB3568: il nome di risorsa duplicato ">>label13.Name" non è consentito e verrà ignorato. [E:\repo\WinHubX\Project\WinHubX\WinHubX.csproj]
Forms\Base\FormMonitoraggio.resx : warning MSB3568: il nome di risorsa duplicato ">>label13.Type" non è consentito e verrà ignorato. [E:\repo\WinHubX\Project\WinHubX\WinHubX.csproj]
Forms\Base\FormMonitoraggio.resx : warning MSB3568: il nome di risorsa duplicato ">>label13.Parent" non è consentito e verrà ignorato. [E:\repo\WinHubX\Project\WinHubX\WinHubX.csproj]
Forms\Base\FormMonitoraggio.resx : warning MSB3568: il nome di risorsa duplicato ">>label13.ZOrder" non è consentito e verrà ignorato. [E:\repo\WinHubX\Project\WinHubX\WinHubX.csproj]
Forms\Base\FormMonitoraggio.resx : warning MSB3568: il nome di risorsa duplicato ">>labelReteUtilizzo.Name" non è consentito e verrà ignorato. [E:\repo\WinHubX\Project\WinHubX\WinHubX.csproj]
Forms\Base\FormMonitoraggio.resx : warning MSB3568: il nome di risorsa duplicato ">>labelReteUtilizzo.Type" non è consentito e verrà ignorato. [E:\repo\WinHubX\Project\WinHubX\WinHubX.csproj]
Forms\Base\FormMonitoraggio.resx : warning MSB3568: il nome di risorsa duplicato ">>labelReteUtilizzo.Parent" non è consentito e verrà ignorato. [E:\repo\WinHubX\Project\WinHubX\WinHubX.csproj]
Forms\Base\FormMonitoraggio.resx : warning MSB3568: il nome di risorsa duplicato ">>labelReteUtilizzo.ZOrder" non è consentito e verrà ignorato. [E:\repo\WinHubX\Project\WinHubX\WinHubX.csproj]
Forms\Base\FormMonitoraggio.resx : warning MSB3568: il nome di risorsa duplicato ">>progressbarRete.Name" non è consentito e verrà ignorato. [E:\repo\WinHubX\Project\WinHubX\WinHubX.csproj]
Forms\Base\FormMonitoraggio.resx : warning MSB3568: il nome di risorsa duplicato ">>progressbarRete.Type" non è consentito e verrà ignorato. [E:\repo\WinHubX\Project\WinHubX\WinHubX.csproj]
Forms\Base\FormMonitoraggio.resx : warning MSB3568: il nome di risorsa duplicato ">>progressbarRete.Parent" non è consentito e verrà ignorato. [E:\repo\WinHubX\Project\WinHubX\WinHubX.csproj]
Forms\Base\FormMonitoraggio.resx : warning MSB3568: il nome di risorsa duplicato ">>progressbarRete.ZOrder" non è consentito e verrà ignorato. [E:\repo\WinHubX\Project\WinHubX\WinHubX.csproj]
Forms\Base\FormMonitoraggio.resx : warning MSB3568: il nome di risorsa duplicato ">>lblDonwload.Name" non è consentito e verrà ignorato. [E:\repo\WinHubX\Project\WinHubX\WinHubX.csproj]
Forms\Base\FormMonitoraggio.resx : warning MSB3568: il nome di risorsa duplicato ">>lblDonwload.Type" non è consentito e verrà ignorato. [E:\repo\WinHubX\Project\WinHubX\WinHubX.csproj]
Forms\Base\FormMonitoraggio.resx : warning MSB3568: il nome di risorsa duplicato ">>lblDonwload.Parent" non è consentito e verrà ignorato. [E:\repo\WinHubX\Project\WinHubX\WinHubX.csproj]
Forms\Base\FormMonitoraggio.resx : warning MSB3568: il nome di risorsa duplicato ">>lblDonwload.ZOrder" non è consentito e verrà ignorato. [E:\repo\WinHubX\Project\WinHubX\WinHubX.csproj]
Forms\Base\FormMonitoraggio.resx : warning MSB3568: il nome di risorsa duplicato ">>lblUpload.Name" non è consentito e verrà ignorato. [E:\repo\WinHubX\Project\WinHubX\WinHubX.csproj]
Forms\Base\FormMonitoraggio.resx : warning MSB3568: il nome di risorsa duplicato ">>lblUpload.Type" non è consentito e verrà ignorato. [E:\repo\WinHubX\Project\WinHubX\WinHubX.csproj]
Forms\Base\FormMonitoraggio.resx : warning MSB3568: il nome di risorsa duplicato ">>lblUpload.Parent" non è consentito e verrà ignorato. [E:\repo\WinHubX\Project\WinHubX\WinHubX.csproj]
Forms\Base\FormMonitoraggio.resx : warning MSB3568: il nome di risorsa duplicato ">>lblUpload.ZOrder" non è consentito e verrà ignorato. [E:\repo\WinHubX\Project\WinHubX\WinHubX.csproj]
Forms\Base\FormMonitoraggio.resx : warning MSB3568: il nome di risorsa duplicato ">>labelVelocitaRete.Name" non è consentito e verrà ignorato. [E:\repo\WinHubX\Project\WinHubX\WinHubX.csproj]
Forms\Base\FormMonitoraggio.resx : warning MSB3568: il nome di risorsa duplicato ">>labelVelocitaRete.Type" non è consentito e verrà ignorato. [E:\repo\WinHubX\Project\WinHubX\WinHubX.csproj]
Forms\Base\FormMonitoraggio.resx : warning MSB3568: il nome di risorsa duplicato ">>labelVelocitaRete.Parent" non è consentito e verrà ignorato. [E:\repo\WinHubX\Project\WinHubX\WinHubX.csproj]
Forms\Base\FormMonitoraggio.resx : warning MSB3568: il nome di risorsa duplicato ">>labelVelocitaRete.ZOrder" non è consentito e verrà ignorato. [E:\repo\WinHubX\Project\WinHubX\WinHubX.csproj]
Forms\Base\FormMonitoraggio.resx : warning MSB3568: il nome di risorsa duplicato ">>label15.Name" non è consentito e verrà ignorato. [E:\repo\WinHubX\Project\WinHubX\WinHubX.csproj]
Forms\Base\FormMonitoraggio.resx : warning MSB3568: il nome di risorsa duplicato ">>label15.Type" non è consentito e verrà ignorato. [E:\repo\WinHubX\Project\WinHubX\WinHubX.csproj]
Forms\Base\FormMonitoraggio.resx : warning MSB3568: il nome di risorsa duplicato ">>label15.Parent" non è consentito e verrà ignorato. [E:\repo\WinHubX\Project\WinHubX\WinHubX.csproj]
Forms\Base\FormMonitoraggio.resx : warning MSB3568: il nome di risorsa duplicato ">>label15.ZOrder" non è consentito e verrà ignorato. [E:\repo\WinHubX\Project\WinHubX\WinHubX.csproj]
Forms\Base\FormSettaggi.resx : warning MSB3568: il nome di risorsa duplicato ">>cuiFileDropper1White.Name" non è consentito e verrà ignorato. [E:\repo\WinHubX\Project\WinHubX\WinHubX.csproj]
Forms\Base\FormSettaggi.resx : warning MSB3568: il nome di risorsa duplicato ">>cuiFileDropper1White.Type" non è consentito e verrà ignorato. [E:\repo\WinHubX\Project\WinHubX\WinHubX.csproj]
Forms\Base\FormSettaggi.resx : warning MSB3568: il nome di risorsa duplicato ">>cuiFileDropper1White.Parent" non è consentito e verrà ignorato. [E:\repo\WinHubX\Project\WinHubX\WinHubX.csproj]
Forms\Base\FormSettaggi.resx : warning MSB3568: il nome di risorsa duplicato ">>cuiFileDropper1White.ZOrder" non è consentito e verrà ignorato. [E:\repo\WinHubX\Project\WinHubX\WinHubX.csproj]
Forms\ImpostazioniApp\FormImpostazioniApp.resx : warning MSB3568: il nome di risorsa duplicato ">>pictureBox7.Name" non è consentito e verrà ignorato. [E:\repo\WinHubX\Project\WinHubX\WinHubX.csproj]
Forms\ImpostazioniApp\FormImpostazioniApp.resx : warning MSB3568: il nome di risorsa duplicato ">>pictureBox7.Type" non è consentito e verrà ignorato. [E:\repo\WinHubX\Project\WinHubX\WinHubX.csproj]
Forms\ImpostazioniApp\FormImpostazioniApp.resx : warning MSB3568: il nome di risorsa duplicato ">>pictureBox7.Parent" non è consentito e verrà ignorato. [E:\repo\WinHubX\Project\WinHubX\WinHubX.csproj]
Forms\ImpostazioniApp\FormImpostazioniApp.resx : warning MSB3568: il nome di risorsa duplicato ">>pictureBox7.ZOrder" non è consentito e verrà ignorato. [E:\repo\WinHubX\Project\WinHubX\WinHubX.csproj]
Forms\ImpostazioniApp\FormImpostazioniApp.resx : warning MSB3568: il nome di risorsa duplicato ">>pictureBox6.Name" non è consentito e verrà ignorato. [E:\repo\WinHubX\Project\WinHubX\WinHubX.csproj]
Forms\ImpostazioniApp\FormImpostazioniApp.resx : warning MSB3568: il nome di risorsa duplicato ">>pictureBox6.Type" non è consentito e verrà ignorato. [E:\repo\WinHubX\Project\WinHubX\WinHubX.csproj]
Forms\ImpostazioniApp\FormImpostazioniApp.resx : warning MSB3568: il nome di risorsa duplicato ">>pictureBox6.Parent" non è consentito e verrà ignorato. [E:\repo\WinHubX\Project\WinHubX\WinHubX.csproj]
Forms\ImpostazioniApp\FormImpostazioniApp.resx : warning MSB3568: il nome di risorsa duplicato ">>pictureBox6.ZOrder" non è consentito e verrà ignorato. [E:\repo\WinHubX\Project\WinHubX\WinHubX.csproj]
Forms\ImpostazioniApp\FormImpostazioniApp.resx : warning MSB3568: il nome di risorsa duplicato ">>pictureBox2.Name" non è consentito e verrà ignorato. [E:\repo\WinHubX\Project\WinHubX\WinHubX.csproj]
Forms\ImpostazioniApp\FormImpostazioniApp.resx : warning MSB3568: il nome di risorsa duplicato ">>pictureBox2.Type" non è consentito e verrà ignorato. [E:\repo\WinHubX\Project\WinHubX\WinHubX.csproj]
Forms\ImpostazioniApp\FormImpostazioniApp.resx : warning MSB3568: il nome di risorsa duplicato ">>pictureBox2.Parent" non è consentito e verrà ignorato. [E:\repo\WinHubX\Project\WinHubX\WinHubX.csproj]
Forms\ImpostazioniApp\FormImpostazioniApp.resx : warning MSB3568: il nome di risorsa duplicato ">>pictureBox2.ZOrder" non è consentito e verrà ignorato. [E:\repo\WinHubX\Project\WinHubX\WinHubX.csproj]
Forms\ImpostazioniApp\FormImpostazioniApp.resx : warning MSB3568: il nome di risorsa duplicato ">>label8.Name" non è consentito e verrà ignorato. [E:\repo\WinHubX\Project\WinHubX\WinHubX.csproj]
Forms\ImpostazioniApp\FormImpostazioniApp.resx : warning MSB3568: il nome di risorsa duplicato ">>label8.Type" non è consentito e verrà ignorato. [E:\repo\WinHubX\Project\WinHubX\WinHubX.csproj]
Forms\ImpostazioniApp\FormImpostazioniApp.resx : warning MSB3568: il nome di risorsa duplicato ">>label8.Parent" non è consentito e verrà ignorato. [E:\repo\WinHubX\Project\WinHubX\WinHubX.csproj]
Forms\ImpostazioniApp\FormImpostazioniApp.resx : warning MSB3568: il nome di risorsa duplicato ">>label8.ZOrder" non è consentito e verrà ignorato. [E:\repo\WinHubX\Project\WinHubX\WinHubX.csproj]
Forms\ImpostazioniApp\FormImpostazioniApp.resx : warning MSB3568: il nome di risorsa duplicato ">>pictureBox10.Name" non è consentito e verrà ignorato. [E:\repo\WinHubX\Project\WinHubX\WinHubX.csproj]
Forms\ImpostazioniApp\FormImpostazioniApp.resx : warning MSB3568: il nome di risorsa duplicato ">>pictureBox10.Type" non è consentito e verrà ignorato. [E:\repo\WinHubX\Project\WinHubX\WinHubX.csproj]
Forms\ImpostazioniApp\FormImpostazioniApp.resx : warning MSB3568: il nome di risorsa duplicato ">>pictureBox10.Parent" non è consentito e verrà ignorato. [E:\repo\WinHubX\Project\WinHubX\WinHubX.csproj]
Forms\ImpostazioniApp\FormImpostazioniApp.resx : warning MSB3568: il nome di risorsa duplicato ">>pictureBox10.ZOrder" non è consentito e verrà ignorato. [E:\repo\WinHubX\Project\WinHubX\WinHubX.csproj]
Forms\ImpostazioniApp\FormImpostazioniApp.resx : warning MSB3568: il nome di risorsa duplicato ">>pictureBox5.Name" non è consentito e verrà ignorato. [E:\repo\WinHubX\Project\WinHubX\WinHubX.csproj]
Forms\ImpostazioniApp\FormImpostazioniApp.resx : warning MSB3568: il nome di risorsa duplicato ">>pictureBox5.Type" non è consentito e verrà ignorato. [E:\repo\WinHubX\Project\WinHubX\WinHubX.csproj]
Forms\ImpostazioniApp\FormImpostazioniApp.resx : warning MSB3568: il nome di risorsa duplicato ">>pictureBox5.Parent" non è consentito e verrà ignorato. [E:\repo\WinHubX\Project\WinHubX\WinHubX.csproj]
Forms\ImpostazioniApp\FormImpostazioniApp.resx : warning MSB3568: il nome di risorsa duplicato ">>pictureBox5.ZOrder" non è consentito e verrà ignorato. [E:\repo\WinHubX\Project\WinHubX\WinHubX.csproj]
Forms\ImpostazioniApp\FormImpostazioniApp.resx : warning MSB3568: il nome di risorsa duplicato ">>pictureBox4.Name" non è consentito e verrà ignorato. [E:\repo\WinHubX\Project\WinHubX\WinHubX.csproj]
Forms\ImpostazioniApp\FormImpostazioniApp.resx : warning MSB3568: il nome di risorsa duplicato ">>pictureBox4.Type" non è consentito e verrà ignorato. [E:\repo\WinHubX\Project\WinHubX\WinHubX.csproj]
Forms\ImpostazioniApp\FormImpostazioniApp.resx : warning MSB3568: il nome di risorsa duplicato ">>pictureBox4.Parent" non è consentito e verrà ignorato. [E:\repo\WinHubX\Project\WinHubX\WinHubX.csproj]
Forms\ImpostazioniApp\FormImpostazioniApp.resx : warning MSB3568: il nome di risorsa duplicato ">>pictureBox4.ZOrder" non è consentito e verrà ignorato. [E:\repo\WinHubX\Project\WinHubX\WinHubX.csproj]
Forms\ImpostazioniApp\FormImpostazioniApp.resx : warning MSB3568: il nome di risorsa duplicato ">>pictureBox3.Name" non è consentito e verrà ignorato. [E:\repo\WinHubX\Project\WinHubX\WinHubX.csproj]
Forms\ImpostazioniApp\FormImpostazioniApp.resx : warning MSB3568: il nome di risorsa duplicato ">>pictureBox3.Type" non è consentito e verrà ignorato. [E:\repo\WinHubX\Project\WinHubX\WinHubX.csproj]
Forms\ImpostazioniApp\FormImpostazioniApp.resx : warning MSB3568: il nome di risorsa duplicato ">>pictureBox3.Parent" non è consentito e verrà ignorato. [E:\repo\WinHubX\Project\WinHubX\WinHubX.csproj]
Forms\ImpostazioniApp\FormImpostazioniApp.resx : warning MSB3568: il nome di risorsa duplicato ">>pictureBox3.ZOrder" non è consentito e verrà ignorato. [E:\repo\WinHubX\Project\WinHubX\WinHubX.csproj]
Forms\ImpostazioniApp\FormImpostazioniApp.resx : warning MSB3568: il nome di risorsa duplicato ">>radioButton_sistemalingua.Name" non è consentito e verrà ignorato. [E:\repo\WinHubX\Project\WinHubX\WinHubX.csproj]
Forms\ImpostazioniApp\FormImpostazioniApp.resx : warning MSB3568: il nome di risorsa duplicato ">>radioButton_sistemalingua.Type" non è consentito e verrà ignorato. [E:\repo\WinHubX\Project\WinHubX\WinHubX.csproj]
Forms\ImpostazioniApp\FormImpostazioniApp.resx : warning MSB3568: il nome di risorsa duplicato ">>radioButton_sistemalingua.Parent" non è consentito e verrà ignorato. [E:\repo\WinHubX\Project\WinHubX\WinHubX.csproj]
Forms\ImpostazioniApp\FormImpostazioniApp.resx : warning MSB3568: il nome di risorsa duplicato ">>radioButton_sistemalingua.ZOrder" non è consentito e verrà ignorato. [E:\repo\WinHubX\Project\WinHubX\WinHubX.csproj]
Forms\ImpostazioniApp\FormImpostazioniApp.resx : warning MSB3568: il nome di risorsa duplicato ">>radioButton_ingleselingua.Name" non è consentito e verrà ignorato. [E:\repo\WinHubX\Project\WinHubX\WinHubX.csproj]
Forms\ImpostazioniApp\FormImpostazioniApp.resx : warning MSB3568: il nome di risorsa duplicato ">>radioButton_ingleselingua.Type" non è consentito e verrà ignorato. [E:\repo\WinHubX\Project\WinHubX\WinHubX.csproj]
Forms\ImpostazioniApp\FormImpostazioniApp.resx : warning MSB3568: il nome di risorsa duplicato ">>radioButton_ingleselingua.Parent" non è consentito e verrà ignorato. [E:\repo\WinHubX\Project\WinHubX\WinHubX.csproj]
Forms\ImpostazioniApp\FormImpostazioniApp.resx : warning MSB3568: il nome di risorsa duplicato ">>radioButton_ingleselingua.ZOrder" non è consentito e verrà ignorato. [E:\repo\WinHubX\Project\WinHubX\WinHubX.csproj]
Forms\ImpostazioniApp\FormImpostazioniApp.resx : warning MSB3568: il nome di risorsa duplicato ">>label1.Name" non è consentito e verrà ignorato. [E:\repo\WinHubX\Project\WinHubX\WinHubX.csproj]
Forms\ImpostazioniApp\FormImpostazioniApp.resx : warning MSB3568: il nome di risorsa duplicato ">>label1.Type" non è consentito e verrà ignorato. [E:\repo\WinHubX\Project\WinHubX\WinHubX.csproj]
Forms\ImpostazioniApp\FormImpostazioniApp.resx : warning MSB3568: il nome di risorsa duplicato ">>label1.Parent" non è consentito e verrà ignorato. [E:\repo\WinHubX\Project\WinHubX\WinHubX.csproj]
Forms\ImpostazioniApp\FormImpostazioniApp.resx : warning MSB3568: il nome di risorsa duplicato ">>label1.ZOrder" non è consentito e verrà ignorato. [E:\repo\WinHubX\Project\WinHubX\WinHubX.csproj]
Forms\ImpostazioniApp\FormImpostazioniApp.resx : warning MSB3568: il nome di risorsa duplicato ">>radioButton_italianolinuga.Name" non è consentito e verrà ignorato. [E:\repo\WinHubX\Project\WinHubX\WinHubX.csproj]
Forms\ImpostazioniApp\FormImpostazioniApp.resx : warning MSB3568: il nome di risorsa duplicato ">>radioButton_italianolinuga.Type" non è consentito e verrà ignorato. [E:\repo\WinHubX\Project\WinHubX\WinHubX.csproj]
Forms\ImpostazioniApp\FormImpostazioniApp.resx : warning MSB3568: il nome di risorsa duplicato ">>radioButton_italianolinuga.Parent" non è consentito e verrà ignorato. [E:\repo\WinHubX\Project\WinHubX\WinHubX.csproj]
Forms\ImpostazioniApp\FormImpostazioniApp.resx : warning MSB3568: il nome di risorsa duplicato ">>radioButton_italianolinuga.ZOrder" non è consentito e verrà ignorato. [E:\repo\WinHubX\Project\WinHubX\WinHubX.csproj]
Forms\ImpostazioniApp\FormImpostazioniApp.resx : warning MSB3568: il nome di risorsa duplicato ">>pictureBox1.Name" non è consentito e verrà ignorato. [E:\repo\WinHubX\Project\WinHubX\WinHubX.csproj]
Forms\ImpostazioniApp\FormImpostazioniApp.resx : warning MSB3568: il nome di risorsa duplicato ">>pictureBox1.Type" non è consentito e verrà ignorato. [E:\repo\WinHubX\Project\WinHubX\WinHubX.csproj]
Forms\ImpostazioniApp\FormImpostazioniApp.resx : warning MSB3568: il nome di risorsa duplicato ">>pictureBox1.Parent" non è consentito e verrà ignorato. [E:\repo\WinHubX\Project\WinHubX\WinHubX.csproj]
Forms\ImpostazioniApp\FormImpostazioniApp.resx : warning MSB3568: il nome di risorsa duplicato ">>pictureBox1.ZOrder" non è consentito e verrà ignorato. [E:\repo\WinHubX\Project\WinHubX\WinHubX.csproj]
E:\repo\WinHubX\Project\WinHubX\Program.cs(87,36): warning CS8600: Conversione del valore letterale Null o di un possibile valore Null in un tipo che non ammette i valori Null. [E:\repo\WinHubX\Project\WinHubX\WinHubX.csproj]
E:\repo\WinHubX\Project\WinHubX\Program.cs(9,36): warning CS8618: L'elemento campo 'Config' non nullable deve contenere un valore non Null all'uscita dal costruttore. Prendere in considerazione l'aggiunta del modificatore 'required' o la dichiarazione di campo come nullable. [E:\repo\WinHubX\Project\WinHubX\WinHubX.csproj]
E:\repo\WinHubX\Project\WinHubX\Impostazioni\ThemeManager.cs(307,27): warning CS8600: Conversione del valore letterale Null o di un possibile valore Null in un tipo che non ammette i valori Null. [E:\repo\WinHubX\Project\WinHubX\WinHubX.csproj]
E:\repo\WinHubX\Project\WinHubX\Forms\Settaggi\FormUtility.cs(280,37): warning CS8604: Possibile argomento di riferimento Null per il parametro 'value' in 'void RegistryKey.SetValue(string? name, object value, RegistryValueKind valueKind)'. [E:\repo\WinHubX\Project\WinHubX\WinHubX.csproj]
E:\repo\WinHubX\Project\WinHubX\Forms\Base\FormHome.cs(340,38): warning CS8600: Conversione del valore letterale Null o di un possibile valore Null in un tipo che non ammette i valori Null. [E:\repo\WinHubX\Project\WinHubX\WinHubX.csproj]
E:\repo\WinHubX\Project\WinHubX\Forms\Settaggi\FormUtility.cs(358,45): warning CS8600: Conversione del valore letterale Null o di un possibile valore Null in un tipo che non ammette i valori Null. [E:\repo\WinHubX\Project\WinHubX\WinHubX.csproj]
E:\repo\WinHubX\Project\WinHubX\Forms\Base\FormHome.cs(397,33): warning CS8602: Dereferenziamento di un possibile riferimento Null. [E:\repo\WinHubX\Project\WinHubX\WinHubX.csproj]
E:\repo\WinHubX\Project\WinHubX\Forms\Base\FormHome.cs(545,13): warning CS8601: Possibile assegnazione di riferimento Null. [E:\repo\WinHubX\Project\WinHubX\WinHubX.csproj]
E:\repo\WinHubX\Project\WinHubX\Forms\Base\FormHome.cs(546,13): warning CS8601: Possibile assegnazione di riferimento Null. [E:\repo\WinHubX\Project\WinHubX\WinHubX.csproj]
E:\repo\WinHubX\Project\WinHubX\Forms\Base\FormHome.cs(643,13): warning CS4014: Non è possibile attendere la chiamata, pertanto l'esecuzione del metodo corrente continuerà prima del completamento della chiamata. Provare ad applicare l'operatore 'await' al risultato della chiamata. [E:\repo\WinHubX\Project\WinHubX\WinHubX.csproj]
E:\repo\WinHubX\Project\WinHubX\Forms\CreaISO\FormCreazioneISO.cs(267,113): warning CS8604: Possibile argomento di riferimento Null per il parametro 'progress' in 'void FormCreazioneISO.ExtractDirectory(DiscDirectoryInfo directory, string targetPath, ref int extractedFiles, int totalFiles, IProgress<int> progress, CancellationToken token)'. [E:\repo\WinHubX\Project\WinHubX\WinHubX.csproj]
E:\repo\WinHubX\Project\WinHubX\Forms\Settaggi\FormUtility.cs(386,48): warning CS8600: Conversione del valore letterale Null o di un possibile valore Null in un tipo che non ammette i valori Null. [E:\repo\WinHubX\Project\WinHubX\WinHubX.csproj]
E:\repo\WinHubX\Project\WinHubX\Forms\Settaggi\FormUtility.cs(390,48): warning CS8600: Conversione del valore letterale Null o di un possibile valore Null in un tipo che non ammette i valori Null. [E:\repo\WinHubX\Project\WinHubX\WinHubX.csproj]
E:\repo\WinHubX\Project\WinHubX\Forms\Settaggi\FormUtility.cs(394,50): warning CS8600: Conversione del valore letterale Null o di un possibile valore Null in un tipo che non ammette i valori Null. [E:\repo\WinHubX\Project\WinHubX\WinHubX.csproj]
E:\repo\WinHubX\Project\WinHubX\Forms\Settaggi\FormUtility.cs(402,65): warning CS8600: Conversione del valore letterale Null o di un possibile valore Null in un tipo che non ammette i valori Null. [E:\repo\WinHubX\Project\WinHubX\WinHubX.csproj]
E:\repo\WinHubX\Project\WinHubX\Forms\Settaggi\FormUtility.cs(428,48): warning CS8600: Conversione del valore letterale Null o di un possibile valore Null in un tipo che non ammette i valori Null. [E:\repo\WinHubX\Project\WinHubX\WinHubX.csproj]
E:\repo\WinHubX\Project\WinHubX\Forms\Settaggi\FormUtility.cs(432,48): warning CS8600: Conversione del valore letterale Null o di un possibile valore Null in un tipo che non ammette i valori Null. [E:\repo\WinHubX\Project\WinHubX\WinHubX.csproj]
E:\repo\WinHubX\Project\WinHubX\Forms\Settaggi\FormUtility.cs(436,50): warning CS8600: Conversione del valore letterale Null o di un possibile valore Null in un tipo che non ammette i valori Null. [E:\repo\WinHubX\Project\WinHubX\WinHubX.csproj]
E:\repo\WinHubX\Project\WinHubX\Forms\Settaggi\FormUtility.cs(440,50): warning CS8600: Conversione del valore letterale Null o di un possibile valore Null in un tipo che non ammette i valori Null. [E:\repo\WinHubX\Project\WinHubX\WinHubX.csproj]
E:\repo\WinHubX\Project\WinHubX\Forms\Settaggi\FormUtility.cs(463,48): warning CS8600: Conversione del valore letterale Null o di un possibile valore Null in un tipo che non ammette i valori Null. [E:\repo\WinHubX\Project\WinHubX\WinHubX.csproj]
E:\repo\WinHubX\Project\WinHubX\Forms\Settaggi\FormUtility.cs(468,48): warning CS8600: Conversione del valore letterale Null o di un possibile valore Null in un tipo che non ammette i valori Null. [E:\repo\WinHubX\Project\WinHubX\WinHubX.csproj]
E:\repo\WinHubX\Project\WinHubX\Forms\Settaggi\FormUtility.cs(489,54): warning CS8600: Conversione del valore letterale Null o di un possibile valore Null in un tipo che non ammette i valori Null. [E:\repo\WinHubX\Project\WinHubX\WinHubX.csproj]
E:\repo\WinHubX\Project\WinHubX\Forms\Settaggi\FormUtility.cs(494,54): warning CS8600: Conversione del valore letterale Null o di un possibile valore Null in un tipo che non ammette i valori Null. [E:\repo\WinHubX\Project\WinHubX\WinHubX.csproj]
E:\repo\WinHubX\Project\WinHubX\Forms\Settaggi\FormUtility.cs(498,52): warning CS8600: Conversione del valore letterale Null o di un possibile valore Null in un tipo che non ammette i valori Null. [E:\repo\WinHubX\Project\WinHubX\WinHubX.csproj]
E:\repo\WinHubX\Project\WinHubX\Forms\Settaggi\FormUtility.cs(503,52): warning CS8600: Conversione del valore letterale Null o di un possibile valore Null in un tipo che non ammette i valori Null. [E:\repo\WinHubX\Project\WinHubX\WinHubX.csproj]
E:\repo\WinHubX\Project\WinHubX\Forms\Settaggi\FormUtility.cs(524,61): warning CS8600: Conversione del valore letterale Null o di un possibile valore Null in un tipo che non ammette i valori Null. [E:\repo\WinHubX\Project\WinHubX\WinHubX.csproj]
E:\repo\WinHubX\Project\WinHubX\Forms\Settaggi\FormUtility.cs(529,61): warning CS8600: Conversione del valore letterale Null o di un possibile valore Null in un tipo che non ammette i valori Null. [E:\repo\WinHubX\Project\WinHubX\WinHubX.csproj]
E:\repo\WinHubX\Project\WinHubX\Forms\Settaggi\FormUtility.cs(533,56): warning CS8600: Conversione del valore letterale Null o di un possibile valore Null in un tipo che non ammette i valori Null. [E:\repo\WinHubX\Project\WinHubX\WinHubX.csproj]
E:\repo\WinHubX\Project\WinHubX\Forms\Settaggi\FormUtility.cs(538,56): warning CS8600: Conversione del valore letterale Null o di un possibile valore Null in un tipo che non ammette i valori Null. [E:\repo\WinHubX\Project\WinHubX\WinHubX.csproj]
E:\repo\WinHubX\Project\WinHubX\Forms\Settaggi\FormUtility.cs(561,48): warning CS8600: Conversione del valore letterale Null o di un possibile valore Null in un tipo che non ammette i valori Null. [E:\repo\WinHubX\Project\WinHubX\WinHubX.csproj]
E:\repo\WinHubX\Project\WinHubX\Forms\Settaggi\FormUtility.cs(565,48): warning CS8600: Conversione del valore letterale Null o di un possibile valore Null in un tipo che non ammette i valori Null. [E:\repo\WinHubX\Project\WinHubX\WinHubX.csproj]
E:\repo\WinHubX\Project\WinHubX\Forms\Settaggi\FormUtility.cs(593,21): warning CS8602: Dereferenziamento di un possibile riferimento Null. [E:\repo\WinHubX\Project\WinHubX\WinHubX.csproj]
E:\repo\WinHubX\Project\WinHubX\Forms\Settaggi\FormUtility.cs(658,25): warning CS8602: Dereferenziamento di un possibile riferimento Null. [E:\repo\WinHubX\Project\WinHubX\WinHubX.csproj]
E:\repo\WinHubX\Project\WinHubX\Forms\Settaggi\FormUtility.cs(800,66): warning CS8600: Conversione del valore letterale Null o di un possibile valore Null in un tipo che non ammette i valori Null. [E:\repo\WinHubX\Project\WinHubX\WinHubX.csproj]
E:\repo\WinHubX\Project\WinHubX\Forms\Settaggi\FormUtility.cs(1045,48): warning CS8600: Conversione del valore letterale Null o di un possibile valore Null in un tipo che non ammette i valori Null. [E:\repo\WinHubX\Project\WinHubX\WinHubX.csproj]
E:\repo\WinHubX\Project\WinHubX\Forms\Settaggi\FormUtility.cs(1060,48): warning CS8600: Conversione del valore letterale Null o di un possibile valore Null in un tipo che non ammette i valori Null. [E:\repo\WinHubX\Project\WinHubX\WinHubX.csproj]
E:\repo\WinHubX\Project\WinHubX\Forms\Settaggi\FormUtility.cs(1204,62): warning CS8600: Conversione del valore letterale Null o di un possibile valore Null in un tipo che non ammette i valori Null. [E:\repo\WinHubX\Project\WinHubX\WinHubX.csproj]
E:\repo\WinHubX\Project\WinHubX\Forms\Settaggi\FormUtility.cs(1205,62): warning CS8600: Conversione del valore letterale Null o di un possibile valore Null in un tipo che non ammette i valori Null. [E:\repo\WinHubX\Project\WinHubX\WinHubX.csproj]
E:\repo\WinHubX\Project\WinHubX\Forms\Settaggi\FormUtility.cs(1237,53): warning CS8600: Conversione del valore letterale Null o di un possibile valore Null in un tipo che non ammette i valori Null. [E:\repo\WinHubX\Project\WinHubX\WinHubX.csproj]
E:\repo\WinHubX\Project\WinHubX\Forms\Settaggi\FormUtility.cs(1245,62): warning CS8600: Conversione del valore letterale Null o di un possibile valore Null in un tipo che non ammette i valori Null. [E:\repo\WinHubX\Project\WinHubX\WinHubX.csproj]
E:\repo\WinHubX\Project\WinHubX\Forms\Settaggi\FormUtility.cs(1272,59): warning CS8600: Conversione del valore letterale Null o di un possibile valore Null in un tipo che non ammette i valori Null. [E:\repo\WinHubX\Project\WinHubX\WinHubX.csproj]
E:\repo\WinHubX\Project\WinHubX\Forms\Settaggi\FormUtility.cs(1283,59): warning CS8600: Conversione del valore letterale Null o di un possibile valore Null in un tipo che non ammette i valori Null. [E:\repo\WinHubX\Project\WinHubX\WinHubX.csproj]
E:\repo\WinHubX\Project\WinHubX\Forms\Settaggi\FormUtility.cs(1311,54): warning CS8600: Conversione del valore letterale Null o di un possibile valore Null in un tipo che non ammette i valori Null. [E:\repo\WinHubX\Project\WinHubX\WinHubX.csproj]
E:\repo\WinHubX\Project\WinHubX\Forms\Settaggi\FormUtility.cs(1316,52): warning CS8600: Conversione del valore letterale Null o di un possibile valore Null in un tipo che non ammette i valori Null. [E:\repo\WinHubX\Project\WinHubX\WinHubX.csproj]
E:\repo\WinHubX\Project\WinHubX\Forms\Settaggi\FormUtility.cs(1320,54): warning CS8600: Conversione del valore letterale Null o di un possibile valore Null in un tipo che non ammette i valori Null. [E:\repo\WinHubX\Project\WinHubX\WinHubX.csproj]
E:\repo\WinHubX\Project\WinHubX\Forms\Settaggi\FormUtility.cs(1326,52): warning CS8600: Conversione del valore letterale Null o di un possibile valore Null in un tipo che non ammette i valori Null. [E:\repo\WinHubX\Project\WinHubX\WinHubX.csproj]
E:\repo\WinHubX\Project\WinHubX\Forms\Settaggi\FormUtility.cs(1400,21): warning CS8602: Dereferenziamento di un possibile riferimento Null. [E:\repo\WinHubX\Project\WinHubX\WinHubX.csproj]
E:\repo\WinHubX\Project\WinHubX\Forms\Settaggi\FormUtility.cs(1465,25): warning CS8602: Dereferenziamento di un possibile riferimento Null. [E:\repo\WinHubX\Project\WinHubX\WinHubX.csproj]
E:\repo\WinHubX\Project\WinHubX\Forms\Settaggi\FormUtility.cs(1500,25): warning CS8602: Dereferenziamento di un possibile riferimento Null. [E:\repo\WinHubX\Project\WinHubX\WinHubX.csproj]
E:\repo\WinHubX\Project\WinHubX\Forms\Settaggi\FormUtility.cs(1597,62): warning CS8600: Conversione del valore letterale Null o di un possibile valore Null in un tipo che non ammette i valori Null. [E:\repo\WinHubX\Project\WinHubX\WinHubX.csproj]
E:\repo\WinHubX\Project\WinHubX\Forms\Settaggi\FormUtility.cs(1668,35): warning CS8600: Conversione del valore letterale Null o di un possibile valore Null in un tipo che non ammette i valori Null. [E:\repo\WinHubX\Project\WinHubX\WinHubX.csproj]
E:\repo\WinHubX\Project\WinHubX\Forms\Settaggi\FormUtility.cs(1669,41): warning CS8602: Dereferenziamento di un possibile riferimento Null. [E:\repo\WinHubX\Project\WinHubX\WinHubX.csproj]
E:\repo\WinHubX\Project\WinHubX\Forms\Settaggi\FormUtility.cs(1685,35): warning CS8600: Conversione del valore letterale Null o di un possibile valore Null in un tipo che non ammette i valori Null. [E:\repo\WinHubX\Project\WinHubX\WinHubX.csproj]
E:\repo\WinHubX\Project\WinHubX\Forms\Settaggi\FormUtility.cs(1686,38): warning CS8602: Dereferenziamento di un possibile riferimento Null. [E:\repo\WinHubX\Project\WinHubX\WinHubX.csproj]
E:\repo\WinHubX\Project\WinHubX\Forms\Settaggi\FormUpdate.cs(223,17): warning CS8602: Dereferenziamento di un possibile riferimento Null. [E:\repo\WinHubX\Project\WinHubX\WinHubX.csproj]
E:\repo\WinHubX\Project\WinHubX\Forms\Settaggi\FormUpdate.cs(305,17): warning CS8602: Dereferenziamento di un possibile riferimento Null. [E:\repo\WinHubX\Project\WinHubX\WinHubX.csproj]
E:\repo\WinHubX\Project\WinHubX\Forms\Settaggi\FormUpdate.cs(329,17): warning CS8602: Dereferenziamento di un possibile riferimento Null. [E:\repo\WinHubX\Project\WinHubX\WinHubX.csproj]
E:\repo\WinHubX\Project\WinHubX\Forms\Settaggi\FormUpdate.cs(420,17): warning CS8602: Dereferenziamento di un possibile riferimento Null. [E:\repo\WinHubX\Project\WinHubX\WinHubX.csproj]
E:\repo\WinHubX\Project\WinHubX\Forms\Settaggi\FormUpdate.cs(482,25): warning CS8602: Dereferenziamento di un possibile riferimento Null. [E:\repo\WinHubX\Project\WinHubX\WinHubX.csproj]
E:\repo\WinHubX\Project\WinHubX\Forms\Settaggi\FormUpdate.cs(597,25): warning CS8602: Dereferenziamento di un possibile riferimento Null. [E:\repo\WinHubX\Project\WinHubX\WinHubX.csproj]
E:\repo\WinHubX\Project\WinHubX\Forms\DebloatAvanzato\AppItemControl.cs(14,16): warning CS8618: L'elemento proprietà 'NomeTecnico' non nullable deve contenere un valore non Null all'uscita dal costruttore. Prendere in considerazione l'aggiunta del modificatore 'required' o la dichiarazione di proprietà come nullable. [E:\repo\WinHubX\Project\WinHubX\WinHubX.csproj]
E:\repo\WinHubX\Project\WinHubX\Forms\DriverRST\FormDriverRST.cs(64,28): warning CS8603: Possibile restituzione di riferimento Null. [E:\repo\WinHubX\Project\WinHubX\WinHubX.csproj]
E:\repo\WinHubX\Project\WinHubX\Forms\DriverRST\FormDriverRST.cs(71,24): warning CS8603: Possibile restituzione di riferimento Null. [E:\repo\WinHubX\Project\WinHubX\WinHubX.csproj]
E:\repo\WinHubX\Project\WinHubX\Forms\Settaggi\FormRipristinoSO.cs(18,16): warning CS8618: L'elemento campo 'countdownTimer' non nullable deve contenere un valore non Null all'uscita dal costruttore. Prendere in considerazione l'aggiunta del modificatore 'required' o la dichiarazione di campo come nullable. [E:\repo\WinHubX\Project\WinHubX\WinHubX.csproj]
E:\repo\WinHubX\Project\WinHubX\Forms\Settaggi\FormRipristinoSO.cs(18,16): warning CS8618: L'elemento campo 'cancellationTokenSource' non nullable deve contenere un valore non Null all'uscita dal costruttore. Prendere in considerazione l'aggiunta del modificatore 'required' o la dichiarazione di campo come nullable. [E:\repo\WinHubX\Project\WinHubX\WinHubX.csproj]
E:\repo\WinHubX\Project\WinHubX\Forms\Settaggi\FormRipristinoSO.cs(64,9): warning CS8619: Il supporto dei valori Null dei tipi riferimento nel valore di tipo '(string, string?)' non corrisponde al tipo di destinazione '(string Label, string Command)'. [E:\repo\WinHubX\Project\WinHubX\WinHubX.csproj]
E:\repo\WinHubX\Project\WinHubX\Forms\Settaggi\FormRipristinoSO.cs(176,48): warning CS8622: Il supporto dei valori Null dei tipi riferimento nel tipo di parametro 'sender' di 'void FormRipristinoSO.UpdateCountdown(object sender, EventArgs e)' non corrisponde al delegato di destinazione 'EventHandler', probabilmente a causa degli attributi del supporto dei valori Null. [E:\repo\WinHubX\Project\WinHubX\WinHubX.csproj]
E:\repo\WinHubX\Project\WinHubX\Forms\CreaISO\FormCreazioneISO.cs(923,43): warning CS8600: Conversione del valore letterale Null o di un possibile valore Null in un tipo che non ammette i valori Null. [E:\repo\WinHubX\Project\WinHubX\WinHubX.csproj]
E:\repo\WinHubX\Project\WinHubX\Forms\CreaISO\FormCreazioneISO.cs(957,55): warning CS8600: Conversione del valore letterale Null o di un possibile valore Null in un tipo che non ammette i valori Null. [E:\repo\WinHubX\Project\WinHubX\WinHubX.csproj]
E:\repo\WinHubX\Project\WinHubX\Forms\CreaISO\FormCreazioneISO.cs(981,59): warning CS8602: Dereferenziamento di un possibile riferimento Null. [E:\repo\WinHubX\Project\WinHubX\WinHubX.csproj]
E:\repo\WinHubX\Project\WinHubX\Forms\CreaISO\FormCreazioneISO.cs(1008,55): warning CS8602: Dereferenziamento di un possibile riferimento Null. [E:\repo\WinHubX\Project\WinHubX\WinHubX.csproj]
E:\repo\WinHubX\Project\WinHubX\Forms\CreaISO\FormCreazioneISO.cs(1029,59): warning CS8602: Dereferenziamento di un possibile riferimento Null. [E:\repo\WinHubX\Project\WinHubX\WinHubX.csproj]
E:\repo\WinHubX\Project\WinHubX\Forms\CreaISO\FormCreazioneISO.cs(1072,64): warning CS8600: Conversione del valore letterale Null o di un possibile valore Null in un tipo che non ammette i valori Null. [E:\repo\WinHubX\Project\WinHubX\WinHubX.csproj]
E:\repo\WinHubX\Project\WinHubX\Forms\Settaggi\FormPrivacy.cs(88,38): warning CS8600: Conversione del valore letterale Null o di un possibile valore Null in un tipo che non ammette i valori Null. [E:\repo\WinHubX\Project\WinHubX\WinHubX.csproj]
E:\repo\WinHubX\Project\WinHubX\Forms\Personalizzazione office\PersonalizzazioneOffice.cs(95,31): warning CS8600: Conversione del valore letterale Null o di un possibile valore Null in un tipo che non ammette i valori Null. [E:\repo\WinHubX\Project\WinHubX\WinHubX.csproj]
E:\repo\WinHubX\Project\WinHubX\Forms\Personalizzazione office\PersonalizzazioneOffice.cs(110,31): warning CS8600: Conversione del valore letterale Null o di un possibile valore Null in un tipo che non ammette i valori Null. [E:\repo\WinHubX\Project\WinHubX\WinHubX.csproj]
E:\repo\WinHubX\Project\WinHubX\Forms\Personalizzazione office\PersonalizzazioneOffice.cs(140,32): warning CS8600: Conversione del valore letterale Null o di un possibile valore Null in un tipo che non ammette i valori Null. [E:\repo\WinHubX\Project\WinHubX\WinHubX.csproj]
E:\repo\WinHubX\Project\WinHubX\Forms\Personalizzazione office\PersonalizzazioneOffice.cs(170,17): warning CS8602: Dereferenziamento di un possibile riferimento Null. [E:\repo\WinHubX\Project\WinHubX\WinHubX.csproj]
E:\repo\WinHubX\Project\WinHubX\Forms\Personalizzazione office\PersonalizzazioneOffice.cs(194,21): warning CS8602: Dereferenziamento di un possibile riferimento Null. [E:\repo\WinHubX\Project\WinHubX\WinHubX.csproj]
E:\repo\WinHubX\Project\WinHubX\Forms\Personalizzazione office\PersonalizzazioneOffice.cs(413,31): warning CS8600: Conversione del valore letterale Null o di un possibile valore Null in un tipo che non ammette i valori Null. [E:\repo\WinHubX\Project\WinHubX\WinHubX.csproj]
E:\repo\WinHubX\Project\WinHubX\Forms\Settaggi\FormPrivacy.cs(207,37): warning CS8600: Conversione del valore letterale Null o di un possibile valore Null in un tipo che non ammette i valori Null. [E:\repo\WinHubX\Project\WinHubX\WinHubX.csproj]
E:\repo\WinHubX\Project\WinHubX\Forms\InstallaComponenti\FormInstallaComponenti.cs(39,41): warning CS8600: Conversione del valore letterale Null o di un possibile valore Null in un tipo che non ammette i valori Null. [E:\repo\WinHubX\Project\WinHubX\WinHubX.csproj]
E:\repo\WinHubX\Project\WinHubX\Forms\InstallaComponenti\FormInstallaComponenti.cs(43,34): warning CS8604: Possibile argomento di riferimento Null per il parametro 'hardwareInfo' in 'Task FormInstallaComponenti.DefenderOn(HardwareInfo hardwareInfo)'. [E:\repo\WinHubX\Project\WinHubX\WinHubX.csproj]
E:\repo\WinHubX\Project\WinHubX\Forms\InstallaComponenti\FormInstallaComponenti.cs(172,20): warning CS8603: Possibile restituzione di riferimento Null. [E:\repo\WinHubX\Project\WinHubX\WinHubX.csproj]
E:\repo\WinHubX\Project\WinHubX\Forms\Personalizzazione office\FormAggiungiRimuoviAppOffice.cs(78,29): warning CS8601: Possibile assegnazione di riferimento Null. [E:\repo\WinHubX\Project\WinHubX\WinHubX.csproj]
E:\repo\WinHubX\Project\WinHubX\Forms\Personalizzazione office\FormAggiungiRimuoviAppOffice.cs(84,33): warning CS8601: Possibile assegnazione di riferimento Null. [E:\repo\WinHubX\Project\WinHubX\WinHubX.csproj]
E:\repo\WinHubX\Project\WinHubX\Forms\Personalizzazione office\FormAggiungiRimuoviAppOffice.cs(127,54): warning CS8600: Conversione del valore letterale Null o di un possibile valore Null in un tipo che non ammette i valori Null. [E:\repo\WinHubX\Project\WinHubX\WinHubX.csproj]
E:\repo\WinHubX\Project\WinHubX\Forms\Personalizzazione office\FormAggiungiRimuoviAppOffice.cs(164,60): warning CS8600: Conversione del valore letterale Null o di un possibile valore Null in un tipo che non ammette i valori Null. [E:\repo\WinHubX\Project\WinHubX\WinHubX.csproj]
E:\repo\WinHubX\Project\WinHubX\Forms\Personalizzazione office\FormAggiungiRimuoviAppOffice.cs(186,51): warning CS8600: Conversione del valore letterale Null o di un possibile valore Null in un tipo che non ammette i valori Null. [E:\repo\WinHubX\Project\WinHubX\WinHubX.csproj]
E:\repo\WinHubX\Project\WinHubX\Forms\Personalizzazione office\FormAggiungiRimuoviAppOffice.cs(220,58): warning CS8600: Conversione del valore letterale Null o di un possibile valore Null in un tipo che non ammette i valori Null. [E:\repo\WinHubX\Project\WinHubX\WinHubX.csproj]
E:\repo\WinHubX\Project\WinHubX\Forms\Settaggi\FormExplorer.cs(26,50): warning CS8600: Conversione del valore letterale Null o di un possibile valore Null in un tipo che non ammette i valori Null. [E:\repo\WinHubX\Project\WinHubX\WinHubX.csproj]
E:\repo\WinHubX\Project\WinHubX\Forms\Settaggi\FormExplorer.cs(58,50): warning CS8600: Conversione del valore letterale Null o di un possibile valore Null in un tipo che non ammette i valori Null. [E:\repo\WinHubX\Project\WinHubX\WinHubX.csproj]
E:\repo\WinHubX\Project\WinHubX\Forms\Personalizzazione office\FormAggiungiRimuoviAppOffice.cs(546,28): warning CS8600: Conversione del valore letterale Null o di un possibile valore Null in un tipo che non ammette i valori Null. [E:\repo\WinHubX\Project\WinHubX\WinHubX.csproj]
E:\repo\WinHubX\Project\WinHubX\Forms\Personalizzazione office\FormAggiungiRimuoviAppOffice.cs(588,42): warning CS8602: Dereferenziamento di un possibile riferimento Null. [E:\repo\WinHubX\Project\WinHubX\WinHubX.csproj]
E:\repo\WinHubX\Project\WinHubX\Forms\Personalizzazione office\FormAggiungiRimuoviAppOffice.cs(663,48): warning CS8600: Conversione del valore letterale Null o di un possibile valore Null in un tipo che non ammette i valori Null. [E:\repo\WinHubX\Project\WinHubX\WinHubX.csproj]
E:\repo\WinHubX\Project\WinHubX\Forms\Personalizzazione office\FormAggiungiRimuoviAppOffice.cs(667,57): warning CS8600: Conversione del valore letterale Null o di un possibile valore Null in un tipo che non ammette i valori Null. [E:\repo\WinHubX\Project\WinHubX\WinHubX.csproj]
E:\repo\WinHubX\Project\WinHubX\Forms\Personalizzazione office\FormAggiungiRimuoviAppOffice.cs(673,65): warning CS8600: Conversione del valore letterale Null o di un possibile valore Null in un tipo che non ammette i valori Null. [E:\repo\WinHubX\Project\WinHubX\WinHubX.csproj]
E:\repo\WinHubX\Project\WinHubX\Forms\Personalizzazione office\FormAggiungiRimuoviAppOffice.cs(710,65): warning CS8602: Dereferenziamento di un possibile riferimento Null. [E:\repo\WinHubX\Project\WinHubX\WinHubX.csproj]
E:\repo\WinHubX\Project\WinHubX\Forms\Personalizzazione office\FormAggiungiRimuoviAppOffice.cs(716,43): warning CS8601: Possibile assegnazione di riferimento Null. [E:\repo\WinHubX\Project\WinHubX\WinHubX.csproj]
E:\repo\WinHubX\Project\WinHubX\Forms\Personalizzazione office\FormAggiungiRimuoviAppOffice.cs(735,93): warning CS8600: Conversione del valore letterale Null o di un possibile valore Null in un tipo che non ammette i valori Null. [E:\repo\WinHubX\Project\WinHubX\WinHubX.csproj]
E:\repo\WinHubX\Project\WinHubX\Forms\Base\FormDebloat.cs(124,39): warning CS8601: Possibile assegnazione di riferimento Null. [E:\repo\WinHubX\Project\WinHubX\WinHubX.csproj]
E:\repo\WinHubX\Project\WinHubX\Forms\Base\FormDebloat.cs(360,44): warning CS8600: Conversione del valore letterale Null o di un possibile valore Null in un tipo che non ammette i valori Null. [E:\repo\WinHubX\Project\WinHubX\WinHubX.csproj]
E:\repo\WinHubX\Project\WinHubX\Forms\Base\FormDebloat.cs(481,54): warning CS4014: Non è possibile attendere la chiamata, pertanto l'esecuzione del metodo corrente continuerà prima del completamento della chiamata. Provare ad applicare l'operatore 'await' al risultato della chiamata. [E:\repo\WinHubX\Project\WinHubX\WinHubX.csproj]
E:\repo\WinHubX\Project\WinHubX\Forms\Base\FormDebloat.cs(493,20): warning CS8603: Possibile restituzione di riferimento Null. [E:\repo\WinHubX\Project\WinHubX\WinHubX.csproj]
E:\repo\WinHubX\Project\WinHubX\Forms\Settaggi\FormPrivacy.cs(302,48): warning CS8600: Conversione del valore letterale Null o di un possibile valore Null in un tipo che non ammette i valori Null. [E:\repo\WinHubX\Project\WinHubX\WinHubX.csproj]
E:\repo\WinHubX\Project\WinHubX\Forms\Settaggi\FormPrivacy.cs(307,48): warning CS8600: Conversione del valore letterale Null o di un possibile valore Null in un tipo che non ammette i valori Null. [E:\repo\WinHubX\Project\WinHubX\WinHubX.csproj]
E:\repo\WinHubX\Project\WinHubX\Forms\Settaggi\FormPrivacy.cs(395,50): warning CS8600: Conversione del valore letterale Null o di un possibile valore Null in un tipo che non ammette i valori Null. [E:\repo\WinHubX\Project\WinHubX\WinHubX.csproj]
E:\repo\WinHubX\Project\WinHubX\Forms\Settaggi\FormPrivacy.cs(400,50): warning CS8600: Conversione del valore letterale Null o di un possibile valore Null in un tipo che non ammette i valori Null. [E:\repo\WinHubX\Project\WinHubX\WinHubX.csproj]
E:\repo\WinHubX\Project\WinHubX\Forms\Settaggi\FormPrivacy.cs(405,50): warning CS8600: Conversione del valore letterale Null o di un possibile valore Null in un tipo che non ammette i valori Null. [E:\repo\WinHubX\Project\WinHubX\WinHubX.csproj]
E:\repo\WinHubX\Project\WinHubX\Forms\Settaggi\FormPrivacy.cs(411,50): warning CS8600: Conversione del valore letterale Null o di un possibile valore Null in un tipo che non ammette i valori Null. [E:\repo\WinHubX\Project\WinHubX\WinHubX.csproj]
E:\repo\WinHubX\Project\WinHubX\Forms\Settaggi\FormPrivacy.cs(515,50): warning CS8600: Conversione del valore letterale Null o di un possibile valore Null in un tipo che non ammette i valori Null. [E:\repo\WinHubX\Project\WinHubX\WinHubX.csproj]
E:\repo\WinHubX\Project\WinHubX\Forms\Settaggi\FormPrivacy.cs(521,50): warning CS8600: Conversione del valore letterale Null o di un possibile valore Null in un tipo che non ammette i valori Null. [E:\repo\WinHubX\Project\WinHubX\WinHubX.csproj]
E:\repo\WinHubX\Project\WinHubX\Forms\Settaggi\FormPrivacy.cs(527,50): warning CS8600: Conversione del valore letterale Null o di un possibile valore Null in un tipo che non ammette i valori Null. [E:\repo\WinHubX\Project\WinHubX\WinHubX.csproj]
E:\repo\WinHubX\Project\WinHubX\Forms\Settaggi\FormPrivacy.cs(532,50): warning CS8600: Conversione del valore letterale Null o di un possibile valore Null in un tipo che non ammette i valori Null. [E:\repo\WinHubX\Project\WinHubX\WinHubX.csproj]
E:\repo\WinHubX\Project\WinHubX\Forms\Settaggi\FormPrivacy.cs(537,50): warning CS8600: Conversione del valore letterale Null o di un possibile valore Null in un tipo che non ammette i valori Null. [E:\repo\WinHubX\Project\WinHubX\WinHubX.csproj]
E:\repo\WinHubX\Project\WinHubX\Forms\Settaggi\FormPrivacy.cs(542,50): warning CS8600: Conversione del valore letterale Null o di un possibile valore Null in un tipo che non ammette i valori Null. [E:\repo\WinHubX\Project\WinHubX\WinHubX.csproj]
E:\repo\WinHubX\Project\WinHubX\Forms\Settaggi\FormPrivacy.cs(564,48): warning CS8600: Conversione del valore letterale Null o di un possibile valore Null in un tipo che non ammette i valori Null. [E:\repo\WinHubX\Project\WinHubX\WinHubX.csproj]
E:\repo\WinHubX\Project\WinHubX\Forms\Settaggi\FormPrivacy.cs(569,48): warning CS8600: Conversione del valore letterale Null o di un possibile valore Null in un tipo che non ammette i valori Null. [E:\repo\WinHubX\Project\WinHubX\WinHubX.csproj]
E:\repo\WinHubX\Project\WinHubX\Forms\Settaggi\FormPrivacy.cs(605,48): warning CS8600: Conversione del valore letterale Null o di un possibile valore Null in un tipo che non ammette i valori Null. [E:\repo\WinHubX\Project\WinHubX\WinHubX.csproj]
E:\repo\WinHubX\Project\WinHubX\Forms\Settaggi\FormPrivacy.cs(611,48): warning CS8600: Conversione del valore letterale Null o di un possibile valore Null in un tipo che non ammette i valori Null. [E:\repo\WinHubX\Project\WinHubX\WinHubX.csproj]
E:\repo\WinHubX\Project\WinHubX\Forms\Settaggi\FormPrivacy.cs(640,48): warning CS8600: Conversione del valore letterale Null o di un possibile valore Null in un tipo che non ammette i valori Null. [E:\repo\WinHubX\Project\WinHubX\WinHubX.csproj]
E:\repo\WinHubX\Project\WinHubX\Forms\Settaggi\FormPrivacy.cs(645,48): warning CS8600: Conversione del valore letterale Null o di un possibile valore Null in un tipo che non ammette i valori Null. [E:\repo\WinHubX\Project\WinHubX\WinHubX.csproj]
E:\repo\WinHubX\Project\WinHubX\Forms\Settaggi\FormPrivacy.cs(682,48): warning CS8600: Conversione del valore letterale Null o di un possibile valore Null in un tipo che non ammette i valori Null. [E:\repo\WinHubX\Project\WinHubX\WinHubX.csproj]
E:\repo\WinHubX\Project\WinHubX\Forms\Settaggi\FormPrivacy.cs(687,48): warning CS8600: Conversione del valore letterale Null o di un possibile valore Null in un tipo che non ammette i valori Null. [E:\repo\WinHubX\Project\WinHubX\WinHubX.csproj]
E:\repo\WinHubX\Project\WinHubX\Forms\Settaggi\FormPrivacy.cs(709,48): warning CS8600: Conversione del valore letterale Null o di un possibile valore Null in un tipo che non ammette i valori Null. [E:\repo\WinHubX\Project\WinHubX\WinHubX.csproj]
E:\repo\WinHubX\Project\WinHubX\Forms\Settaggi\FormPrivacy.cs(714,48): warning CS8600: Conversione del valore letterale Null o di un possibile valore Null in un tipo che non ammette i valori Null. [E:\repo\WinHubX\Project\WinHubX\WinHubX.csproj]
E:\repo\WinHubX\Project\WinHubX\Forms\Settaggi\FormPrivacy.cs(755,48): warning CS8600: Conversione del valore letterale Null o di un possibile valore Null in un tipo che non ammette i valori Null. [E:\repo\WinHubX\Project\WinHubX\WinHubX.csproj]
E:\repo\WinHubX\Project\WinHubX\Forms\Settaggi\FormPrivacy.cs(760,48): warning CS8600: Conversione del valore letterale Null o di un possibile valore Null in un tipo che non ammette i valori Null. [E:\repo\WinHubX\Project\WinHubX\WinHubX.csproj]
E:\repo\WinHubX\Project\WinHubX\Forms\Settaggi\FormPrivacy.cs(782,48): warning CS8600: Conversione del valore letterale Null o di un possibile valore Null in un tipo che non ammette i valori Null. [E:\repo\WinHubX\Project\WinHubX\WinHubX.csproj]
E:\repo\WinHubX\Project\WinHubX\Forms\Settaggi\FormPrivacy.cs(787,48): warning CS8600: Conversione del valore letterale Null o di un possibile valore Null in un tipo che non ammette i valori Null. [E:\repo\WinHubX\Project\WinHubX\WinHubX.csproj]
E:\repo\WinHubX\Project\WinHubX\Forms\Settaggi\FormPrivacy.cs(810,48): warning CS8600: Conversione del valore letterale Null o di un possibile valore Null in un tipo che non ammette i valori Null. [E:\repo\WinHubX\Project\WinHubX\WinHubX.csproj]
E:\repo\WinHubX\Project\WinHubX\Forms\Settaggi\FormPrivacy.cs(815,48): warning CS8600: Conversione del valore letterale Null o di un possibile valore Null in un tipo che non ammette i valori Null. [E:\repo\WinHubX\Project\WinHubX\WinHubX.csproj]
E:\repo\WinHubX\Project\WinHubX\Forms\Settaggi\FormPrivacy.cs(850,48): warning CS8600: Conversione del valore letterale Null o di un possibile valore Null in un tipo che non ammette i valori Null. [E:\repo\WinHubX\Project\WinHubX\WinHubX.csproj]
E:\repo\WinHubX\Project\WinHubX\Forms\Settaggi\FormPrivacy.cs(861,48): warning CS8600: Conversione del valore letterale Null o di un possibile valore Null in un tipo che non ammette i valori Null. [E:\repo\WinHubX\Project\WinHubX\WinHubX.csproj]
E:\repo\WinHubX\Project\WinHubX\Forms\Settaggi\FormPrivacy.cs(944,59): warning CS8600: Conversione del valore letterale Null o di un possibile valore Null in un tipo che non ammette i valori Null. [E:\repo\WinHubX\Project\WinHubX\WinHubX.csproj]
E:\repo\WinHubX\Project\WinHubX\Forms\Settaggi\FormPrivacy.cs(949,59): warning CS8600: Conversione del valore letterale Null o di un possibile valore Null in un tipo che non ammette i valori Null. [E:\repo\WinHubX\Project\WinHubX\WinHubX.csproj]
E:\repo\WinHubX\Project\WinHubX\Forms\Settaggi\FormPrivacy.cs(953,59): warning CS8600: Conversione del valore letterale Null o di un possibile valore Null in un tipo che non ammette i valori Null. [E:\repo\WinHubX\Project\WinHubX\WinHubX.csproj]
E:\repo\WinHubX\Project\WinHubX\Forms\Settaggi\FormPrivacy.cs(958,59): warning CS8600: Conversione del valore letterale Null o di un possibile valore Null in un tipo che non ammette i valori Null. [E:\repo\WinHubX\Project\WinHubX\WinHubX.csproj]
E:\repo\WinHubX\Project\WinHubX\Forms\Settaggi\FormPrivacy.cs(962,51): warning CS8600: Conversione del valore letterale Null o di un possibile valore Null in un tipo che non ammette i valori Null. [E:\repo\WinHubX\Project\WinHubX\WinHubX.csproj]
E:\repo\WinHubX\Project\WinHubX\Forms\Settaggi\FormPrivacy.cs(967,51): warning CS8600: Conversione del valore letterale Null o di un possibile valore Null in un tipo che non ammette i valori Null. [E:\repo\WinHubX\Project\WinHubX\WinHubX.csproj]
E:\repo\WinHubX\Project\WinHubX\Forms\Settaggi\FormPrivacy.cs(971,60): warning CS8600: Conversione del valore letterale Null o di un possibile valore Null in un tipo che non ammette i valori Null. [E:\repo\WinHubX\Project\WinHubX\WinHubX.csproj]
E:\repo\WinHubX\Project\WinHubX\Forms\Settaggi\FormPrivacy.cs(976,60): warning CS8600: Conversione del valore letterale Null o di un possibile valore Null in un tipo che non ammette i valori Null. [E:\repo\WinHubX\Project\WinHubX\WinHubX.csproj]
E:\repo\WinHubX\Project\WinHubX\Forms\Settaggi\FormPrivacy.cs(1074,52): warning CS8600: Conversione del valore letterale Null o di un possibile valore Null in un tipo che non ammette i valori Null. [E:\repo\WinHubX\Project\WinHubX\WinHubX.csproj]
E:\repo\WinHubX\Project\WinHubX\Forms\Settaggi\FormPrivacy.cs(1164,48): warning CS8600: Conversione del valore letterale Null o di un possibile valore Null in un tipo che non ammette i valori Null. [E:\repo\WinHubX\Project\WinHubX\WinHubX.csproj]
E:\repo\WinHubX\Project\WinHubX\Forms\Settaggi\FormPrivacy.cs(1169,48): warning CS8600: Conversione del valore letterale Null o di un possibile valore Null in un tipo che non ammette i valori Null. [E:\repo\WinHubX\Project\WinHubX\WinHubX.csproj]
E:\repo\WinHubX\Project\WinHubX\Forms\Settaggi\FormPrivacy.cs(1202,48): warning CS8600: Conversione del valore letterale Null o di un possibile valore Null in un tipo che non ammette i valori Null. [E:\repo\WinHubX\Project\WinHubX\WinHubX.csproj]
E:\repo\WinHubX\Project\WinHubX\Forms\Settaggi\FormPrivacy.cs(1206,48): warning CS8600: Conversione del valore letterale Null o di un possibile valore Null in un tipo che non ammette i valori Null. [E:\repo\WinHubX\Project\WinHubX\WinHubX.csproj]
E:\repo\WinHubX\Project\WinHubX\Forms\Settaggi\FormPrivacy.cs(1234,48): warning CS8600: Conversione del valore letterale Null o di un possibile valore Null in un tipo che non ammette i valori Null. [E:\repo\WinHubX\Project\WinHubX\WinHubX.csproj]
E:\repo\WinHubX\Project\WinHubX\Forms\Settaggi\FormPrivacy.cs(1238,48): warning CS8600: Conversione del valore letterale Null o di un possibile valore Null in un tipo che non ammette i valori Null. [E:\repo\WinHubX\Project\WinHubX\WinHubX.csproj]
E:\repo\WinHubX\Project\WinHubX\Forms\Settaggi\FormPrivacy.cs(1296,48): warning CS8600: Conversione del valore letterale Null o di un possibile valore Null in un tipo che non ammette i valori Null. [E:\repo\WinHubX\Project\WinHubX\WinHubX.csproj]
E:\repo\WinHubX\Project\WinHubX\Forms\Settaggi\FormPrivacy.cs(1300,48): warning CS8600: Conversione del valore letterale Null o di un possibile valore Null in un tipo che non ammette i valori Null. [E:\repo\WinHubX\Project\WinHubX\WinHubX.csproj]
E:\repo\WinHubX\Project\WinHubX\Forms\Settaggi\FormPrivacy.cs(1378,48): warning CS8600: Conversione del valore letterale Null o di un possibile valore Null in un tipo che non ammette i valori Null. [E:\repo\WinHubX\Project\WinHubX\WinHubX.csproj]
E:\repo\WinHubX\Project\WinHubX\Forms\Settaggi\FormPrivacy.cs(1389,48): warning CS8600: Conversione del valore letterale Null o di un possibile valore Null in un tipo che non ammette i valori Null. [E:\repo\WinHubX\Project\WinHubX\WinHubX.csproj]
E:\repo\WinHubX\Project\WinHubX\Forms\Settaggi\FormPrivacy.cs(1434,48): warning CS8600: Conversione del valore letterale Null o di un possibile valore Null in un tipo che non ammette i valori Null. [E:\repo\WinHubX\Project\WinHubX\WinHubX.csproj]
E:\repo\WinHubX\Project\WinHubX\Forms\Settaggi\FormPrivacy.cs(1448,48): warning CS8600: Conversione del valore letterale Null o di un possibile valore Null in un tipo che non ammette i valori Null. [E:\repo\WinHubX\Project\WinHubX\WinHubX.csproj]
E:\repo\WinHubX\Project\WinHubX\Forms\Settaggi\FormPrivacy.cs(1483,48): warning CS8600: Conversione del valore letterale Null o di un possibile valore Null in un tipo che non ammette i valori Null. [E:\repo\WinHubX\Project\WinHubX\WinHubX.csproj]
E:\repo\WinHubX\Project\WinHubX\Forms\Settaggi\FormPrivacy.cs(1496,48): warning CS8600: Conversione del valore letterale Null o di un possibile valore Null in un tipo che non ammette i valori Null. [E:\repo\WinHubX\Project\WinHubX\WinHubX.csproj]
E:\repo\WinHubX\Project\WinHubX\Forms\Settaggi\FormPrivacy.cs(1548,59): warning CS8600: Conversione del valore letterale Null o di un possibile valore Null in un tipo che non ammette i valori Null. [E:\repo\WinHubX\Project\WinHubX\WinHubX.csproj]
E:\repo\WinHubX\Project\WinHubX\Forms\Settaggi\FormPrivacy.cs(1553,59): warning CS8600: Conversione del valore letterale Null o di un possibile valore Null in un tipo che non ammette i valori Null. [E:\repo\WinHubX\Project\WinHubX\WinHubX.csproj]
E:\repo\WinHubX\Project\WinHubX\Forms\Settaggi\FormPrivacy.cs(1557,59): warning CS8600: Conversione del valore letterale Null o di un possibile valore Null in un tipo che non ammette i valori Null. [E:\repo\WinHubX\Project\WinHubX\WinHubX.csproj]
E:\repo\WinHubX\Project\WinHubX\Forms\Settaggi\FormPrivacy.cs(1562,59): warning CS8600: Conversione del valore letterale Null o di un possibile valore Null in un tipo che non ammette i valori Null. [E:\repo\WinHubX\Project\WinHubX\WinHubX.csproj]
E:\repo\WinHubX\Project\WinHubX\Forms\Settaggi\FormPrivacy.cs(1566,51): warning CS8600: Conversione del valore letterale Null o di un possibile valore Null in un tipo che non ammette i valori Null. [E:\repo\WinHubX\Project\WinHubX\WinHubX.csproj]
E:\repo\WinHubX\Project\WinHubX\Forms\Settaggi\FormPrivacy.cs(1571,51): warning CS8600: Conversione del valore letterale Null o di un possibile valore Null in un tipo che non ammette i valori Null. [E:\repo\WinHubX\Project\WinHubX\WinHubX.csproj]
E:\repo\WinHubX\Project\WinHubX\Forms\Settaggi\FormPrivacy.cs(1575,60): warning CS8600: Conversione del valore letterale Null o di un possibile valore Null in un tipo che non ammette i valori Null. [E:\repo\WinHubX\Project\WinHubX\WinHubX.csproj]
E:\repo\WinHubX\Project\WinHubX\Forms\Settaggi\FormPrivacy.cs(1580,60): warning CS8600: Conversione del valore letterale Null o di un possibile valore Null in un tipo che non ammette i valori Null. [E:\repo\WinHubX\Project\WinHubX\WinHubX.csproj]
E:\repo\WinHubX\Project\WinHubX\Forms\Settaggi\FormPrivacy.cs(1668,46): warning CS8600: Conversione del valore letterale Null o di un possibile valore Null in un tipo che non ammette i valori Null. [E:\repo\WinHubX\Project\WinHubX\WinHubX.csproj]
E:\repo\WinHubX\Project\WinHubX\Forms\Settaggi\FormPrivacy.cs(1688,35): warning CS8600: Conversione del valore letterale Null o di un possibile valore Null in un tipo che non ammette i valori Null. [E:\repo\WinHubX\Project\WinHubX\WinHubX.csproj]
E:\repo\WinHubX\Project\WinHubX\Forms\Settaggi\FormPrivacy.cs(1692,35): warning CS8600: Conversione del valore letterale Null o di un possibile valore Null in un tipo che non ammette i valori Null. [E:\repo\WinHubX\Project\WinHubX\WinHubX.csproj]
E:\repo\WinHubX\Project\WinHubX\Forms\Settaggi\FormPrivacy.cs(1715,35): warning CS8600: Conversione del valore letterale Null o di un possibile valore Null in un tipo che non ammette i valori Null. [E:\repo\WinHubX\Project\WinHubX\WinHubX.csproj]
E:\repo\WinHubX\Project\WinHubX\Forms\Settaggi\FormPrivacy.cs(1716,41): warning CS8602: Dereferenziamento di un possibile riferimento Null. [E:\repo\WinHubX\Project\WinHubX\WinHubX.csproj]
E:\repo\WinHubX\Project\WinHubX\Forms\CreaISO\FormCreazioneISO.Designer.cs(144,59): warning CS0169: Il campo 'FormCreazioneISO.cuiProgressBarHorizontal1' non viene mai usato [E:\repo\WinHubX\Project\WinHubX\WinHubX.csproj]
E:\repo\WinHubX\Project\WinHubX\Forms\DriverRST\FormDriverRST.Designer.cs(105,26): warning CS0169: Il campo 'FormDriverRST.checkBox_powerpoint' non viene mai usato [E:\repo\WinHubX\Project\WinHubX\WinHubX.csproj]
E:\repo\WinHubX\Project\WinHubX\Forms\Base\FormOffice.Designer.cs(464,29): warning CS0169: Il campo 'FormOffice.richTextBoxInfo' non viene mai usato [E:\repo\WinHubX\Project\WinHubX\WinHubX.csproj]
E:\repo\WinHubX\Project\WinHubX\Forms\Settaggi\FormPersonalizzazione.Designer.cs(495,23): warning CS0169: Il campo 'FormPersonalizzazione.panel32' non viene mai usato [E:\repo\WinHubX\Project\WinHubX\WinHubX.csproj]
E:\repo\WinHubX\Project\WinHubX\Forms\Settaggi\FormDefender.Designer.cs(348,23): warning CS0169: Il campo 'FormDefender.label4' non viene mai usato [E:\repo\WinHubX\Project\WinHubX\WinHubX.csproj]
E:\repo\WinHubX\Project\WinHubX\Forms\Base\FormHome.Designer.cs(258,24): warning CS0169: Il campo 'FormHome.button1' non viene mai usato [E:\repo\WinHubX\Project\WinHubX\WinHubX.csproj]
E:\repo\WinHubX\Project\WinHubX\Forms\Base\FormSettaggi.Designer.cs(470,44): warning CS0169: Il campo 'FormSettaggi.btnRipristinoeTestTweaks' non viene mai usato [E:\repo\WinHubX\Project\WinHubX\WinHubX.csproj]
E:\repo\WinHubX\Project\WinHubX\Forms\Base\FormDebloat.Designer.cs(328,44): warning CS0169: Il campo 'FormDebloat.btnProtezioneMinimaVerdi' non viene mai usato [E:\repo\WinHubX\Project\WinHubX\WinHubX.csproj]
E:\repo\WinHubX\Project\WinHubX\Forms\Settaggi\FormPersonalizzazione.Designer.cs(496,23): warning CS0169: Il campo 'FormPersonalizzazione.panel4' non viene mai usato [E:\repo\WinHubX\Project\WinHubX\WinHubX.csproj]
E:\repo\WinHubX\Project\WinHubX\Forms\ImpostazioniApp\FormImpostazioniApp.Designer.cs(375,26): warning CS0169: Il campo 'FormImpostazioniApp.checkBox_powerpoint' non viene mai usato [E:\repo\WinHubX\Project\WinHubX\WinHubX.csproj]
E:\repo\WinHubX\Project\WinHubX\Forms\Base\FormDebloat.Designer.cs(327,44): warning CS0169: Il campo 'FormDebloat.btnRiprisitinoDefenderVerdi' non viene mai usato [E:\repo\WinHubX\Project\WinHubX\WinHubX.csproj]
E:\repo\WinHubX\Project\WinHubX\Forms\Base\FormDebloat.Designer.cs(320,23): warning CS0169: Il campo 'FormDebloat.lblInfoWin12' non viene mai usato [E:\repo\WinHubX\Project\WinHubX\WinHubX.csproj]
E:\repo\WinHubX\Project\WinHubX\Forms\Settaggi\FormPersonalizzazione.Designer.cs(498,23): warning CS0169: Il campo 'FormPersonalizzazione.label2' non viene mai usato [E:\repo\WinHubX\Project\WinHubX\WinHubX.csproj]
E:\repo\WinHubX\Project\WinHubX\Forms\Base\FormMonitoraggio.Designer.cs(748,44): warning CS0169: Il campo 'FormMonitoraggio.cuiButton1' non viene mai usato [E:\repo\WinHubX\Project\WinHubX\WinHubX.csproj]
E:\repo\WinHubX\Project\WinHubX\Forms\Settaggi\FormUpdate.Designer.cs(348,29): warning CS0169: Il campo 'FormUpdate.progressBar1' non viene mai usato [E:\repo\WinHubX\Project\WinHubX\WinHubX.csproj]
E:\repo\WinHubX\Project\WinHubX\Forms\CreaISO\FormCreazioneISO.Designer.cs(142,56): warning CS0169: Il campo 'FormCreazioneISO.backgroundWorker1' non viene mai usato [E:\repo\WinHubX\Project\WinHubX\WinHubX.csproj]
E:\repo\WinHubX\Project\WinHubX\Forms\Base\FormDebloat.Designer.cs(319,24): warning CS0169: Il campo 'FormDebloat.btnDebloatAuto' non viene mai usato [E:\repo\WinHubX\Project\WinHubX\WinHubX.csproj]
E:\repo\WinHubX\Project\WinHubX\Forms\ImpostazioniApp\FormImpostazioniApp.Designer.cs(376,44): warning CS0169: Il campo 'FormImpostazioniApp.btnInstallaVerdi' non viene mai usato [E:\repo\WinHubX\Project\WinHubX\WinHubX.csproj]
E:\repo\WinHubX\Project\WinHubX\Forms\Settaggi\FormPersonalizzazione.Designer.cs(497,23): warning CS0169: Il campo 'FormPersonalizzazione.panel7' non viene mai usato [E:\repo\WinHubX\Project\WinHubX\WinHubX.csproj]
E:\repo\WinHubX\Project\WinHubX\Forms\InstallaComponenti\FormInstallaComponenti.Designer.cs(174,26): warning CS0169: Il campo 'FormInstallaComponenti.checkBox_powerpoint' non viene mai usato [E:\repo\WinHubX\Project\WinHubX\WinHubX.csproj]
  WinHubX -> E:\repo\WinHubX\Project\WinHubX\bin\Release\net10.0-windows\WinHubX.dll

Compilazione completata.

Forms\Base\FormMonitoraggio.resx : warning MSB3568: il nome di risorsa duplicato ">>domainUpDown1.Name" non è consentito e verrà ignorato. [E:\repo\WinHubX\Project\WinHubX\WinHubX.csproj]
Forms\Base\FormMonitoraggio.resx : warning MSB3568: il nome di risorsa duplicato ">>domainUpDown1.Type" non è consentito e verrà ignorato. [E:\repo\WinHubX\Project\WinHubX\WinHubX.csproj]
Forms\Base\FormMonitoraggio.resx : warning MSB3568: il nome di risorsa duplicato ">>domainUpDown1.Parent" non è consentito e verrà ignorato. [E:\repo\WinHubX\Project\WinHubX\WinHubX.csproj]
Forms\Base\FormMonitoraggio.resx : warning MSB3568: il nome di risorsa duplicato ">>domainUpDown1.ZOrder" non è consentito e verrà ignorato. [E:\repo\WinHubX\Project\WinHubX\WinHubX.csproj]
Forms\Base\FormMonitoraggio.resx : warning MSB3568: il nome di risorsa duplicato ">>BarTEMPtext.Name" non è consentito e verrà ignorato. [E:\repo\WinHubX\Project\WinHubX\WinHubX.csproj]
Forms\Base\FormMonitoraggio.resx : warning MSB3568: il nome di risorsa duplicato ">>BarTEMPtext.Type" non è consentito e verrà ignorato. [E:\repo\WinHubX\Project\WinHubX\WinHubX.csproj]
Forms\Base\FormMonitoraggio.resx : warning MSB3568: il nome di risorsa duplicato ">>BarTEMPtext.Parent" non è consentito e verrà ignorato. [E:\repo\WinHubX\Project\WinHubX\WinHubX.csproj]
Forms\Base\FormMonitoraggio.resx : warning MSB3568: il nome di risorsa duplicato ">>BarTEMPtext.ZOrder" non è consentito e verrà ignorato. [E:\repo\WinHubX\Project\WinHubX\WinHubX.csproj]
Forms\Base\FormMonitoraggio.resx : warning MSB3568: il nome di risorsa duplicato ">>BarTEMP.Name" non è consentito e verrà ignorato. [E:\repo\WinHubX\Project\WinHubX\WinHubX.csproj]
Forms\Base\FormMonitoraggio.resx : warning MSB3568: il nome di risorsa duplicato ">>BarTEMP.Type" non è consentito e verrà ignorato. [E:\repo\WinHubX\Project\WinHubX\WinHubX.csproj]
Forms\Base\FormMonitoraggio.resx : warning MSB3568: il nome di risorsa duplicato ">>BarTEMP.Parent" non è consentito e verrà ignorato. [E:\repo\WinHubX\Project\WinHubX\WinHubX.csproj]
Forms\Base\FormMonitoraggio.resx : warning MSB3568: il nome di risorsa duplicato ">>BarTEMP.ZOrder" non è consentito e verrà ignorato. [E:\repo\WinHubX\Project\WinHubX\WinHubX.csproj]
Forms\Base\FormMonitoraggio.resx : warning MSB3568: il nome di risorsa duplicato ">>label21.Name" non è consentito e verrà ignorato. [E:\repo\WinHubX\Project\WinHubX\WinHubX.csproj]
Forms\Base\FormMonitoraggio.resx : warning MSB3568: il nome di risorsa duplicato ">>label21.Type" non è consentito e verrà ignorato. [E:\repo\WinHubX\Project\WinHubX\WinHubX.csproj]
Forms\Base\FormMonitoraggio.resx : warning MSB3568: il nome di risorsa duplicato ">>label21.Parent" non è consentito e verrà ignorato. [E:\repo\WinHubX\Project\WinHubX\WinHubX.csproj]
Forms\Base\FormMonitoraggio.resx : warning MSB3568: il nome di risorsa duplicato ">>label21.ZOrder" non è consentito e verrà ignorato. [E:\repo\WinHubX\Project\WinHubX\WinHubX.csproj]
Forms\Base\FormMonitoraggio.resx : warning MSB3568: il nome di risorsa duplicato ">>label3.Name" non è consentito e verrà ignorato. [E:\repo\WinHubX\Project\WinHubX\WinHubX.csproj]
Forms\Base\FormMonitoraggio.resx : warning MSB3568: il nome di risorsa duplicato ">>label3.Type" non è consentito e verrà ignorato. [E:\repo\WinHubX\Project\WinHubX\WinHubX.csproj]
Forms\Base\FormMonitoraggio.resx : warning MSB3568: il nome di risorsa duplicato ">>label3.Parent" non è consentito e verrà ignorato. [E:\repo\WinHubX\Project\WinHubX\WinHubX.csproj]
Forms\Base\FormMonitoraggio.resx : warning MSB3568: il nome di risorsa duplicato ">>label3.ZOrder" non è consentito e verrà ignorato. [E:\repo\WinHubX\Project\WinHubX\WinHubX.csproj]
Forms\Base\FormMonitoraggio.resx : warning MSB3568: il nome di risorsa duplicato ">>label11.Name" non è consentito e verrà ignorato. [E:\repo\WinHubX\Project\WinHubX\WinHubX.csproj]
Forms\Base\FormMonitoraggio.resx : warning MSB3568: il nome di risorsa duplicato ">>label11.Type" non è consentito e verrà ignorato. [E:\repo\WinHubX\Project\WinHubX\WinHubX.csproj]
Forms\Base\FormMonitoraggio.resx : warning MSB3568: il nome di risorsa duplicato ">>label11.Parent" non è consentito e verrà ignorato. [E:\repo\WinHubX\Project\WinHubX\WinHubX.csproj]
Forms\Base\FormMonitoraggio.resx : warning MSB3568: il nome di risorsa duplicato ">>label11.ZOrder" non è consentito e verrà ignorato. [E:\repo\WinHubX\Project\WinHubX\WinHubX.csproj]
Forms\Base\FormMonitoraggio.resx : warning MSB3568: il nome di risorsa duplicato ">>label12.Name" non è consentito e verrà ignorato. [E:\repo\WinHubX\Project\WinHubX\WinHubX.csproj]
Forms\Base\FormMonitoraggio.resx : warning MSB3568: il nome di risorsa duplicato ">>label12.Type" non è consentito e verrà ignorato. [E:\repo\WinHubX\Project\WinHubX\WinHubX.csproj]
Forms\Base\FormMonitoraggio.resx : warning MSB3568: il nome di risorsa duplicato ">>label12.Parent" non è consentito e verrà ignorato. [E:\repo\WinHubX\Project\WinHubX\WinHubX.csproj]
Forms\Base\FormMonitoraggio.resx : warning MSB3568: il nome di risorsa duplicato ">>label12.ZOrder" non è consentito e verrà ignorato. [E:\repo\WinHubX\Project\WinHubX\WinHubX.csproj]
Forms\Base\FormMonitoraggio.resx : warning MSB3568: il nome di risorsa duplicato ">>btnSvuotaTemp.Name" non è consentito e verrà ignorato. [E:\repo\WinHubX\Project\WinHubX\WinHubX.csproj]
Forms\Base\FormMonitoraggio.resx : warning MSB3568: il nome di risorsa duplicato ">>btnSvuotaTemp.Type" non è consentito e verrà ignorato. [E:\repo\WinHubX\Project\WinHubX\WinHubX.csproj]
Forms\Base\FormMonitoraggio.resx : warning MSB3568: il nome di risorsa duplicato ">>btnSvuotaTemp.Parent" non è consentito e verrà ignorato. [E:\repo\WinHubX\Project\WinHubX\WinHubX.csproj]
Forms\Base\FormMonitoraggio.resx : warning MSB3568: il nome di risorsa duplicato ">>btnSvuotaTemp.ZOrder" non è consentito e verrà ignorato. [E:\repo\WinHubX\Project\WinHubX\WinHubX.csproj]
Forms\Base\FormMonitoraggio.resx : warning MSB3568: il nome di risorsa duplicato ">>BarDISCOtext.Name" non è consentito e verrà ignorato. [E:\repo\WinHubX\Project\WinHubX\WinHubX.csproj]
Forms\Base\FormMonitoraggio.resx : warning MSB3568: il nome di risorsa duplicato ">>BarDISCOtext.Type" non è consentito e verrà ignorato. [E:\repo\WinHubX\Project\WinHubX\WinHubX.csproj]
Forms\Base\FormMonitoraggio.resx : warning MSB3568: il nome di risorsa duplicato ">>BarDISCOtext.Parent" non è consentito e verrà ignorato. [E:\repo\WinHubX\Project\WinHubX\WinHubX.csproj]
Forms\Base\FormMonitoraggio.resx : warning MSB3568: il nome di risorsa duplicato ">>BarDISCOtext.ZOrder" non è consentito e verrà ignorato. [E:\repo\WinHubX\Project\WinHubX\WinHubX.csproj]
Forms\Base\FormMonitoraggio.resx : warning MSB3568: il nome di risorsa duplicato ">>BarDISCO.Name" non è consentito e verrà ignorato. [E:\repo\WinHubX\Project\WinHubX\WinHubX.csproj]
Forms\Base\FormMonitoraggio.resx : warning MSB3568: il nome di risorsa duplicato ">>BarDISCO.Type" non è consentito e verrà ignorato. [E:\repo\WinHubX\Project\WinHubX\WinHubX.csproj]
Forms\Base\FormMonitoraggio.resx : warning MSB3568: il nome di risorsa duplicato ">>BarDISCO.Parent" non è consentito e verrà ignorato. [E:\repo\WinHubX\Project\WinHubX\WinHubX.csproj]
Forms\Base\FormMonitoraggio.resx : warning MSB3568: il nome di risorsa duplicato ">>BarDISCO.ZOrder" non è consentito e verrà ignorato. [E:\repo\WinHubX\Project\WinHubX\WinHubX.csproj]
Forms\Base\FormMonitoraggio.resx : warning MSB3568: il nome di risorsa duplicato ">>label18.Name" non è consentito e verrà ignorato. [E:\repo\WinHubX\Project\WinHubX\WinHubX.csproj]
Forms\Base\FormMonitoraggio.resx : warning MSB3568: il nome di risorsa duplicato ">>label18.Type" non è consentito e verrà ignorato. [E:\repo\WinHubX\Project\WinHubX\WinHubX.csproj]
Forms\Base\FormMonitoraggio.resx : warning MSB3568: il nome di risorsa duplicato ">>label18.Parent" non è consentito e verrà ignorato. [E:\repo\WinHubX\Project\WinHubX\WinHubX.csproj]
Forms\Base\FormMonitoraggio.resx : warning MSB3568: il nome di risorsa duplicato ">>label18.ZOrder" non è consentito e verrà ignorato. [E:\repo\WinHubX\Project\WinHubX\WinHubX.csproj]
Forms\Base\FormMonitoraggio.resx : warning MSB3568: il nome di risorsa duplicato ">>label17.Name" non è consentito e verrà ignorato. [E:\repo\WinHubX\Project\WinHubX\WinHubX.csproj]
Forms\Base\FormMonitoraggio.resx : warning MSB3568: il nome di risorsa duplicato ">>label17.Type" non è consentito e verrà ignorato. [E:\repo\WinHubX\Project\WinHubX\WinHubX.csproj]
Forms\Base\FormMonitoraggio.resx : warning MSB3568: il nome di risorsa duplicato ">>label17.Parent" non è consentito e verrà ignorato. [E:\repo\WinHubX\Project\WinHubX\WinHubX.csproj]
Forms\Base\FormMonitoraggio.resx : warning MSB3568: il nome di risorsa duplicato ">>label17.ZOrder" non è consentito e verrà ignorato. [E:\repo\WinHubX\Project\WinHubX\WinHubX.csproj]
Forms\Base\FormMonitoraggio.resx : warning MSB3568: il nome di risorsa duplicato ">>label16.Name" non è consentito e verrà ignorato. [E:\repo\WinHubX\Project\WinHubX\WinHubX.csproj]
Forms\Base\FormMonitoraggio.resx : warning MSB3568: il nome di risorsa duplicato ">>label16.Type" non è consentito e verrà ignorato. [E:\repo\WinHubX\Project\WinHubX\WinHubX.csproj]
Forms\Base\FormMonitoraggio.resx : warning MSB3568: il nome di risorsa duplicato ">>label16.Parent" non è consentito e verrà ignorato. [E:\repo\WinHubX\Project\WinHubX\WinHubX.csproj]
Forms\Base\FormMonitoraggio.resx : warning MSB3568: il nome di risorsa duplicato ">>label16.ZOrder" non è consentito e verrà ignorato. [E:\repo\WinHubX\Project\WinHubX\WinHubX.csproj]
Forms\Base\FormMonitoraggio.resx : warning MSB3568: il nome di risorsa duplicato ">>cuiSwitch_gradicpu.Name" non è consentito e verrà ignorato. [E:\repo\WinHubX\Project\WinHubX\WinHubX.csproj]
Forms\Base\FormMonitoraggio.resx : warning MSB3568: il nome di risorsa duplicato ">>cuiSwitch_gradicpu.Type" non è consentito e verrà ignorato. [E:\repo\WinHubX\Project\WinHubX\WinHubX.csproj]
Forms\Base\FormMonitoraggio.resx : warning MSB3568: il nome di risorsa duplicato ">>cuiSwitch_gradicpu.Parent" non è consentito e verrà ignorato. [E:\repo\WinHubX\Project\WinHubX\WinHubX.csproj]
Forms\Base\FormMonitoraggio.resx : warning MSB3568: il nome di risorsa duplicato ">>cuiSwitch_gradicpu.ZOrder" non è consentito e verrà ignorato. [E:\repo\WinHubX\Project\WinHubX\WinHubX.csproj]
Forms\Base\FormMonitoraggio.resx : warning MSB3568: il nome di risorsa duplicato ">>limiteCPU.Name" non è consentito e verrà ignorato. [E:\repo\WinHubX\Project\WinHubX\WinHubX.csproj]
Forms\Base\FormMonitoraggio.resx : warning MSB3568: il nome di risorsa duplicato ">>limiteCPU.Type" non è consentito e verrà ignorato. [E:\repo\WinHubX\Project\WinHubX\WinHubX.csproj]
Forms\Base\FormMonitoraggio.resx : warning MSB3568: il nome di risorsa duplicato ">>limiteCPU.Parent" non è consentito e verrà ignorato. [E:\repo\WinHubX\Project\WinHubX\WinHubX.csproj]
Forms\Base\FormMonitoraggio.resx : warning MSB3568: il nome di risorsa duplicato ">>limiteCPU.ZOrder" non è consentito e verrà ignorato. [E:\repo\WinHubX\Project\WinHubX\WinHubX.csproj]
Forms\Base\FormMonitoraggio.resx : warning MSB3568: il nome di risorsa duplicato ">>puliziaautomaticoCPU.Name" non è consentito e verrà ignorato. [E:\repo\WinHubX\Project\WinHubX\WinHubX.csproj]
Forms\Base\FormMonitoraggio.resx : warning MSB3568: il nome di risorsa duplicato ">>puliziaautomaticoCPU.Type" non è consentito e verrà ignorato. [E:\repo\WinHubX\Project\WinHubX\WinHubX.csproj]
Forms\Base\FormMonitoraggio.resx : warning MSB3568: il nome di risorsa duplicato ">>puliziaautomaticoCPU.Parent" non è consentito e verrà ignorato. [E:\repo\WinHubX\Project\WinHubX\WinHubX.csproj]
Forms\Base\FormMonitoraggio.resx : warning MSB3568: il nome di risorsa duplicato ">>puliziaautomaticoCPU.ZOrder" non è consentito e verrà ignorato. [E:\repo\WinHubX\Project\WinHubX\WinHubX.csproj]
Forms\Base\FormMonitoraggio.resx : warning MSB3568: il nome di risorsa duplicato ">>label7.Name" non è consentito e verrà ignorato. [E:\repo\WinHubX\Project\WinHubX\WinHubX.csproj]
Forms\Base\FormMonitoraggio.resx : warning MSB3568: il nome di risorsa duplicato ">>label7.Type" non è consentito e verrà ignorato. [E:\repo\WinHubX\Project\WinHubX\WinHubX.csproj]
Forms\Base\FormMonitoraggio.resx : warning MSB3568: il nome di risorsa duplicato ">>label7.Parent" non è consentito e verrà ignorato. [E:\repo\WinHubX\Project\WinHubX\WinHubX.csproj]
Forms\Base\FormMonitoraggio.resx : warning MSB3568: il nome di risorsa duplicato ">>label7.ZOrder" non è consentito e verrà ignorato. [E:\repo\WinHubX\Project\WinHubX\WinHubX.csproj]
Forms\Base\FormMonitoraggio.resx : warning MSB3568: il nome di risorsa duplicato ">>label6.Name" non è consentito e verrà ignorato. [E:\repo\WinHubX\Project\WinHubX\WinHubX.csproj]
Forms\Base\FormMonitoraggio.resx : warning MSB3568: il nome di risorsa duplicato ">>label6.Type" non è consentito e verrà ignorato. [E:\repo\WinHubX\Project\WinHubX\WinHubX.csproj]
Forms\Base\FormMonitoraggio.resx : warning MSB3568: il nome di risorsa duplicato ">>label6.Parent" non è consentito e verrà ignorato. [E:\repo\WinHubX\Project\WinHubX\WinHubX.csproj]
Forms\Base\FormMonitoraggio.resx : warning MSB3568: il nome di risorsa duplicato ">>label6.ZOrder" non è consentito e verrà ignorato. [E:\repo\WinHubX\Project\WinHubX\WinHubX.csproj]
Forms\Base\FormMonitoraggio.resx : warning MSB3568: il nome di risorsa duplicato ">>label5.Name" non è consentito e verrà ignorato. [E:\repo\WinHubX\Project\WinHubX\WinHubX.csproj]
Forms\Base\FormMonitoraggio.resx : warning MSB3568: il nome di risorsa duplicato ">>label5.Type" non è consentito e verrà ignorato. [E:\repo\WinHubX\Project\WinHubX\WinHubX.csproj]
Forms\Base\FormMonitoraggio.resx : warning MSB3568: il nome di risorsa duplicato ">>label5.Parent" non è consentito e verrà ignorato. [E:\repo\WinHubX\Project\WinHubX\WinHubX.csproj]
Forms\Base\FormMonitoraggio.resx : warning MSB3568: il nome di risorsa duplicato ">>label5.ZOrder" non è consentito e verrà ignorato. [E:\repo\WinHubX\Project\WinHubX\WinHubX.csproj]
Forms\Base\FormMonitoraggio.resx : warning MSB3568: il nome di risorsa duplicato ">>btnPulisciCPU.Name" non è consentito e verrà ignorato. [E:\repo\WinHubX\Project\WinHubX\WinHubX.csproj]
Forms\Base\FormMonitoraggio.resx : warning MSB3568: il nome di risorsa duplicato ">>btnPulisciCPU.Type" non è consentito e verrà ignorato. [E:\repo\WinHubX\Project\WinHubX\WinHubX.csproj]
Forms\Base\FormMonitoraggio.resx : warning MSB3568: il nome di risorsa duplicato ">>btnPulisciCPU.Parent" non è consentito e verrà ignorato. [E:\repo\WinHubX\Project\WinHubX\WinHubX.csproj]
Forms\Base\FormMonitoraggio.resx : warning MSB3568: il nome di risorsa duplicato ">>btnPulisciCPU.ZOrder" non è consentito e verrà ignorato. [E:\repo\WinHubX\Project\WinHubX\WinHubX.csproj]
Forms\Base\FormMonitoraggio.resx : warning MSB3568: il nome di risorsa duplicato ">>labelCpuTemp.Name" non è consentito e verrà ignorato. [E:\repo\WinHubX\Project\WinHubX\WinHubX.csproj]
Forms\Base\FormMonitoraggio.resx : warning MSB3568: il nome di risorsa duplicato ">>labelCpuTemp.Type" non è consentito e verrà ignorato. [E:\repo\WinHubX\Project\WinHubX\WinHubX.csproj]
Forms\Base\FormMonitoraggio.resx : warning MSB3568: il nome di risorsa duplicato ">>labelCpuTemp.Parent" non è consentito e verrà ignorato. [E:\repo\WinHubX\Project\WinHubX\WinHubX.csproj]
Forms\Base\FormMonitoraggio.resx : warning MSB3568: il nome di risorsa duplicato ">>labelCpuTemp.ZOrder" non è consentito e verrà ignorato. [E:\repo\WinHubX\Project\WinHubX\WinHubX.csproj]
Forms\Base\FormMonitoraggio.resx : warning MSB3568: il nome di risorsa duplicato ">>BarCPUtext.Name" non è consentito e verrà ignorato. [E:\repo\WinHubX\Project\WinHubX\WinHubX.csproj]
Forms\Base\FormMonitoraggio.resx : warning MSB3568: il nome di risorsa duplicato ">>BarCPUtext.Type" non è consentito e verrà ignorato. [E:\repo\WinHubX\Project\WinHubX\WinHubX.csproj]
Forms\Base\FormMonitoraggio.resx : warning MSB3568: il nome di risorsa duplicato ">>BarCPUtext.Parent" non è consentito e verrà ignorato. [E:\repo\WinHubX\Project\WinHubX\WinHubX.csproj]
Forms\Base\FormMonitoraggio.resx : warning MSB3568: il nome di risorsa duplicato ">>BarCPUtext.ZOrder" non è consentito e verrà ignorato. [E:\repo\WinHubX\Project\WinHubX\WinHubX.csproj]
Forms\Base\FormMonitoraggio.resx : warning MSB3568: il nome di risorsa duplicato ">>pic_termcpu.Name" non è consentito e verrà ignorato. [E:\repo\WinHubX\Project\WinHubX\WinHubX.csproj]
Forms\Base\FormMonitoraggio.resx : warning MSB3568: il nome di risorsa duplicato ">>pic_termcpu.Type" non è consentito e verrà ignorato. [E:\repo\WinHubX\Project\WinHubX\WinHubX.csproj]
Forms\Base\FormMonitoraggio.resx : warning MSB3568: il nome di risorsa duplicato ">>pic_termcpu.Parent" non è consentito e verrà ignorato. [E:\repo\WinHubX\Project\WinHubX\WinHubX.csproj]
Forms\Base\FormMonitoraggio.resx : warning MSB3568: il nome di risorsa duplicato ">>pic_termcpu.ZOrder" non è consentito e verrà ignorato. [E:\repo\WinHubX\Project\WinHubX\WinHubX.csproj]
Forms\Base\FormMonitoraggio.resx : warning MSB3568: il nome di risorsa duplicato ">>BarCPU.Name" non è consentito e verrà ignorato. [E:\repo\WinHubX\Project\WinHubX\WinHubX.csproj]
Forms\Base\FormMonitoraggio.resx : warning MSB3568: il nome di risorsa duplicato ">>BarCPU.Type" non è consentito e verrà ignorato. [E:\repo\WinHubX\Project\WinHubX\WinHubX.csproj]
Forms\Base\FormMonitoraggio.resx : warning MSB3568: il nome di risorsa duplicato ">>BarCPU.Parent" non è consentito e verrà ignorato. [E:\repo\WinHubX\Project\WinHubX\WinHubX.csproj]
Forms\Base\FormMonitoraggio.resx : warning MSB3568: il nome di risorsa duplicato ">>BarCPU.ZOrder" non è consentito e verrà ignorato. [E:\repo\WinHubX\Project\WinHubX\WinHubX.csproj]
Forms\Base\FormMonitoraggio.resx : warning MSB3568: il nome di risorsa duplicato ">>label1.Name" non è consentito e verrà ignorato. [E:\repo\WinHubX\Project\WinHubX\WinHubX.csproj]
Forms\Base\FormMonitoraggio.resx : warning MSB3568: il nome di risorsa duplicato ">>label1.Type" non è consentito e verrà ignorato. [E:\repo\WinHubX\Project\WinHubX\WinHubX.csproj]
Forms\Base\FormMonitoraggio.resx : warning MSB3568: il nome di risorsa duplicato ">>label1.Parent" non è consentito e verrà ignorato. [E:\repo\WinHubX\Project\WinHubX\WinHubX.csproj]
Forms\Base\FormMonitoraggio.resx : warning MSB3568: il nome di risorsa duplicato ">>label1.ZOrder" non è consentito e verrà ignorato. [E:\repo\WinHubX\Project\WinHubX\WinHubX.csproj]
Forms\Base\FormMonitoraggio.resx : warning MSB3568: il nome di risorsa duplicato ">>label4.Name" non è consentito e verrà ignorato. [E:\repo\WinHubX\Project\WinHubX\WinHubX.csproj]
Forms\Base\FormMonitoraggio.resx : warning MSB3568: il nome di risorsa duplicato ">>label4.Type" non è consentito e verrà ignorato. [E:\repo\WinHubX\Project\WinHubX\WinHubX.csproj]
Forms\Base\FormMonitoraggio.resx : warning MSB3568: il nome di risorsa duplicato ">>label4.Parent" non è consentito e verrà ignorato. [E:\repo\WinHubX\Project\WinHubX\WinHubX.csproj]
Forms\Base\FormMonitoraggio.resx : warning MSB3568: il nome di risorsa duplicato ">>label4.ZOrder" non è consentito e verrà ignorato. [E:\repo\WinHubX\Project\WinHubX\WinHubX.csproj]
Forms\Base\FormMonitoraggio.resx : warning MSB3568: il nome di risorsa duplicato ">>limiteRAM.Name" non è consentito e verrà ignorato. [E:\repo\WinHubX\Project\WinHubX\WinHubX.csproj]
Forms\Base\FormMonitoraggio.resx : warning MSB3568: il nome di risorsa duplicato ">>limiteRAM.Type" non è consentito e verrà ignorato. [E:\repo\WinHubX\Project\WinHubX\WinHubX.csproj]
Forms\Base\FormMonitoraggio.resx : warning MSB3568: il nome di risorsa duplicato ">>limiteRAM.Parent" non è consentito e verrà ignorato. [E:\repo\WinHubX\Project\WinHubX\WinHubX.csproj]
Forms\Base\FormMonitoraggio.resx : warning MSB3568: il nome di risorsa duplicato ">>limiteRAM.ZOrder" non è consentito e verrà ignorato. [E:\repo\WinHubX\Project\WinHubX\WinHubX.csproj]
Forms\Base\FormMonitoraggio.resx : warning MSB3568: il nome di risorsa duplicato ">>puliziaautomaticRAM.Name" non è consentito e verrà ignorato. [E:\repo\WinHubX\Project\WinHubX\WinHubX.csproj]
Forms\Base\FormMonitoraggio.resx : warning MSB3568: il nome di risorsa duplicato ">>puliziaautomaticRAM.Type" non è consentito e verrà ignorato. [E:\repo\WinHubX\Project\WinHubX\WinHubX.csproj]
Forms\Base\FormMonitoraggio.resx : warning MSB3568: il nome di risorsa duplicato ">>puliziaautomaticRAM.Parent" non è consentito e verrà ignorato. [E:\repo\WinHubX\Project\WinHubX\WinHubX.csproj]
Forms\Base\FormMonitoraggio.resx : warning MSB3568: il nome di risorsa duplicato ">>puliziaautomaticRAM.ZOrder" non è consentito e verrà ignorato. [E:\repo\WinHubX\Project\WinHubX\WinHubX.csproj]
Forms\Base\FormMonitoraggio.resx : warning MSB3568: il nome di risorsa duplicato ">>label8.Name" non è consentito e verrà ignorato. [E:\repo\WinHubX\Project\WinHubX\WinHubX.csproj]
Forms\Base\FormMonitoraggio.resx : warning MSB3568: il nome di risorsa duplicato ">>label8.Type" non è consentito e verrà ignorato. [E:\repo\WinHubX\Project\WinHubX\WinHubX.csproj]
Forms\Base\FormMonitoraggio.resx : warning MSB3568: il nome di risorsa duplicato ">>label8.Parent" non è consentito e verrà ignorato. [E:\repo\WinHubX\Project\WinHubX\WinHubX.csproj]
Forms\Base\FormMonitoraggio.resx : warning MSB3568: il nome di risorsa duplicato ">>label8.ZOrder" non è consentito e verrà ignorato. [E:\repo\WinHubX\Project\WinHubX\WinHubX.csproj]
Forms\Base\FormMonitoraggio.resx : warning MSB3568: il nome di risorsa duplicato ">>label9.Name" non è consentito e verrà ignorato. [E:\repo\WinHubX\Project\WinHubX\WinHubX.csproj]
Forms\Base\FormMonitoraggio.resx : warning MSB3568: il nome di risorsa duplicato ">>label9.Type" non è consentito e verrà ignorato. [E:\repo\WinHubX\Project\WinHubX\WinHubX.csproj]
Forms\Base\FormMonitoraggio.resx : warning MSB3568: il nome di risorsa duplicato ">>label9.Parent" non è consentito e verrà ignorato. [E:\repo\WinHubX\Project\WinHubX\WinHubX.csproj]
Forms\Base\FormMonitoraggio.resx : warning MSB3568: il nome di risorsa duplicato ">>label9.ZOrder" non è consentito e verrà ignorato. [E:\repo\WinHubX\Project\WinHubX\WinHubX.csproj]
Forms\Base\FormMonitoraggio.resx : warning MSB3568: il nome di risorsa duplicato ">>label10.Name" non è consentito e verrà ignorato. [E:\repo\WinHubX\Project\WinHubX\WinHubX.csproj]
Forms\Base\FormMonitoraggio.resx : warning MSB3568: il nome di risorsa duplicato ">>label10.Type" non è consentito e verrà ignorato. [E:\repo\WinHubX\Project\WinHubX\WinHubX.csproj]
Forms\Base\FormMonitoraggio.resx : warning MSB3568: il nome di risorsa duplicato ">>label10.Parent" non è consentito e verrà ignorato. [E:\repo\WinHubX\Project\WinHubX\WinHubX.csproj]
Forms\Base\FormMonitoraggio.resx : warning MSB3568: il nome di risorsa duplicato ">>label10.ZOrder" non è consentito e verrà ignorato. [E:\repo\WinHubX\Project\WinHubX\WinHubX.csproj]
Forms\Base\FormMonitoraggio.resx : warning MSB3568: il nome di risorsa duplicato ">>btnPulisciRam.Name" non è consentito e verrà ignorato. [E:\repo\WinHubX\Project\WinHubX\WinHubX.csproj]
Forms\Base\FormMonitoraggio.resx : warning MSB3568: il nome di risorsa duplicato ">>btnPulisciRam.Type" non è consentito e verrà ignorato. [E:\repo\WinHubX\Project\WinHubX\WinHubX.csproj]
Forms\Base\FormMonitoraggio.resx : warning MSB3568: il nome di risorsa duplicato ">>btnPulisciRam.Parent" non è consentito e verrà ignorato. [E:\repo\WinHubX\Project\WinHubX\WinHubX.csproj]
Forms\Base\FormMonitoraggio.resx : warning MSB3568: il nome di risorsa duplicato ">>btnPulisciRam.ZOrder" non è consentito e verrà ignorato. [E:\repo\WinHubX\Project\WinHubX\WinHubX.csproj]
Forms\Base\FormMonitoraggio.resx : warning MSB3568: il nome di risorsa duplicato ">>BarRAMtext.Name" non è consentito e verrà ignorato. [E:\repo\WinHubX\Project\WinHubX\WinHubX.csproj]
Forms\Base\FormMonitoraggio.resx : warning MSB3568: il nome di risorsa duplicato ">>BarRAMtext.Type" non è consentito e verrà ignorato. [E:\repo\WinHubX\Project\WinHubX\WinHubX.csproj]
Forms\Base\FormMonitoraggio.resx : warning MSB3568: il nome di risorsa duplicato ">>BarRAMtext.Parent" non è consentito e verrà ignorato. [E:\repo\WinHubX\Project\WinHubX\WinHubX.csproj]
Forms\Base\FormMonitoraggio.resx : warning MSB3568: il nome di risorsa duplicato ">>BarRAMtext.ZOrder" non è consentito e verrà ignorato. [E:\repo\WinHubX\Project\WinHubX\WinHubX.csproj]
Forms\Base\FormMonitoraggio.resx : warning MSB3568: il nome di risorsa duplicato ">>BarRAM.Name" non è consentito e verrà ignorato. [E:\repo\WinHubX\Project\WinHubX\WinHubX.csproj]
Forms\Base\FormMonitoraggio.resx : warning MSB3568: il nome di risorsa duplicato ">>BarRAM.Type" non è consentito e verrà ignorato. [E:\repo\WinHubX\Project\WinHubX\WinHubX.csproj]
Forms\Base\FormMonitoraggio.resx : warning MSB3568: il nome di risorsa duplicato ">>BarRAM.Parent" non è consentito e verrà ignorato. [E:\repo\WinHubX\Project\WinHubX\WinHubX.csproj]
Forms\Base\FormMonitoraggio.resx : warning MSB3568: il nome di risorsa duplicato ">>BarRAM.ZOrder" non è consentito e verrà ignorato. [E:\repo\WinHubX\Project\WinHubX\WinHubX.csproj]
Forms\Base\FormMonitoraggio.resx : warning MSB3568: il nome di risorsa duplicato ">>label14.Name" non è consentito e verrà ignorato. [E:\repo\WinHubX\Project\WinHubX\WinHubX.csproj]
Forms\Base\FormMonitoraggio.resx : warning MSB3568: il nome di risorsa duplicato ">>label14.Type" non è consentito e verrà ignorato. [E:\repo\WinHubX\Project\WinHubX\WinHubX.csproj]
Forms\Base\FormMonitoraggio.resx : warning MSB3568: il nome di risorsa duplicato ">>label14.Parent" non è consentito e verrà ignorato. [E:\repo\WinHubX\Project\WinHubX\WinHubX.csproj]
Forms\Base\FormMonitoraggio.resx : warning MSB3568: il nome di risorsa duplicato ">>label14.ZOrder" non è consentito e verrà ignorato. [E:\repo\WinHubX\Project\WinHubX\WinHubX.csproj]
Forms\Base\FormMonitoraggio.resx : warning MSB3568: il nome di risorsa duplicato ">>label22.Name" non è consentito e verrà ignorato. [E:\repo\WinHubX\Project\WinHubX\WinHubX.csproj]
Forms\Base\FormMonitoraggio.resx : warning MSB3568: il nome di risorsa duplicato ">>label22.Type" non è consentito e verrà ignorato. [E:\repo\WinHubX\Project\WinHubX\WinHubX.csproj]
Forms\Base\FormMonitoraggio.resx : warning MSB3568: il nome di risorsa duplicato ">>label22.Parent" non è consentito e verrà ignorato. [E:\repo\WinHubX\Project\WinHubX\WinHubX.csproj]
Forms\Base\FormMonitoraggio.resx : warning MSB3568: il nome di risorsa duplicato ">>label22.ZOrder" non è consentito e verrà ignorato. [E:\repo\WinHubX\Project\WinHubX\WinHubX.csproj]
Forms\Base\FormMonitoraggio.resx : warning MSB3568: il nome di risorsa duplicato ">>label23.Name" non è consentito e verrà ignorato. [E:\repo\WinHubX\Project\WinHubX\WinHubX.csproj]
Forms\Base\FormMonitoraggio.resx : warning MSB3568: il nome di risorsa duplicato ">>label23.Type" non è consentito e verrà ignorato. [E:\repo\WinHubX\Project\WinHubX\WinHubX.csproj]
Forms\Base\FormMonitoraggio.resx : warning MSB3568: il nome di risorsa duplicato ">>label23.Parent" non è consentito e verrà ignorato. [E:\repo\WinHubX\Project\WinHubX\WinHubX.csproj]
Forms\Base\FormMonitoraggio.resx : warning MSB3568: il nome di risorsa duplicato ">>label23.ZOrder" non è consentito e verrà ignorato. [E:\repo\WinHubX\Project\WinHubX\WinHubX.csproj]
Forms\Base\FormMonitoraggio.resx : warning MSB3568: il nome di risorsa duplicato ">>cuiSwitch_gputemperatura.Name" non è consentito e verrà ignorato. [E:\repo\WinHubX\Project\WinHubX\WinHubX.csproj]
Forms\Base\FormMonitoraggio.resx : warning MSB3568: il nome di risorsa duplicato ">>cuiSwitch_gputemperatura.Type" non è consentito e verrà ignorato. [E:\repo\WinHubX\Project\WinHubX\WinHubX.csproj]
Forms\Base\FormMonitoraggio.resx : warning MSB3568: il nome di risorsa duplicato ">>cuiSwitch_gputemperatura.Parent" non è consentito e verrà ignorato. [E:\repo\WinHubX\Project\WinHubX\WinHubX.csproj]
Forms\Base\FormMonitoraggio.resx : warning MSB3568: il nome di risorsa duplicato ">>cuiSwitch_gputemperatura.ZOrder" non è consentito e verrà ignorato. [E:\repo\WinHubX\Project\WinHubX\WinHubX.csproj]
Forms\Base\FormMonitoraggio.resx : warning MSB3568: il nome di risorsa duplicato ">>label2.Name" non è consentito e verrà ignorato. [E:\repo\WinHubX\Project\WinHubX\WinHubX.csproj]
Forms\Base\FormMonitoraggio.resx : warning MSB3568: il nome di risorsa duplicato ">>label2.Type" non è consentito e verrà ignorato. [E:\repo\WinHubX\Project\WinHubX\WinHubX.csproj]
Forms\Base\FormMonitoraggio.resx : warning MSB3568: il nome di risorsa duplicato ">>label2.Parent" non è consentito e verrà ignorato. [E:\repo\WinHubX\Project\WinHubX\WinHubX.csproj]
Forms\Base\FormMonitoraggio.resx : warning MSB3568: il nome di risorsa duplicato ">>label2.ZOrder" non è consentito e verrà ignorato. [E:\repo\WinHubX\Project\WinHubX\WinHubX.csproj]
Forms\Base\FormMonitoraggio.resx : warning MSB3568: il nome di risorsa duplicato ">>BarGPUtext.Name" non è consentito e verrà ignorato. [E:\repo\WinHubX\Project\WinHubX\WinHubX.csproj]
Forms\Base\FormMonitoraggio.resx : warning MSB3568: il nome di risorsa duplicato ">>BarGPUtext.Type" non è consentito e verrà ignorato. [E:\repo\WinHubX\Project\WinHubX\WinHubX.csproj]
Forms\Base\FormMonitoraggio.resx : warning MSB3568: il nome di risorsa duplicato ">>BarGPUtext.Parent" non è consentito e verrà ignorato. [E:\repo\WinHubX\Project\WinHubX\WinHubX.csproj]
Forms\Base\FormMonitoraggio.resx : warning MSB3568: il nome di risorsa duplicato ">>BarGPUtext.ZOrder" non è consentito e verrà ignorato. [E:\repo\WinHubX\Project\WinHubX\WinHubX.csproj]
Forms\Base\FormMonitoraggio.resx : warning MSB3568: il nome di risorsa duplicato ">>BarGPU.Name" non è consentito e verrà ignorato. [E:\repo\WinHubX\Project\WinHubX\WinHubX.csproj]
Forms\Base\FormMonitoraggio.resx : warning MSB3568: il nome di risorsa duplicato ">>BarGPU.Type" non è consentito e verrà ignorato. [E:\repo\WinHubX\Project\WinHubX\WinHubX.csproj]
Forms\Base\FormMonitoraggio.resx : warning MSB3568: il nome di risorsa duplicato ">>BarGPU.Parent" non è consentito e verrà ignorato. [E:\repo\WinHubX\Project\WinHubX\WinHubX.csproj]
Forms\Base\FormMonitoraggio.resx : warning MSB3568: il nome di risorsa duplicato ">>BarGPU.ZOrder" non è consentito e verrà ignorato. [E:\repo\WinHubX\Project\WinHubX\WinHubX.csproj]
Forms\Base\FormMonitoraggio.resx : warning MSB3568: il nome di risorsa duplicato ">>labelGpuTemp.Name" non è consentito e verrà ignorato. [E:\repo\WinHubX\Project\WinHubX\WinHubX.csproj]
Forms\Base\FormMonitoraggio.resx : warning MSB3568: il nome di risorsa duplicato ">>labelGpuTemp.Type" non è consentito e verrà ignorato. [E:\repo\WinHubX\Project\WinHubX\WinHubX.csproj]
Forms\Base\FormMonitoraggio.resx : warning MSB3568: il nome di risorsa duplicato ">>labelGpuTemp.Parent" non è consentito e verrà ignorato. [E:\repo\WinHubX\Project\WinHubX\WinHubX.csproj]
Forms\Base\FormMonitoraggio.resx : warning MSB3568: il nome di risorsa duplicato ">>labelGpuTemp.ZOrder" non è consentito e verrà ignorato. [E:\repo\WinHubX\Project\WinHubX\WinHubX.csproj]
Forms\Base\FormMonitoraggio.resx : warning MSB3568: il nome di risorsa duplicato ">>pic_termgpu.Name" non è consentito e verrà ignorato. [E:\repo\WinHubX\Project\WinHubX\WinHubX.csproj]
Forms\Base\FormMonitoraggio.resx : warning MSB3568: il nome di risorsa duplicato ">>pic_termgpu.Type" non è consentito e verrà ignorato. [E:\repo\WinHubX\Project\WinHubX\WinHubX.csproj]
Forms\Base\FormMonitoraggio.resx : warning MSB3568: il nome di risorsa duplicato ">>pic_termgpu.Parent" non è consentito e verrà ignorato. [E:\repo\WinHubX\Project\WinHubX\WinHubX.csproj]
Forms\Base\FormMonitoraggio.resx : warning MSB3568: il nome di risorsa duplicato ">>pic_termgpu.ZOrder" non è consentito e verrà ignorato. [E:\repo\WinHubX\Project\WinHubX\WinHubX.csproj]
Forms\Base\FormMonitoraggio.resx : warning MSB3568: il nome di risorsa duplicato ">>label19.Name" non è consentito e verrà ignorato. [E:\repo\WinHubX\Project\WinHubX\WinHubX.csproj]
Forms\Base\FormMonitoraggio.resx : warning MSB3568: il nome di risorsa duplicato ">>label19.Type" non è consentito e verrà ignorato. [E:\repo\WinHubX\Project\WinHubX\WinHubX.csproj]
Forms\Base\FormMonitoraggio.resx : warning MSB3568: il nome di risorsa duplicato ">>label19.Parent" non è consentito e verrà ignorato. [E:\repo\WinHubX\Project\WinHubX\WinHubX.csproj]
Forms\Base\FormMonitoraggio.resx : warning MSB3568: il nome di risorsa duplicato ">>label19.ZOrder" non è consentito e verrà ignorato. [E:\repo\WinHubX\Project\WinHubX\WinHubX.csproj]
Forms\Base\FormMonitoraggio.resx : warning MSB3568: il nome di risorsa duplicato ">>label20.Name" non è consentito e verrà ignorato. [E:\repo\WinHubX\Project\WinHubX\WinHubX.csproj]
Forms\Base\FormMonitoraggio.resx : warning MSB3568: il nome di risorsa duplicato ">>label20.Type" non è consentito e verrà ignorato. [E:\repo\WinHubX\Project\WinHubX\WinHubX.csproj]
Forms\Base\FormMonitoraggio.resx : warning MSB3568: il nome di risorsa duplicato ">>label20.Parent" non è consentito e verrà ignorato. [E:\repo\WinHubX\Project\WinHubX\WinHubX.csproj]
Forms\Base\FormMonitoraggio.resx : warning MSB3568: il nome di risorsa duplicato ">>label20.ZOrder" non è consentito e verrà ignorato. [E:\repo\WinHubX\Project\WinHubX\WinHubX.csproj]
Forms\Base\FormMonitoraggio.resx : warning MSB3568: il nome di risorsa duplicato ">>label13.Name" non è consentito e verrà ignorato. [E:\repo\WinHubX\Project\WinHubX\WinHubX.csproj]
Forms\Base\FormMonitoraggio.resx : warning MSB3568: il nome di risorsa duplicato ">>label13.Type" non è consentito e verrà ignorato. [E:\repo\WinHubX\Project\WinHubX\WinHubX.csproj]
Forms\Base\FormMonitoraggio.resx : warning MSB3568: il nome di risorsa duplicato ">>label13.Parent" non è consentito e verrà ignorato. [E:\repo\WinHubX\Project\WinHubX\WinHubX.csproj]
Forms\Base\FormMonitoraggio.resx : warning MSB3568: il nome di risorsa duplicato ">>label13.ZOrder" non è consentito e verrà ignorato. [E:\repo\WinHubX\Project\WinHubX\WinHubX.csproj]
Forms\Base\FormMonitoraggio.resx : warning MSB3568: il nome di risorsa duplicato ">>labelReteUtilizzo.Name" non è consentito e verrà ignorato. [E:\repo\WinHubX\Project\WinHubX\WinHubX.csproj]
Forms\Base\FormMonitoraggio.resx : warning MSB3568: il nome di risorsa duplicato ">>labelReteUtilizzo.Type" non è consentito e verrà ignorato. [E:\repo\WinHubX\Project\WinHubX\WinHubX.csproj]
Forms\Base\FormMonitoraggio.resx : warning MSB3568: il nome di risorsa duplicato ">>labelReteUtilizzo.Parent" non è consentito e verrà ignorato. [E:\repo\WinHubX\Project\WinHubX\WinHubX.csproj]
Forms\Base\FormMonitoraggio.resx : warning MSB3568: il nome di risorsa duplicato ">>labelReteUtilizzo.ZOrder" non è consentito e verrà ignorato. [E:\repo\WinHubX\Project\WinHubX\WinHubX.csproj]
Forms\Base\FormMonitoraggio.resx : warning MSB3568: il nome di risorsa duplicato ">>progressbarRete.Name" non è consentito e verrà ignorato. [E:\repo\WinHubX\Project\WinHubX\WinHubX.csproj]
Forms\Base\FormMonitoraggio.resx : warning MSB3568: il nome di risorsa duplicato ">>progressbarRete.Type" non è consentito e verrà ignorato. [E:\repo\WinHubX\Project\WinHubX\WinHubX.csproj]
Forms\Base\FormMonitoraggio.resx : warning MSB3568: il nome di risorsa duplicato ">>progressbarRete.Parent" non è consentito e verrà ignorato. [E:\repo\WinHubX\Project\WinHubX\WinHubX.csproj]
Forms\Base\FormMonitoraggio.resx : warning MSB3568: il nome di risorsa duplicato ">>progressbarRete.ZOrder" non è consentito e verrà ignorato. [E:\repo\WinHubX\Project\WinHubX\WinHubX.csproj]
Forms\Base\FormMonitoraggio.resx : warning MSB3568: il nome di risorsa duplicato ">>lblDonwload.Name" non è consentito e verrà ignorato. [E:\repo\WinHubX\Project\WinHubX\WinHubX.csproj]
Forms\Base\FormMonitoraggio.resx : warning MSB3568: il nome di risorsa duplicato ">>lblDonwload.Type" non è consentito e verrà ignorato. [E:\repo\WinHubX\Project\WinHubX\WinHubX.csproj]
Forms\Base\FormMonitoraggio.resx : warning MSB3568: il nome di risorsa duplicato ">>lblDonwload.Parent" non è consentito e verrà ignorato. [E:\repo\WinHubX\Project\WinHubX\WinHubX.csproj]
Forms\Base\FormMonitoraggio.resx : warning MSB3568: il nome di risorsa duplicato ">>lblDonwload.ZOrder" non è consentito e verrà ignorato. [E:\repo\WinHubX\Project\WinHubX\WinHubX.csproj]
Forms\Base\FormMonitoraggio.resx : warning MSB3568: il nome di risorsa duplicato ">>lblUpload.Name" non è consentito e verrà ignorato. [E:\repo\WinHubX\Project\WinHubX\WinHubX.csproj]
Forms\Base\FormMonitoraggio.resx : warning MSB3568: il nome di risorsa duplicato ">>lblUpload.Type" non è consentito e verrà ignorato. [E:\repo\WinHubX\Project\WinHubX\WinHubX.csproj]
Forms\Base\FormMonitoraggio.resx : warning MSB3568: il nome di risorsa duplicato ">>lblUpload.Parent" non è consentito e verrà ignorato. [E:\repo\WinHubX\Project\WinHubX\WinHubX.csproj]
Forms\Base\FormMonitoraggio.resx : warning MSB3568: il nome di risorsa duplicato ">>lblUpload.ZOrder" non è consentito e verrà ignorato. [E:\repo\WinHubX\Project\WinHubX\WinHubX.csproj]
Forms\Base\FormMonitoraggio.resx : warning MSB3568: il nome di risorsa duplicato ">>labelVelocitaRete.Name" non è consentito e verrà ignorato. [E:\repo\WinHubX\Project\WinHubX\WinHubX.csproj]
Forms\Base\FormMonitoraggio.resx : warning MSB3568: il nome di risorsa duplicato ">>labelVelocitaRete.Type" non è consentito e verrà ignorato. [E:\repo\WinHubX\Project\WinHubX\WinHubX.csproj]
Forms\Base\FormMonitoraggio.resx : warning MSB3568: il nome di risorsa duplicato ">>labelVelocitaRete.Parent" non è consentito e verrà ignorato. [E:\repo\WinHubX\Project\WinHubX\WinHubX.csproj]
Forms\Base\FormMonitoraggio.resx : warning MSB3568: il nome di risorsa duplicato ">>labelVelocitaRete.ZOrder" non è consentito e verrà ignorato. [E:\repo\WinHubX\Project\WinHubX\WinHubX.csproj]
Forms\Base\FormMonitoraggio.resx : warning MSB3568: il nome di risorsa duplicato ">>label15.Name" non è consentito e verrà ignorato. [E:\repo\WinHubX\Project\WinHubX\WinHubX.csproj]
Forms\Base\FormMonitoraggio.resx : warning MSB3568: il nome di risorsa duplicato ">>label15.Type" non è consentito e verrà ignorato. [E:\repo\WinHubX\Project\WinHubX\WinHubX.csproj]
Forms\Base\FormMonitoraggio.resx : warning MSB3568: il nome di risorsa duplicato ">>label15.Parent" non è consentito e verrà ignorato. [E:\repo\WinHubX\Project\WinHubX\WinHubX.csproj]
Forms\Base\FormMonitoraggio.resx : warning MSB3568: il nome di risorsa duplicato ">>label15.ZOrder" non è consentito e verrà ignorato. [E:\repo\WinHubX\Project\WinHubX\WinHubX.csproj]
Forms\Base\FormSettaggi.resx : warning MSB3568: il nome di risorsa duplicato ">>cuiFileDropper1White.Name" non è consentito e verrà ignorato. [E:\repo\WinHubX\Project\WinHubX\WinHubX.csproj]
Forms\Base\FormSettaggi.resx : warning MSB3568: il nome di risorsa duplicato ">>cuiFileDropper1White.Type" non è consentito e verrà ignorato. [E:\repo\WinHubX\Project\WinHubX\WinHubX.csproj]
Forms\Base\FormSettaggi.resx : warning MSB3568: il nome di risorsa duplicato ">>cuiFileDropper1White.Parent" non è consentito e verrà ignorato. [E:\repo\WinHubX\Project\WinHubX\WinHubX.csproj]
Forms\Base\FormSettaggi.resx : warning MSB3568: il nome di risorsa duplicato ">>cuiFileDropper1White.ZOrder" non è consentito e verrà ignorato. [E:\repo\WinHubX\Project\WinHubX\WinHubX.csproj]
Forms\ImpostazioniApp\FormImpostazioniApp.resx : warning MSB3568: il nome di risorsa duplicato ">>pictureBox7.Name" non è consentito e verrà ignorato. [E:\repo\WinHubX\Project\WinHubX\WinHubX.csproj]
Forms\ImpostazioniApp\FormImpostazioniApp.resx : warning MSB3568: il nome di risorsa duplicato ">>pictureBox7.Type" non è consentito e verrà ignorato. [E:\repo\WinHubX\Project\WinHubX\WinHubX.csproj]
Forms\ImpostazioniApp\FormImpostazioniApp.resx : warning MSB3568: il nome di risorsa duplicato ">>pictureBox7.Parent" non è consentito e verrà ignorato. [E:\repo\WinHubX\Project\WinHubX\WinHubX.csproj]
Forms\ImpostazioniApp\FormImpostazioniApp.resx : warning MSB3568: il nome di risorsa duplicato ">>pictureBox7.ZOrder" non è consentito e verrà ignorato. [E:\repo\WinHubX\Project\WinHubX\WinHubX.csproj]
Forms\ImpostazioniApp\FormImpostazioniApp.resx : warning MSB3568: il nome di risorsa duplicato ">>pictureBox6.Name" non è consentito e verrà ignorato. [E:\repo\WinHubX\Project\WinHubX\WinHubX.csproj]
Forms\ImpostazioniApp\FormImpostazioniApp.resx : warning MSB3568: il nome di risorsa duplicato ">>pictureBox6.Type" non è consentito e verrà ignorato. [E:\repo\WinHubX\Project\WinHubX\WinHubX.csproj]
Forms\ImpostazioniApp\FormImpostazioniApp.resx : warning MSB3568: il nome di risorsa duplicato ">>pictureBox6.Parent" non è consentito e verrà ignorato. [E:\repo\WinHubX\Project\WinHubX\WinHubX.csproj]
Forms\ImpostazioniApp\FormImpostazioniApp.resx : warning MSB3568: il nome di risorsa duplicato ">>pictureBox6.ZOrder" non è consentito e verrà ignorato. [E:\repo\WinHubX\Project\WinHubX\WinHubX.csproj]
Forms\ImpostazioniApp\FormImpostazioniApp.resx : warning MSB3568: il nome di risorsa duplicato ">>pictureBox2.Name" non è consentito e verrà ignorato. [E:\repo\WinHubX\Project\WinHubX\WinHubX.csproj]
Forms\ImpostazioniApp\FormImpostazioniApp.resx : warning MSB3568: il nome di risorsa duplicato ">>pictureBox2.Type" non è consentito e verrà ignorato. [E:\repo\WinHubX\Project\WinHubX\WinHubX.csproj]
Forms\ImpostazioniApp\FormImpostazioniApp.resx : warning MSB3568: il nome di risorsa duplicato ">>pictureBox2.Parent" non è consentito e verrà ignorato. [E:\repo\WinHubX\Project\WinHubX\WinHubX.csproj]
Forms\ImpostazioniApp\FormImpostazioniApp.resx : warning MSB3568: il nome di risorsa duplicato ">>pictureBox2.ZOrder" non è consentito e verrà ignorato. [E:\repo\WinHubX\Project\WinHubX\WinHubX.csproj]
Forms\ImpostazioniApp\FormImpostazioniApp.resx : warning MSB3568: il nome di risorsa duplicato ">>label8.Name" non è consentito e verrà ignorato. [E:\repo\WinHubX\Project\WinHubX\WinHubX.csproj]
Forms\ImpostazioniApp\FormImpostazioniApp.resx : warning MSB3568: il nome di risorsa duplicato ">>label8.Type" non è consentito e verrà ignorato. [E:\repo\WinHubX\Project\WinHubX\WinHubX.csproj]
Forms\ImpostazioniApp\FormImpostazioniApp.resx : warning MSB3568: il nome di risorsa duplicato ">>label8.Parent" non è consentito e verrà ignorato. [E:\repo\WinHubX\Project\WinHubX\WinHubX.csproj]
Forms\ImpostazioniApp\FormImpostazioniApp.resx : warning MSB3568: il nome di risorsa duplicato ">>label8.ZOrder" non è consentito e verrà ignorato. [E:\repo\WinHubX\Project\WinHubX\WinHubX.csproj]
Forms\ImpostazioniApp\FormImpostazioniApp.resx : warning MSB3568: il nome di risorsa duplicato ">>pictureBox10.Name" non è consentito e verrà ignorato. [E:\repo\WinHubX\Project\WinHubX\WinHubX.csproj]
Forms\ImpostazioniApp\FormImpostazioniApp.resx : warning MSB3568: il nome di risorsa duplicato ">>pictureBox10.Type" non è consentito e verrà ignorato. [E:\repo\WinHubX\Project\WinHubX\WinHubX.csproj]
Forms\ImpostazioniApp\FormImpostazioniApp.resx : warning MSB3568: il nome di risorsa duplicato ">>pictureBox10.Parent" non è consentito e verrà ignorato. [E:\repo\WinHubX\Project\WinHubX\WinHubX.csproj]
Forms\ImpostazioniApp\FormImpostazioniApp.resx : warning MSB3568: il nome di risorsa duplicato ">>pictureBox10.ZOrder" non è consentito e verrà ignorato. [E:\repo\WinHubX\Project\WinHubX\WinHubX.csproj]
Forms\ImpostazioniApp\FormImpostazioniApp.resx : warning MSB3568: il nome di risorsa duplicato ">>pictureBox5.Name" non è consentito e verrà ignorato. [E:\repo\WinHubX\Project\WinHubX\WinHubX.csproj]
Forms\ImpostazioniApp\FormImpostazioniApp.resx : warning MSB3568: il nome di risorsa duplicato ">>pictureBox5.Type" non è consentito e verrà ignorato. [E:\repo\WinHubX\Project\WinHubX\WinHubX.csproj]
Forms\ImpostazioniApp\FormImpostazioniApp.resx : warning MSB3568: il nome di risorsa duplicato ">>pictureBox5.Parent" non è consentito e verrà ignorato. [E:\repo\WinHubX\Project\WinHubX\WinHubX.csproj]
Forms\ImpostazioniApp\FormImpostazioniApp.resx : warning MSB3568: il nome di risorsa duplicato ">>pictureBox5.ZOrder" non è consentito e verrà ignorato. [E:\repo\WinHubX\Project\WinHubX\WinHubX.csproj]
Forms\ImpostazioniApp\FormImpostazioniApp.resx : warning MSB3568: il nome di risorsa duplicato ">>pictureBox4.Name" non è consentito e verrà ignorato. [E:\repo\WinHubX\Project\WinHubX\WinHubX.csproj]
Forms\ImpostazioniApp\FormImpostazioniApp.resx : warning MSB3568: il nome di risorsa duplicato ">>pictureBox4.Type" non è consentito e verrà ignorato. [E:\repo\WinHubX\Project\WinHubX\WinHubX.csproj]
Forms\ImpostazioniApp\FormImpostazioniApp.resx : warning MSB3568: il nome di risorsa duplicato ">>pictureBox4.Parent" non è consentito e verrà ignorato. [E:\repo\WinHubX\Project\WinHubX\WinHubX.csproj]
Forms\ImpostazioniApp\FormImpostazioniApp.resx : warning MSB3568: il nome di risorsa duplicato ">>pictureBox4.ZOrder" non è consentito e verrà ignorato. [E:\repo\WinHubX\Project\WinHubX\WinHubX.csproj]
Forms\ImpostazioniApp\FormImpostazioniApp.resx : warning MSB3568: il nome di risorsa duplicato ">>pictureBox3.Name" non è consentito e verrà ignorato. [E:\repo\WinHubX\Project\WinHubX\WinHubX.csproj]
Forms\ImpostazioniApp\FormImpostazioniApp.resx : warning MSB3568: il nome di risorsa duplicato ">>pictureBox3.Type" non è consentito e verrà ignorato. [E:\repo\WinHubX\Project\WinHubX\WinHubX.csproj]
Forms\ImpostazioniApp\FormImpostazioniApp.resx : warning MSB3568: il nome di risorsa duplicato ">>pictureBox3.Parent" non è consentito e verrà ignorato. [E:\repo\WinHubX\Project\WinHubX\WinHubX.csproj]
Forms\ImpostazioniApp\FormImpostazioniApp.resx : warning MSB3568: il nome di risorsa duplicato ">>pictureBox3.ZOrder" non è consentito e verrà ignorato. [E:\repo\WinHubX\Project\WinHubX\WinHubX.csproj]
Forms\ImpostazioniApp\FormImpostazioniApp.resx : warning MSB3568: il nome di risorsa duplicato ">>radioButton_sistemalingua.Name" non è consentito e verrà ignorato. [E:\repo\WinHubX\Project\WinHubX\WinHubX.csproj]
Forms\ImpostazioniApp\FormImpostazioniApp.resx : warning MSB3568: il nome di risorsa duplicato ">>radioButton_sistemalingua.Type" non è consentito e verrà ignorato. [E:\repo\WinHubX\Project\WinHubX\WinHubX.csproj]
Forms\ImpostazioniApp\FormImpostazioniApp.resx : warning MSB3568: il nome di risorsa duplicato ">>radioButton_sistemalingua.Parent" non è consentito e verrà ignorato. [E:\repo\WinHubX\Project\WinHubX\WinHubX.csproj]
Forms\ImpostazioniApp\FormImpostazioniApp.resx : warning MSB3568: il nome di risorsa duplicato ">>radioButton_sistemalingua.ZOrder" non è consentito e verrà ignorato. [E:\repo\WinHubX\Project\WinHubX\WinHubX.csproj]
Forms\ImpostazioniApp\FormImpostazioniApp.resx : warning MSB3568: il nome di risorsa duplicato ">>radioButton_ingleselingua.Name" non è consentito e verrà ignorato. [E:\repo\WinHubX\Project\WinHubX\WinHubX.csproj]
Forms\ImpostazioniApp\FormImpostazioniApp.resx : warning MSB3568: il nome di risorsa duplicato ">>radioButton_ingleselingua.Type" non è consentito e verrà ignorato. [E:\repo\WinHubX\Project\WinHubX\WinHubX.csproj]
Forms\ImpostazioniApp\FormImpostazioniApp.resx : warning MSB3568: il nome di risorsa duplicato ">>radioButton_ingleselingua.Parent" non è consentito e verrà ignorato. [E:\repo\WinHubX\Project\WinHubX\WinHubX.csproj]
Forms\ImpostazioniApp\FormImpostazioniApp.resx : warning MSB3568: il nome di risorsa duplicato ">>radioButton_ingleselingua.ZOrder" non è consentito e verrà ignorato. [E:\repo\WinHubX\Project\WinHubX\WinHubX.csproj]
Forms\ImpostazioniApp\FormImpostazioniApp.resx : warning MSB3568: il nome di risorsa duplicato ">>label1.Name" non è consentito e verrà ignorato. [E:\repo\WinHubX\Project\WinHubX\WinHubX.csproj]
Forms\ImpostazioniApp\FormImpostazioniApp.resx : warning MSB3568: il nome di risorsa duplicato ">>label1.Type" non è consentito e verrà ignorato. [E:\repo\WinHubX\Project\WinHubX\WinHubX.csproj]
Forms\ImpostazioniApp\FormImpostazioniApp.resx : warning MSB3568: il nome di risorsa duplicato ">>label1.Parent" non è consentito e verrà ignorato. [E:\repo\WinHubX\Project\WinHubX\WinHubX.csproj]
Forms\ImpostazioniApp\FormImpostazioniApp.resx : warning MSB3568: il nome di risorsa duplicato ">>label1.ZOrder" non è consentito e verrà ignorato. [E:\repo\WinHubX\Project\WinHubX\WinHubX.csproj]
Forms\ImpostazioniApp\FormImpostazioniApp.resx : warning MSB3568: il nome di risorsa duplicato ">>radioButton_italianolinuga.Name" non è consentito e verrà ignorato. [E:\repo\WinHubX\Project\WinHubX\WinHubX.csproj]
Forms\ImpostazioniApp\FormImpostazioniApp.resx : warning MSB3568: il nome di risorsa duplicato ">>radioButton_italianolinuga.Type" non è consentito e verrà ignorato. [E:\repo\WinHubX\Project\WinHubX\WinHubX.csproj]
Forms\ImpostazioniApp\FormImpostazioniApp.resx : warning MSB3568: il nome di risorsa duplicato ">>radioButton_italianolinuga.Parent" non è consentito e verrà ignorato. [E:\repo\WinHubX\Project\WinHubX\WinHubX.csproj]
Forms\ImpostazioniApp\FormImpostazioniApp.resx : warning MSB3568: il nome di risorsa duplicato ">>radioButton_italianolinuga.ZOrder" non è consentito e verrà ignorato. [E:\repo\WinHubX\Project\WinHubX\WinHubX.csproj]
Forms\ImpostazioniApp\FormImpostazioniApp.resx : warning MSB3568: il nome di risorsa duplicato ">>pictureBox1.Name" non è consentito e verrà ignorato. [E:\repo\WinHubX\Project\WinHubX\WinHubX.csproj]
Forms\ImpostazioniApp\FormImpostazioniApp.resx : warning MSB3568: il nome di risorsa duplicato ">>pictureBox1.Type" non è consentito e verrà ignorato. [E:\repo\WinHubX\Project\WinHubX\WinHubX.csproj]
Forms\ImpostazioniApp\FormImpostazioniApp.resx : warning MSB3568: il nome di risorsa duplicato ">>pictureBox1.Parent" non è consentito e verrà ignorato. [E:\repo\WinHubX\Project\WinHubX\WinHubX.csproj]
Forms\ImpostazioniApp\FormImpostazioniApp.resx : warning MSB3568: il nome di risorsa duplicato ">>pictureBox1.ZOrder" non è consentito e verrà ignorato. [E:\repo\WinHubX\Project\WinHubX\WinHubX.csproj]
E:\repo\WinHubX\Project\WinHubX\Program.cs(87,36): warning CS8600: Conversione del valore letterale Null o di un possibile valore Null in un tipo che non ammette i valori Null. [E:\repo\WinHubX\Project\WinHubX\WinHubX.csproj]
E:\repo\WinHubX\Project\WinHubX\Program.cs(9,36): warning CS8618: L'elemento campo 'Config' non nullable deve contenere un valore non Null all'uscita dal costruttore. Prendere in considerazione l'aggiunta del modificatore 'required' o la dichiarazione di campo come nullable. [E:\repo\WinHubX\Project\WinHubX\WinHubX.csproj]
E:\repo\WinHubX\Project\WinHubX\Impostazioni\ThemeManager.cs(307,27): warning CS8600: Conversione del valore letterale Null o di un possibile valore Null in un tipo che non ammette i valori Null. [E:\repo\WinHubX\Project\WinHubX\WinHubX.csproj]
E:\repo\WinHubX\Project\WinHubX\Forms\Settaggi\FormUtility.cs(280,37): warning CS8604: Possibile argomento di riferimento Null per il parametro 'value' in 'void RegistryKey.SetValue(string? name, object value, RegistryValueKind valueKind)'. [E:\repo\WinHubX\Project\WinHubX\WinHubX.csproj]
E:\repo\WinHubX\Project\WinHubX\Forms\Base\FormHome.cs(340,38): warning CS8600: Conversione del valore letterale Null o di un possibile valore Null in un tipo che non ammette i valori Null. [E:\repo\WinHubX\Project\WinHubX\WinHubX.csproj]
E:\repo\WinHubX\Project\WinHubX\Forms\Settaggi\FormUtility.cs(358,45): warning CS8600: Conversione del valore letterale Null o di un possibile valore Null in un tipo che non ammette i valori Null. [E:\repo\WinHubX\Project\WinHubX\WinHubX.csproj]
E:\repo\WinHubX\Project\WinHubX\Forms\Base\FormHome.cs(397,33): warning CS8602: Dereferenziamento di un possibile riferimento Null. [E:\repo\WinHubX\Project\WinHubX\WinHubX.csproj]
E:\repo\WinHubX\Project\WinHubX\Forms\Base\FormHome.cs(545,13): warning CS8601: Possibile assegnazione di riferimento Null. [E:\repo\WinHubX\Project\WinHubX\WinHubX.csproj]
E:\repo\WinHubX\Project\WinHubX\Forms\Base\FormHome.cs(546,13): warning CS8601: Possibile assegnazione di riferimento Null. [E:\repo\WinHubX\Project\WinHubX\WinHubX.csproj]
E:\repo\WinHubX\Project\WinHubX\Forms\Base\FormHome.cs(643,13): warning CS4014: Non è possibile attendere la chiamata, pertanto l'esecuzione del metodo corrente continuerà prima del completamento della chiamata. Provare ad applicare l'operatore 'await' al risultato della chiamata. [E:\repo\WinHubX\Project\WinHubX\WinHubX.csproj]
E:\repo\WinHubX\Project\WinHubX\Forms\CreaISO\FormCreazioneISO.cs(267,113): warning CS8604: Possibile argomento di riferimento Null per il parametro 'progress' in 'void FormCreazioneISO.ExtractDirectory(DiscDirectoryInfo directory, string targetPath, ref int extractedFiles, int totalFiles, IProgress<int> progress, CancellationToken token)'. [E:\repo\WinHubX\Project\WinHubX\WinHubX.csproj]
E:\repo\WinHubX\Project\WinHubX\Forms\Settaggi\FormUtility.cs(386,48): warning CS8600: Conversione del valore letterale Null o di un possibile valore Null in un tipo che non ammette i valori Null. [E:\repo\WinHubX\Project\WinHubX\WinHubX.csproj]
E:\repo\WinHubX\Project\WinHubX\Forms\Settaggi\FormUtility.cs(390,48): warning CS8600: Conversione del valore letterale Null o di un possibile valore Null in un tipo che non ammette i valori Null. [E:\repo\WinHubX\Project\WinHubX\WinHubX.csproj]
E:\repo\WinHubX\Project\WinHubX\Forms\Settaggi\FormUtility.cs(394,50): warning CS8600: Conversione del valore letterale Null o di un possibile valore Null in un tipo che non ammette i valori Null. [E:\repo\WinHubX\Project\WinHubX\WinHubX.csproj]
E:\repo\WinHubX\Project\WinHubX\Forms\Settaggi\FormUtility.cs(402,65): warning CS8600: Conversione del valore letterale Null o di un possibile valore Null in un tipo che non ammette i valori Null. [E:\repo\WinHubX\Project\WinHubX\WinHubX.csproj]
E:\repo\WinHubX\Project\WinHubX\Forms\Settaggi\FormUtility.cs(428,48): warning CS8600: Conversione del valore letterale Null o di un possibile valore Null in un tipo che non ammette i valori Null. [E:\repo\WinHubX\Project\WinHubX\WinHubX.csproj]
E:\repo\WinHubX\Project\WinHubX\Forms\Settaggi\FormUtility.cs(432,48): warning CS8600: Conversione del valore letterale Null o di un possibile valore Null in un tipo che non ammette i valori Null. [E:\repo\WinHubX\Project\WinHubX\WinHubX.csproj]
E:\repo\WinHubX\Project\WinHubX\Forms\Settaggi\FormUtility.cs(436,50): warning CS8600: Conversione del valore letterale Null o di un possibile valore Null in un tipo che non ammette i valori Null. [E:\repo\WinHubX\Project\WinHubX\WinHubX.csproj]
E:\repo\WinHubX\Project\WinHubX\Forms\Settaggi\FormUtility.cs(440,50): warning CS8600: Conversione del valore letterale Null o di un possibile valore Null in un tipo che non ammette i valori Null. [E:\repo\WinHubX\Project\WinHubX\WinHubX.csproj]
E:\repo\WinHubX\Project\WinHubX\Forms\Settaggi\FormUtility.cs(463,48): warning CS8600: Conversione del valore letterale Null o di un possibile valore Null in un tipo che non ammette i valori Null. [E:\repo\WinHubX\Project\WinHubX\WinHubX.csproj]
E:\repo\WinHubX\Project\WinHubX\Forms\Settaggi\FormUtility.cs(468,48): warning CS8600: Conversione del valore letterale Null o di un possibile valore Null in un tipo che non ammette i valori Null. [E:\repo\WinHubX\Project\WinHubX\WinHubX.csproj]
E:\repo\WinHubX\Project\WinHubX\Forms\Settaggi\FormUtility.cs(489,54): warning CS8600: Conversione del valore letterale Null o di un possibile valore Null in un tipo che non ammette i valori Null. [E:\repo\WinHubX\Project\WinHubX\WinHubX.csproj]
E:\repo\WinHubX\Project\WinHubX\Forms\Settaggi\FormUtility.cs(494,54): warning CS8600: Conversione del valore letterale Null o di un possibile valore Null in un tipo che non ammette i valori Null. [E:\repo\WinHubX\Project\WinHubX\WinHubX.csproj]
E:\repo\WinHubX\Project\WinHubX\Forms\Settaggi\FormUtility.cs(498,52): warning CS8600: Conversione del valore letterale Null o di un possibile valore Null in un tipo che non ammette i valori Null. [E:\repo\WinHubX\Project\WinHubX\WinHubX.csproj]
E:\repo\WinHubX\Project\WinHubX\Forms\Settaggi\FormUtility.cs(503,52): warning CS8600: Conversione del valore letterale Null o di un possibile valore Null in un tipo che non ammette i valori Null. [E:\repo\WinHubX\Project\WinHubX\WinHubX.csproj]
E:\repo\WinHubX\Project\WinHubX\Forms\Settaggi\FormUtility.cs(524,61): warning CS8600: Conversione del valore letterale Null o di un possibile valore Null in un tipo che non ammette i valori Null. [E:\repo\WinHubX\Project\WinHubX\WinHubX.csproj]
E:\repo\WinHubX\Project\WinHubX\Forms\Settaggi\FormUtility.cs(529,61): warning CS8600: Conversione del valore letterale Null o di un possibile valore Null in un tipo che non ammette i valori Null. [E:\repo\WinHubX\Project\WinHubX\WinHubX.csproj]
E:\repo\WinHubX\Project\WinHubX\Forms\Settaggi\FormUtility.cs(533,56): warning CS8600: Conversione del valore letterale Null o di un possibile valore Null in un tipo che non ammette i valori Null. [E:\repo\WinHubX\Project\WinHubX\WinHubX.csproj]
E:\repo\WinHubX\Project\WinHubX\Forms\Settaggi\FormUtility.cs(538,56): warning CS8600: Conversione del valore letterale Null o di un possibile valore Null in un tipo che non ammette i valori Null. [E:\repo\WinHubX\Project\WinHubX\WinHubX.csproj]
E:\repo\WinHubX\Project\WinHubX\Forms\Settaggi\FormUtility.cs(561,48): warning CS8600: Conversione del valore letterale Null o di un possibile valore Null in un tipo che non ammette i valori Null. [E:\repo\WinHubX\Project\WinHubX\WinHubX.csproj]
E:\repo\WinHubX\Project\WinHubX\Forms\Settaggi\FormUtility.cs(565,48): warning CS8600: Conversione del valore letterale Null o di un possibile valore Null in un tipo che non ammette i valori Null. [E:\repo\WinHubX\Project\WinHubX\WinHubX.csproj]
E:\repo\WinHubX\Project\WinHubX\Forms\Settaggi\FormUtility.cs(593,21): warning CS8602: Dereferenziamento di un possibile riferimento Null. [E:\repo\WinHubX\Project\WinHubX\WinHubX.csproj]
E:\repo\WinHubX\Project\WinHubX\Forms\Settaggi\FormUtility.cs(658,25): warning CS8602: Dereferenziamento di un possibile riferimento Null. [E:\repo\WinHubX\Project\WinHubX\WinHubX.csproj]
E:\repo\WinHubX\Project\WinHubX\Forms\Settaggi\FormUtility.cs(800,66): warning CS8600: Conversione del valore letterale Null o di un possibile valore Null in un tipo che non ammette i valori Null. [E:\repo\WinHubX\Project\WinHubX\WinHubX.csproj]
E:\repo\WinHubX\Project\WinHubX\Forms\Settaggi\FormUtility.cs(1045,48): warning CS8600: Conversione del valore letterale Null o di un possibile valore Null in un tipo che non ammette i valori Null. [E:\repo\WinHubX\Project\WinHubX\WinHubX.csproj]
E:\repo\WinHubX\Project\WinHubX\Forms\Settaggi\FormUtility.cs(1060,48): warning CS8600: Conversione del valore letterale Null o di un possibile valore Null in un tipo che non ammette i valori Null. [E:\repo\WinHubX\Project\WinHubX\WinHubX.csproj]
E:\repo\WinHubX\Project\WinHubX\Forms\Settaggi\FormUtility.cs(1204,62): warning CS8600: Conversione del valore letterale Null o di un possibile valore Null in un tipo che non ammette i valori Null. [E:\repo\WinHubX\Project\WinHubX\WinHubX.csproj]
E:\repo\WinHubX\Project\WinHubX\Forms\Settaggi\FormUtility.cs(1205,62): warning CS8600: Conversione del valore letterale Null o di un possibile valore Null in un tipo che non ammette i valori Null. [E:\repo\WinHubX\Project\WinHubX\WinHubX.csproj]
E:\repo\WinHubX\Project\WinHubX\Forms\Settaggi\FormUtility.cs(1237,53): warning CS8600: Conversione del valore letterale Null o di un possibile valore Null in un tipo che non ammette i valori Null. [E:\repo\WinHubX\Project\WinHubX\WinHubX.csproj]
E:\repo\WinHubX\Project\WinHubX\Forms\Settaggi\FormUtility.cs(1245,62): warning CS8600: Conversione del valore letterale Null o di un possibile valore Null in un tipo che non ammette i valori Null. [E:\repo\WinHubX\Project\WinHubX\WinHubX.csproj]
E:\repo\WinHubX\Project\WinHubX\Forms\Settaggi\FormUtility.cs(1272,59): warning CS8600: Conversione del valore letterale Null o di un possibile valore Null in un tipo che non ammette i valori Null. [E:\repo\WinHubX\Project\WinHubX\WinHubX.csproj]
E:\repo\WinHubX\Project\WinHubX\Forms\Settaggi\FormUtility.cs(1283,59): warning CS8600: Conversione del valore letterale Null o di un possibile valore Null in un tipo che non ammette i valori Null. [E:\repo\WinHubX\Project\WinHubX\WinHubX.csproj]
E:\repo\WinHubX\Project\WinHubX\Forms\Settaggi\FormUtility.cs(1311,54): warning CS8600: Conversione del valore letterale Null o di un possibile valore Null in un tipo che non ammette i valori Null. [E:\repo\WinHubX\Project\WinHubX\WinHubX.csproj]
E:\repo\WinHubX\Project\WinHubX\Forms\Settaggi\FormUtility.cs(1316,52): warning CS8600: Conversione del valore letterale Null o di un possibile valore Null in un tipo che non ammette i valori Null. [E:\repo\WinHubX\Project\WinHubX\WinHubX.csproj]
E:\repo\WinHubX\Project\WinHubX\Forms\Settaggi\FormUtility.cs(1320,54): warning CS8600: Conversione del valore letterale Null o di un possibile valore Null in un tipo che non ammette i valori Null. [E:\repo\WinHubX\Project\WinHubX\WinHubX.csproj]
E:\repo\WinHubX\Project\WinHubX\Forms\Settaggi\FormUtility.cs(1326,52): warning CS8600: Conversione del valore letterale Null o di un possibile valore Null in un tipo che non ammette i valori Null. [E:\repo\WinHubX\Project\WinHubX\WinHubX.csproj]
E:\repo\WinHubX\Project\WinHubX\Forms\Settaggi\FormUtility.cs(1400,21): warning CS8602: Dereferenziamento di un possibile riferimento Null. [E:\repo\WinHubX\Project\WinHubX\WinHubX.csproj]
E:\repo\WinHubX\Project\WinHubX\Forms\Settaggi\FormUtility.cs(1465,25): warning CS8602: Dereferenziamento di un possibile riferimento Null. [E:\repo\WinHubX\Project\WinHubX\WinHubX.csproj]
E:\repo\WinHubX\Project\WinHubX\Forms\Settaggi\FormUtility.cs(1500,25): warning CS8602: Dereferenziamento di un possibile riferimento Null. [E:\repo\WinHubX\Project\WinHubX\WinHubX.csproj]
E:\repo\WinHubX\Project\WinHubX\Forms\Settaggi\FormUtility.cs(1597,62): warning CS8600: Conversione del valore letterale Null o di un possibile valore Null in un tipo che non ammette i valori Null. [E:\repo\WinHubX\Project\WinHubX\WinHubX.csproj]
E:\repo\WinHubX\Project\WinHubX\Forms\Settaggi\FormUtility.cs(1668,35): warning CS8600: Conversione del valore letterale Null o di un possibile valore Null in un tipo che non ammette i valori Null. [E:\repo\WinHubX\Project\WinHubX\WinHubX.csproj]
E:\repo\WinHubX\Project\WinHubX\Forms\Settaggi\FormUtility.cs(1669,41): warning CS8602: Dereferenziamento di un possibile riferimento Null. [E:\repo\WinHubX\Project\WinHubX\WinHubX.csproj]
E:\repo\WinHubX\Project\WinHubX\Forms\Settaggi\FormUtility.cs(1685,35): warning CS8600: Conversione del valore letterale Null o di un possibile valore Null in un tipo che non ammette i valori Null. [E:\repo\WinHubX\Project\WinHubX\WinHubX.csproj]
E:\repo\WinHubX\Project\WinHubX\Forms\Settaggi\FormUtility.cs(1686,38): warning CS8602: Dereferenziamento di un possibile riferimento Null. [E:\repo\WinHubX\Project\WinHubX\WinHubX.csproj]
E:\repo\WinHubX\Project\WinHubX\Forms\Settaggi\FormUpdate.cs(223,17): warning CS8602: Dereferenziamento di un possibile riferimento Null. [E:\repo\WinHubX\Project\WinHubX\WinHubX.csproj]
E:\repo\WinHubX\Project\WinHubX\Forms\Settaggi\FormUpdate.cs(305,17): warning CS8602: Dereferenziamento di un possibile riferimento Null. [E:\repo\WinHubX\Project\WinHubX\WinHubX.csproj]
E:\repo\WinHubX\Project\WinHubX\Forms\Settaggi\FormUpdate.cs(329,17): warning CS8602: Dereferenziamento di un possibile riferimento Null. [E:\repo\WinHubX\Project\WinHubX\WinHubX.csproj]
E:\repo\WinHubX\Project\WinHubX\Forms\Settaggi\FormUpdate.cs(420,17): warning CS8602: Dereferenziamento di un possibile riferimento Null. [E:\repo\WinHubX\Project\WinHubX\WinHubX.csproj]
E:\repo\WinHubX\Project\WinHubX\Forms\Settaggi\FormUpdate.cs(482,25): warning CS8602: Dereferenziamento di un possibile riferimento Null. [E:\repo\WinHubX\Project\WinHubX\WinHubX.csproj]
E:\repo\WinHubX\Project\WinHubX\Forms\Settaggi\FormUpdate.cs(597,25): warning CS8602: Dereferenziamento di un possibile riferimento Null. [E:\repo\WinHubX\Project\WinHubX\WinHubX.csproj]
E:\repo\WinHubX\Project\WinHubX\Forms\DebloatAvanzato\AppItemControl.cs(14,16): warning CS8618: L'elemento proprietà 'NomeTecnico' non nullable deve contenere un valore non Null all'uscita dal costruttore. Prendere in considerazione l'aggiunta del modificatore 'required' o la dichiarazione di proprietà come nullable. [E:\repo\WinHubX\Project\WinHubX\WinHubX.csproj]
E:\repo\WinHubX\Project\WinHubX\Forms\DriverRST\FormDriverRST.cs(64,28): warning CS8603: Possibile restituzione di riferimento Null. [E:\repo\WinHubX\Project\WinHubX\WinHubX.csproj]
E:\repo\WinHubX\Project\WinHubX\Forms\DriverRST\FormDriverRST.cs(71,24): warning CS8603: Possibile restituzione di riferimento Null. [E:\repo\WinHubX\Project\WinHubX\WinHubX.csproj]
E:\repo\WinHubX\Project\WinHubX\Forms\Settaggi\FormRipristinoSO.cs(18,16): warning CS8618: L'elemento campo 'countdownTimer' non nullable deve contenere un valore non Null all'uscita dal costruttore. Prendere in considerazione l'aggiunta del modificatore 'required' o la dichiarazione di campo come nullable. [E:\repo\WinHubX\Project\WinHubX\WinHubX.csproj]
E:\repo\WinHubX\Project\WinHubX\Forms\Settaggi\FormRipristinoSO.cs(18,16): warning CS8618: L'elemento campo 'cancellationTokenSource' non nullable deve contenere un valore non Null all'uscita dal costruttore. Prendere in considerazione l'aggiunta del modificatore 'required' o la dichiarazione di campo come nullable. [E:\repo\WinHubX\Project\WinHubX\WinHubX.csproj]
E:\repo\WinHubX\Project\WinHubX\Forms\Settaggi\FormRipristinoSO.cs(64,9): warning CS8619: Il supporto dei valori Null dei tipi riferimento nel valore di tipo '(string, string?)' non corrisponde al tipo di destinazione '(string Label, string Command)'. [E:\repo\WinHubX\Project\WinHubX\WinHubX.csproj]
E:\repo\WinHubX\Project\WinHubX\Forms\Settaggi\FormRipristinoSO.cs(176,48): warning CS8622: Il supporto dei valori Null dei tipi riferimento nel tipo di parametro 'sender' di 'void FormRipristinoSO.UpdateCountdown(object sender, EventArgs e)' non corrisponde al delegato di destinazione 'EventHandler', probabilmente a causa degli attributi del supporto dei valori Null. [E:\repo\WinHubX\Project\WinHubX\WinHubX.csproj]
E:\repo\WinHubX\Project\WinHubX\Forms\CreaISO\FormCreazioneISO.cs(923,43): warning CS8600: Conversione del valore letterale Null o di un possibile valore Null in un tipo che non ammette i valori Null. [E:\repo\WinHubX\Project\WinHubX\WinHubX.csproj]
E:\repo\WinHubX\Project\WinHubX\Forms\CreaISO\FormCreazioneISO.cs(957,55): warning CS8600: Conversione del valore letterale Null o di un possibile valore Null in un tipo che non ammette i valori Null. [E:\repo\WinHubX\Project\WinHubX\WinHubX.csproj]
E:\repo\WinHubX\Project\WinHubX\Forms\CreaISO\FormCreazioneISO.cs(981,59): warning CS8602: Dereferenziamento di un possibile riferimento Null. [E:\repo\WinHubX\Project\WinHubX\WinHubX.csproj]
E:\repo\WinHubX\Project\WinHubX\Forms\CreaISO\FormCreazioneISO.cs(1008,55): warning CS8602: Dereferenziamento di un possibile riferimento Null. [E:\repo\WinHubX\Project\WinHubX\WinHubX.csproj]
E:\repo\WinHubX\Project\WinHubX\Forms\CreaISO\FormCreazioneISO.cs(1029,59): warning CS8602: Dereferenziamento di un possibile riferimento Null. [E:\repo\WinHubX\Project\WinHubX\WinHubX.csproj]
E:\repo\WinHubX\Project\WinHubX\Forms\CreaISO\FormCreazioneISO.cs(1072,64): warning CS8600: Conversione del valore letterale Null o di un possibile valore Null in un tipo che non ammette i valori Null. [E:\repo\WinHubX\Project\WinHubX\WinHubX.csproj]
E:\repo\WinHubX\Project\WinHubX\Forms\Settaggi\FormPrivacy.cs(88,38): warning CS8600: Conversione del valore letterale Null o di un possibile valore Null in un tipo che non ammette i valori Null. [E:\repo\WinHubX\Project\WinHubX\WinHubX.csproj]
E:\repo\WinHubX\Project\WinHubX\Forms\Personalizzazione office\PersonalizzazioneOffice.cs(95,31): warning CS8600: Conversione del valore letterale Null o di un possibile valore Null in un tipo che non ammette i valori Null. [E:\repo\WinHubX\Project\WinHubX\WinHubX.csproj]
E:\repo\WinHubX\Project\WinHubX\Forms\Personalizzazione office\PersonalizzazioneOffice.cs(110,31): warning CS8600: Conversione del valore letterale Null o di un possibile valore Null in un tipo che non ammette i valori Null. [E:\repo\WinHubX\Project\WinHubX\WinHubX.csproj]
E:\repo\WinHubX\Project\WinHubX\Forms\Personalizzazione office\PersonalizzazioneOffice.cs(140,32): warning CS8600: Conversione del valore letterale Null o di un possibile valore Null in un tipo che non ammette i valori Null. [E:\repo\WinHubX\Project\WinHubX\WinHubX.csproj]
E:\repo\WinHubX\Project\WinHubX\Forms\Personalizzazione office\PersonalizzazioneOffice.cs(170,17): warning CS8602: Dereferenziamento di un possibile riferimento Null. [E:\repo\WinHubX\Project\WinHubX\WinHubX.csproj]
E:\repo\WinHubX\Project\WinHubX\Forms\Personalizzazione office\PersonalizzazioneOffice.cs(194,21): warning CS8602: Dereferenziamento di un possibile riferimento Null. [E:\repo\WinHubX\Project\WinHubX\WinHubX.csproj]
E:\repo\WinHubX\Project\WinHubX\Forms\Personalizzazione office\PersonalizzazioneOffice.cs(413,31): warning CS8600: Conversione del valore letterale Null o di un possibile valore Null in un tipo che non ammette i valori Null. [E:\repo\WinHubX\Project\WinHubX\WinHubX.csproj]
E:\repo\WinHubX\Project\WinHubX\Forms\Settaggi\FormPrivacy.cs(207,37): warning CS8600: Conversione del valore letterale Null o di un possibile valore Null in un tipo che non ammette i valori Null. [E:\repo\WinHubX\Project\WinHubX\WinHubX.csproj]
E:\repo\WinHubX\Project\WinHubX\Forms\InstallaComponenti\FormInstallaComponenti.cs(39,41): warning CS8600: Conversione del valore letterale Null o di un possibile valore Null in un tipo che non ammette i valori Null. [E:\repo\WinHubX\Project\WinHubX\WinHubX.csproj]
E:\repo\WinHubX\Project\WinHubX\Forms\InstallaComponenti\FormInstallaComponenti.cs(43,34): warning CS8604: Possibile argomento di riferimento Null per il parametro 'hardwareInfo' in 'Task FormInstallaComponenti.DefenderOn(HardwareInfo hardwareInfo)'. [E:\repo\WinHubX\Project\WinHubX\WinHubX.csproj]
E:\repo\WinHubX\Project\WinHubX\Forms\InstallaComponenti\FormInstallaComponenti.cs(172,20): warning CS8603: Possibile restituzione di riferimento Null. [E:\repo\WinHubX\Project\WinHubX\WinHubX.csproj]
E:\repo\WinHubX\Project\WinHubX\Forms\Personalizzazione office\FormAggiungiRimuoviAppOffice.cs(78,29): warning CS8601: Possibile assegnazione di riferimento Null. [E:\repo\WinHubX\Project\WinHubX\WinHubX.csproj]
E:\repo\WinHubX\Project\WinHubX\Forms\Personalizzazione office\FormAggiungiRimuoviAppOffice.cs(84,33): warning CS8601: Possibile assegnazione di riferimento Null. [E:\repo\WinHubX\Project\WinHubX\WinHubX.csproj]
E:\repo\WinHubX\Project\WinHubX\Forms\Personalizzazione office\FormAggiungiRimuoviAppOffice.cs(127,54): warning CS8600: Conversione del valore letterale Null o di un possibile valore Null in un tipo che non ammette i valori Null. [E:\repo\WinHubX\Project\WinHubX\WinHubX.csproj]
E:\repo\WinHubX\Project\WinHubX\Forms\Personalizzazione office\FormAggiungiRimuoviAppOffice.cs(164,60): warning CS8600: Conversione del valore letterale Null o di un possibile valore Null in un tipo che non ammette i valori Null. [E:\repo\WinHubX\Project\WinHubX\WinHubX.csproj]
E:\repo\WinHubX\Project\WinHubX\Forms\Personalizzazione office\FormAggiungiRimuoviAppOffice.cs(186,51): warning CS8600: Conversione del valore letterale Null o di un possibile valore Null in un tipo che non ammette i valori Null. [E:\repo\WinHubX\Project\WinHubX\WinHubX.csproj]
E:\repo\WinHubX\Project\WinHubX\Forms\Personalizzazione office\FormAggiungiRimuoviAppOffice.cs(220,58): warning CS8600: Conversione del valore letterale Null o di un possibile valore Null in un tipo che non ammette i valori Null. [E:\repo\WinHubX\Project\WinHubX\WinHubX.csproj]
E:\repo\WinHubX\Project\WinHubX\Forms\Settaggi\FormExplorer.cs(26,50): warning CS8600: Conversione del valore letterale Null o di un possibile valore Null in un tipo che non ammette i valori Null. [E:\repo\WinHubX\Project\WinHubX\WinHubX.csproj]
E:\repo\WinHubX\Project\WinHubX\Forms\Settaggi\FormExplorer.cs(58,50): warning CS8600: Conversione del valore letterale Null o di un possibile valore Null in un tipo che non ammette i valori Null. [E:\repo\WinHubX\Project\WinHubX\WinHubX.csproj]
E:\repo\WinHubX\Project\WinHubX\Forms\Personalizzazione office\FormAggiungiRimuoviAppOffice.cs(546,28): warning CS8600: Conversione del valore letterale Null o di un possibile valore Null in un tipo che non ammette i valori Null. [E:\repo\WinHubX\Project\WinHubX\WinHubX.csproj]
E:\repo\WinHubX\Project\WinHubX\Forms\Personalizzazione office\FormAggiungiRimuoviAppOffice.cs(588,42): warning CS8602: Dereferenziamento di un possibile riferimento Null. [E:\repo\WinHubX\Project\WinHubX\WinHubX.csproj]
E:\repo\WinHubX\Project\WinHubX\Forms\Personalizzazione office\FormAggiungiRimuoviAppOffice.cs(663,48): warning CS8600: Conversione del valore letterale Null o di un possibile valore Null in un tipo che non ammette i valori Null. [E:\repo\WinHubX\Project\WinHubX\WinHubX.csproj]
E:\repo\WinHubX\Project\WinHubX\Forms\Personalizzazione office\FormAggiungiRimuoviAppOffice.cs(667,57): warning CS8600: Conversione del valore letterale Null o di un possibile valore Null in un tipo che non ammette i valori Null. [E:\repo\WinHubX\Project\WinHubX\WinHubX.csproj]
E:\repo\WinHubX\Project\WinHubX\Forms\Personalizzazione office\FormAggiungiRimuoviAppOffice.cs(673,65): warning CS8600: Conversione del valore letterale Null o di un possibile valore Null in un tipo che non ammette i valori Null. [E:\repo\WinHubX\Project\WinHubX\WinHubX.csproj]
E:\repo\WinHubX\Project\WinHubX\Forms\Personalizzazione office\FormAggiungiRimuoviAppOffice.cs(710,65): warning CS8602: Dereferenziamento di un possibile riferimento Null. [E:\repo\WinHubX\Project\WinHubX\WinHubX.csproj]
E:\repo\WinHubX\Project\WinHubX\Forms\Personalizzazione office\FormAggiungiRimuoviAppOffice.cs(716,43): warning CS8601: Possibile assegnazione di riferimento Null. [E:\repo\WinHubX\Project\WinHubX\WinHubX.csproj]
E:\repo\WinHubX\Project\WinHubX\Forms\Personalizzazione office\FormAggiungiRimuoviAppOffice.cs(735,93): warning CS8600: Conversione del valore letterale Null o di un possibile valore Null in un tipo che non ammette i valori Null. [E:\repo\WinHubX\Project\WinHubX\WinHubX.csproj]
E:\repo\WinHubX\Project\WinHubX\Forms\Base\FormDebloat.cs(124,39): warning CS8601: Possibile assegnazione di riferimento Null. [E:\repo\WinHubX\Project\WinHubX\WinHubX.csproj]
E:\repo\WinHubX\Project\WinHubX\Forms\Base\FormDebloat.cs(360,44): warning CS8600: Conversione del valore letterale Null o di un possibile valore Null in un tipo che non ammette i valori Null. [E:\repo\WinHubX\Project\WinHubX\WinHubX.csproj]
E:\repo\WinHubX\Project\WinHubX\Forms\Base\FormDebloat.cs(481,54): warning CS4014: Non è possibile attendere la chiamata, pertanto l'esecuzione del metodo corrente continuerà prima del completamento della chiamata. Provare ad applicare l'operatore 'await' al risultato della chiamata. [E:\repo\WinHubX\Project\WinHubX\WinHubX.csproj]
E:\repo\WinHubX\Project\WinHubX\Forms\Base\FormDebloat.cs(493,20): warning CS8603: Possibile restituzione di riferimento Null. [E:\repo\WinHubX\Project\WinHubX\WinHubX.csproj]
E:\repo\WinHubX\Project\WinHubX\Forms\Settaggi\FormPrivacy.cs(302,48): warning CS8600: Conversione del valore letterale Null o di un possibile valore Null in un tipo che non ammette i valori Null. [E:\repo\WinHubX\Project\WinHubX\WinHubX.csproj]
E:\repo\WinHubX\Project\WinHubX\Forms\Settaggi\FormPrivacy.cs(307,48): warning CS8600: Conversione del valore letterale Null o di un possibile valore Null in un tipo che non ammette i valori Null. [E:\repo\WinHubX\Project\WinHubX\WinHubX.csproj]
E:\repo\WinHubX\Project\WinHubX\Forms\Settaggi\FormPrivacy.cs(395,50): warning CS8600: Conversione del valore letterale Null o di un possibile valore Null in un tipo che non ammette i valori Null. [E:\repo\WinHubX\Project\WinHubX\WinHubX.csproj]
E:\repo\WinHubX\Project\WinHubX\Forms\Settaggi\FormPrivacy.cs(400,50): warning CS8600: Conversione del valore letterale Null o di un possibile valore Null in un tipo che non ammette i valori Null. [E:\repo\WinHubX\Project\WinHubX\WinHubX.csproj]
E:\repo\WinHubX\Project\WinHubX\Forms\Settaggi\FormPrivacy.cs(405,50): warning CS8600: Conversione del valore letterale Null o di un possibile valore Null in un tipo che non ammette i valori Null. [E:\repo\WinHubX\Project\WinHubX\WinHubX.csproj]
E:\repo\WinHubX\Project\WinHubX\Forms\Settaggi\FormPrivacy.cs(411,50): warning CS8600: Conversione del valore letterale Null o di un possibile valore Null in un tipo che non ammette i valori Null. [E:\repo\WinHubX\Project\WinHubX\WinHubX.csproj]
E:\repo\WinHubX\Project\WinHubX\Forms\Settaggi\FormPrivacy.cs(515,50): warning CS8600: Conversione del valore letterale Null o di un possibile valore Null in un tipo che non ammette i valori Null. [E:\repo\WinHubX\Project\WinHubX\WinHubX.csproj]
E:\repo\WinHubX\Project\WinHubX\Forms\Settaggi\FormPrivacy.cs(521,50): warning CS8600: Conversione del valore letterale Null o di un possibile valore Null in un tipo che non ammette i valori Null. [E:\repo\WinHubX\Project\WinHubX\WinHubX.csproj]
E:\repo\WinHubX\Project\WinHubX\Forms\Settaggi\FormPrivacy.cs(527,50): warning CS8600: Conversione del valore letterale Null o di un possibile valore Null in un tipo che non ammette i valori Null. [E:\repo\WinHubX\Project\WinHubX\WinHubX.csproj]
E:\repo\WinHubX\Project\WinHubX\Forms\Settaggi\FormPrivacy.cs(532,50): warning CS8600: Conversione del valore letterale Null o di un possibile valore Null in un tipo che non ammette i valori Null. [E:\repo\WinHubX\Project\WinHubX\WinHubX.csproj]
E:\repo\WinHubX\Project\WinHubX\Forms\Settaggi\FormPrivacy.cs(537,50): warning CS8600: Conversione del valore letterale Null o di un possibile valore Null in un tipo che non ammette i valori Null. [E:\repo\WinHubX\Project\WinHubX\WinHubX.csproj]
E:\repo\WinHubX\Project\WinHubX\Forms\Settaggi\FormPrivacy.cs(542,50): warning CS8600: Conversione del valore letterale Null o di un possibile valore Null in un tipo che non ammette i valori Null. [E:\repo\WinHubX\Project\WinHubX\WinHubX.csproj]
E:\repo\WinHubX\Project\WinHubX\Forms\Settaggi\FormPrivacy.cs(564,48): warning CS8600: Conversione del valore letterale Null o di un possibile valore Null in un tipo che non ammette i valori Null. [E:\repo\WinHubX\Project\WinHubX\WinHubX.csproj]
E:\repo\WinHubX\Project\WinHubX\Forms\Settaggi\FormPrivacy.cs(569,48): warning CS8600: Conversione del valore letterale Null o di un possibile valore Null in un tipo che non ammette i valori Null. [E:\repo\WinHubX\Project\WinHubX\WinHubX.csproj]
E:\repo\WinHubX\Project\WinHubX\Forms\Settaggi\FormPrivacy.cs(605,48): warning CS8600: Conversione del valore letterale Null o di un possibile valore Null in un tipo che non ammette i valori Null. [E:\repo\WinHubX\Project\WinHubX\WinHubX.csproj]
E:\repo\WinHubX\Project\WinHubX\Forms\Settaggi\FormPrivacy.cs(611,48): warning CS8600: Conversione del valore letterale Null o di un possibile valore Null in un tipo che non ammette i valori Null. [E:\repo\WinHubX\Project\WinHubX\WinHubX.csproj]
E:\repo\WinHubX\Project\WinHubX\Forms\Settaggi\FormPrivacy.cs(640,48): warning CS8600: Conversione del valore letterale Null o di un possibile valore Null in un tipo che non ammette i valori Null. [E:\repo\WinHubX\Project\WinHubX\WinHubX.csproj]
E:\repo\WinHubX\Project\WinHubX\Forms\Settaggi\FormPrivacy.cs(645,48): warning CS8600: Conversione del valore letterale Null o di un possibile valore Null in un tipo che non ammette i valori Null. [E:\repo\WinHubX\Project\WinHubX\WinHubX.csproj]
E:\repo\WinHubX\Project\WinHubX\Forms\Settaggi\FormPrivacy.cs(682,48): warning CS8600: Conversione del valore letterale Null o di un possibile valore Null in un tipo che non ammette i valori Null. [E:\repo\WinHubX\Project\WinHubX\WinHubX.csproj]
E:\repo\WinHubX\Project\WinHubX\Forms\Settaggi\FormPrivacy.cs(687,48): warning CS8600: Conversione del valore letterale Null o di un possibile valore Null in un tipo che non ammette i valori Null. [E:\repo\WinHubX\Project\WinHubX\WinHubX.csproj]
E:\repo\WinHubX\Project\WinHubX\Forms\Settaggi\FormPrivacy.cs(709,48): warning CS8600: Conversione del valore letterale Null o di un possibile valore Null in un tipo che non ammette i valori Null. [E:\repo\WinHubX\Project\WinHubX\WinHubX.csproj]
E:\repo\WinHubX\Project\WinHubX\Forms\Settaggi\FormPrivacy.cs(714,48): warning CS8600: Conversione del valore letterale Null o di un possibile valore Null in un tipo che non ammette i valori Null. [E:\repo\WinHubX\Project\WinHubX\WinHubX.csproj]
E:\repo\WinHubX\Project\WinHubX\Forms\Settaggi\FormPrivacy.cs(755,48): warning CS8600: Conversione del valore letterale Null o di un possibile valore Null in un tipo che non ammette i valori Null. [E:\repo\WinHubX\Project\WinHubX\WinHubX.csproj]
E:\repo\WinHubX\Project\WinHubX\Forms\Settaggi\FormPrivacy.cs(760,48): warning CS8600: Conversione del valore letterale Null o di un possibile valore Null in un tipo che non ammette i valori Null. [E:\repo\WinHubX\Project\WinHubX\WinHubX.csproj]
E:\repo\WinHubX\Project\WinHubX\Forms\Settaggi\FormPrivacy.cs(782,48): warning CS8600: Conversione del valore letterale Null o di un possibile valore Null in un tipo che non ammette i valori Null. [E:\repo\WinHubX\Project\WinHubX\WinHubX.csproj]
E:\repo\WinHubX\Project\WinHubX\Forms\Settaggi\FormPrivacy.cs(787,48): warning CS8600: Conversione del valore letterale Null o di un possibile valore Null in un tipo che non ammette i valori Null. [E:\repo\WinHubX\Project\WinHubX\WinHubX.csproj]
E:\repo\WinHubX\Project\WinHubX\Forms\Settaggi\FormPrivacy.cs(810,48): warning CS8600: Conversione del valore letterale Null o di un possibile valore Null in un tipo che non ammette i valori Null. [E:\repo\WinHubX\Project\WinHubX\WinHubX.csproj]
E:\repo\WinHubX\Project\WinHubX\Forms\Settaggi\FormPrivacy.cs(815,48): warning CS8600: Conversione del valore letterale Null o di un possibile valore Null in un tipo che non ammette i valori Null. [E:\repo\WinHubX\Project\WinHubX\WinHubX.csproj]
E:\repo\WinHubX\Project\WinHubX\Forms\Settaggi\FormPrivacy.cs(850,48): warning CS8600: Conversione del valore letterale Null o di un possibile valore Null in un tipo che non ammette i valori Null. [E:\repo\WinHubX\Project\WinHubX\WinHubX.csproj]
E:\repo\WinHubX\Project\WinHubX\Forms\Settaggi\FormPrivacy.cs(861,48): warning CS8600: Conversione del valore letterale Null o di un possibile valore Null in un tipo che non ammette i valori Null. [E:\repo\WinHubX\Project\WinHubX\WinHubX.csproj]
E:\repo\WinHubX\Project\WinHubX\Forms\Settaggi\FormPrivacy.cs(944,59): warning CS8600: Conversione del valore letterale Null o di un possibile valore Null in un tipo che non ammette i valori Null. [E:\repo\WinHubX\Project\WinHubX\WinHubX.csproj]
E:\repo\WinHubX\Project\WinHubX\Forms\Settaggi\FormPrivacy.cs(949,59): warning CS8600: Conversione del valore letterale Null o di un possibile valore Null in un tipo che non ammette i valori Null. [E:\repo\WinHubX\Project\WinHubX\WinHubX.csproj]
E:\repo\WinHubX\Project\WinHubX\Forms\Settaggi\FormPrivacy.cs(953,59): warning CS8600: Conversione del valore letterale Null o di un possibile valore Null in un tipo che non ammette i valori Null. [E:\repo\WinHubX\Project\WinHubX\WinHubX.csproj]
E:\repo\WinHubX\Project\WinHubX\Forms\Settaggi\FormPrivacy.cs(958,59): warning CS8600: Conversione del valore letterale Null o di un possibile valore Null in un tipo che non ammette i valori Null. [E:\repo\WinHubX\Project\WinHubX\WinHubX.csproj]
E:\repo\WinHubX\Project\WinHubX\Forms\Settaggi\FormPrivacy.cs(962,51): warning CS8600: Conversione del valore letterale Null o di un possibile valore Null in un tipo che non ammette i valori Null. [E:\repo\WinHubX\Project\WinHubX\WinHubX.csproj]
E:\repo\WinHubX\Project\WinHubX\Forms\Settaggi\FormPrivacy.cs(967,51): warning CS8600: Conversione del valore letterale Null o di un possibile valore Null in un tipo che non ammette i valori Null. [E:\repo\WinHubX\Project\WinHubX\WinHubX.csproj]
E:\repo\WinHubX\Project\WinHubX\Forms\Settaggi\FormPrivacy.cs(971,60): warning CS8600: Conversione del valore letterale Null o di un possibile valore Null in un tipo che non ammette i valori Null. [E:\repo\WinHubX\Project\WinHubX\WinHubX.csproj]
E:\repo\WinHubX\Project\WinHubX\Forms\Settaggi\FormPrivacy.cs(976,60): warning CS8600: Conversione del valore letterale Null o di un possibile valore Null in un tipo che non ammette i valori Null. [E:\repo\WinHubX\Project\WinHubX\WinHubX.csproj]
E:\repo\WinHubX\Project\WinHubX\Forms\Settaggi\FormPrivacy.cs(1074,52): warning CS8600: Conversione del valore letterale Null o di un possibile valore Null in un tipo che non ammette i valori Null. [E:\repo\WinHubX\Project\WinHubX\WinHubX.csproj]
E:\repo\WinHubX\Project\WinHubX\Forms\Settaggi\FormPrivacy.cs(1164,48): warning CS8600: Conversione del valore letterale Null o di un possibile valore Null in un tipo che non ammette i valori Null. [E:\repo\WinHubX\Project\WinHubX\WinHubX.csproj]
E:\repo\WinHubX\Project\WinHubX\Forms\Settaggi\FormPrivacy.cs(1169,48): warning CS8600: Conversione del valore letterale Null o di un possibile valore Null in un tipo che non ammette i valori Null. [E:\repo\WinHubX\Project\WinHubX\WinHubX.csproj]
E:\repo\WinHubX\Project\WinHubX\Forms\Settaggi\FormPrivacy.cs(1202,48): warning CS8600: Conversione del valore letterale Null o di un possibile valore Null in un tipo che non ammette i valori Null. [E:\repo\WinHubX\Project\WinHubX\WinHubX.csproj]
E:\repo\WinHubX\Project\WinHubX\Forms\Settaggi\FormPrivacy.cs(1206,48): warning CS8600: Conversione del valore letterale Null o di un possibile valore Null in un tipo che non ammette i valori Null. [E:\repo\WinHubX\Project\WinHubX\WinHubX.csproj]
E:\repo\WinHubX\Project\WinHubX\Forms\Settaggi\FormPrivacy.cs(1234,48): warning CS8600: Conversione del valore letterale Null o di un possibile valore Null in un tipo che non ammette i valori Null. [E:\repo\WinHubX\Project\WinHubX\WinHubX.csproj]
E:\repo\WinHubX\Project\WinHubX\Forms\Settaggi\FormPrivacy.cs(1238,48): warning CS8600: Conversione del valore letterale Null o di un possibile valore Null in un tipo che non ammette i valori Null. [E:\repo\WinHubX\Project\WinHubX\WinHubX.csproj]
E:\repo\WinHubX\Project\WinHubX\Forms\Settaggi\FormPrivacy.cs(1296,48): warning CS8600: Conversione del valore letterale Null o di un possibile valore Null in un tipo che non ammette i valori Null. [E:\repo\WinHubX\Project\WinHubX\WinHubX.csproj]
E:\repo\WinHubX\Project\WinHubX\Forms\Settaggi\FormPrivacy.cs(1300,48): warning CS8600: Conversione del valore letterale Null o di un possibile valore Null in un tipo che non ammette i valori Null. [E:\repo\WinHubX\Project\WinHubX\WinHubX.csproj]
E:\repo\WinHubX\Project\WinHubX\Forms\Settaggi\FormPrivacy.cs(1378,48): warning CS8600: Conversione del valore letterale Null o di un possibile valore Null in un tipo che non ammette i valori Null. [E:\repo\WinHubX\Project\WinHubX\WinHubX.csproj]
E:\repo\WinHubX\Project\WinHubX\Forms\Settaggi\FormPrivacy.cs(1389,48): warning CS8600: Conversione del valore letterale Null o di un possibile valore Null in un tipo che non ammette i valori Null. [E:\repo\WinHubX\Project\WinHubX\WinHubX.csproj]
E:\repo\WinHubX\Project\WinHubX\Forms\Settaggi\FormPrivacy.cs(1434,48): warning CS8600: Conversione del valore letterale Null o di un possibile valore Null in un tipo che non ammette i valori Null. [E:\repo\WinHubX\Project\WinHubX\WinHubX.csproj]
E:\repo\WinHubX\Project\WinHubX\Forms\Settaggi\FormPrivacy.cs(1448,48): warning CS8600: Conversione del valore letterale Null o di un possibile valore Null in un tipo che non ammette i valori Null. [E:\repo\WinHubX\Project\WinHubX\WinHubX.csproj]
E:\repo\WinHubX\Project\WinHubX\Forms\Settaggi\FormPrivacy.cs(1483,48): warning CS8600: Conversione del valore letterale Null o di un possibile valore Null in un tipo che non ammette i valori Null. [E:\repo\WinHubX\Project\WinHubX\WinHubX.csproj]
E:\repo\WinHubX\Project\WinHubX\Forms\Settaggi\FormPrivacy.cs(1496,48): warning CS8600: Conversione del valore letterale Null o di un possibile valore Null in un tipo che non ammette i valori Null. [E:\repo\WinHubX\Project\WinHubX\WinHubX.csproj]
E:\repo\WinHubX\Project\WinHubX\Forms\Settaggi\FormPrivacy.cs(1548,59): warning CS8600: Conversione del valore letterale Null o di un possibile valore Null in un tipo che non ammette i valori Null. [E:\repo\WinHubX\Project\WinHubX\WinHubX.csproj]
E:\repo\WinHubX\Project\WinHubX\Forms\Settaggi\FormPrivacy.cs(1553,59): warning CS8600: Conversione del valore letterale Null o di un possibile valore Null in un tipo che non ammette i valori Null. [E:\repo\WinHubX\Project\WinHubX\WinHubX.csproj]
E:\repo\WinHubX\Project\WinHubX\Forms\Settaggi\FormPrivacy.cs(1557,59): warning CS8600: Conversione del valore letterale Null o di un possibile valore Null in un tipo che non ammette i valori Null. [E:\repo\WinHubX\Project\WinHubX\WinHubX.csproj]
E:\repo\WinHubX\Project\WinHubX\Forms\Settaggi\FormPrivacy.cs(1562,59): warning CS8600: Conversione del valore letterale Null o di un possibile valore Null in un tipo che non ammette i valori Null. [E:\repo\WinHubX\Project\WinHubX\WinHubX.csproj]
E:\repo\WinHubX\Project\WinHubX\Forms\Settaggi\FormPrivacy.cs(1566,51): warning CS8600: Conversione del valore letterale Null o di un possibile valore Null in un tipo che non ammette i valori Null. [E:\repo\WinHubX\Project\WinHubX\WinHubX.csproj]
E:\repo\WinHubX\Project\WinHubX\Forms\Settaggi\FormPrivacy.cs(1571,51): warning CS8600: Conversione del valore letterale Null o di un possibile valore Null in un tipo che non ammette i valori Null. [E:\repo\WinHubX\Project\WinHubX\WinHubX.csproj]
E:\repo\WinHubX\Project\WinHubX\Forms\Settaggi\FormPrivacy.cs(1575,60): warning CS8600: Conversione del valore letterale Null o di un possibile valore Null in un tipo che non ammette i valori Null. [E:\repo\WinHubX\Project\WinHubX\WinHubX.csproj]
E:\repo\WinHubX\Project\WinHubX\Forms\Settaggi\FormPrivacy.cs(1580,60): warning CS8600: Conversione del valore letterale Null o di un possibile valore Null in un tipo che non ammette i valori Null. [E:\repo\WinHubX\Project\WinHubX\WinHubX.csproj]
E:\repo\WinHubX\Project\WinHubX\Forms\Settaggi\FormPrivacy.cs(1668,46): warning CS8600: Conversione del valore letterale Null o di un possibile valore Null in un tipo che non ammette i valori Null. [E:\repo\WinHubX\Project\WinHubX\WinHubX.csproj]
E:\repo\WinHubX\Project\WinHubX\Forms\Settaggi\FormPrivacy.cs(1688,35): warning CS8600: Conversione del valore letterale Null o di un possibile valore Null in un tipo che non ammette i valori Null. [E:\repo\WinHubX\Project\WinHubX\WinHubX.csproj]
E:\repo\WinHubX\Project\WinHubX\Forms\Settaggi\FormPrivacy.cs(1692,35): warning CS8600: Conversione del valore letterale Null o di un possibile valore Null in un tipo che non ammette i valori Null. [E:\repo\WinHubX\Project\WinHubX\WinHubX.csproj]
E:\repo\WinHubX\Project\WinHubX\Forms\Settaggi\FormPrivacy.cs(1715,35): warning CS8600: Conversione del valore letterale Null o di un possibile valore Null in un tipo che non ammette i valori Null. [E:\repo\WinHubX\Project\WinHubX\WinHubX.csproj]
E:\repo\WinHubX\Project\WinHubX\Forms\Settaggi\FormPrivacy.cs(1716,41): warning CS8602: Dereferenziamento di un possibile riferimento Null. [E:\repo\WinHubX\Project\WinHubX\WinHubX.csproj]
E:\repo\WinHubX\Project\WinHubX\Forms\CreaISO\FormCreazioneISO.Designer.cs(144,59): warning CS0169: Il campo 'FormCreazioneISO.cuiProgressBarHorizontal1' non viene mai usato [E:\repo\WinHubX\Project\WinHubX\WinHubX.csproj]
E:\repo\WinHubX\Project\WinHubX\Forms\DriverRST\FormDriverRST.Designer.cs(105,26): warning CS0169: Il campo 'FormDriverRST.checkBox_powerpoint' non viene mai usato [E:\repo\WinHubX\Project\WinHubX\WinHubX.csproj]
E:\repo\WinHubX\Project\WinHubX\Forms\Base\FormOffice.Designer.cs(464,29): warning CS0169: Il campo 'FormOffice.richTextBoxInfo' non viene mai usato [E:\repo\WinHubX\Project\WinHubX\WinHubX.csproj]
E:\repo\WinHubX\Project\WinHubX\Forms\Settaggi\FormPersonalizzazione.Designer.cs(495,23): warning CS0169: Il campo 'FormPersonalizzazione.panel32' non viene mai usato [E:\repo\WinHubX\Project\WinHubX\WinHubX.csproj]
E:\repo\WinHubX\Project\WinHubX\Forms\Settaggi\FormDefender.Designer.cs(348,23): warning CS0169: Il campo 'FormDefender.label4' non viene mai usato [E:\repo\WinHubX\Project\WinHubX\WinHubX.csproj]
E:\repo\WinHubX\Project\WinHubX\Forms\Base\FormHome.Designer.cs(258,24): warning CS0169: Il campo 'FormHome.button1' non viene mai usato [E:\repo\WinHubX\Project\WinHubX\WinHubX.csproj]
E:\repo\WinHubX\Project\WinHubX\Forms\Base\FormSettaggi.Designer.cs(470,44): warning CS0169: Il campo 'FormSettaggi.btnRipristinoeTestTweaks' non viene mai usato [E:\repo\WinHubX\Project\WinHubX\WinHubX.csproj]
E:\repo\WinHubX\Project\WinHubX\Forms\Base\FormDebloat.Designer.cs(328,44): warning CS0169: Il campo 'FormDebloat.btnProtezioneMinimaVerdi' non viene mai usato [E:\repo\WinHubX\Project\WinHubX\WinHubX.csproj]
E:\repo\WinHubX\Project\WinHubX\Forms\Settaggi\FormPersonalizzazione.Designer.cs(496,23): warning CS0169: Il campo 'FormPersonalizzazione.panel4' non viene mai usato [E:\repo\WinHubX\Project\WinHubX\WinHubX.csproj]
E:\repo\WinHubX\Project\WinHubX\Forms\ImpostazioniApp\FormImpostazioniApp.Designer.cs(375,26): warning CS0169: Il campo 'FormImpostazioniApp.checkBox_powerpoint' non viene mai usato [E:\repo\WinHubX\Project\WinHubX\WinHubX.csproj]
E:\repo\WinHubX\Project\WinHubX\Forms\Base\FormDebloat.Designer.cs(327,44): warning CS0169: Il campo 'FormDebloat.btnRiprisitinoDefenderVerdi' non viene mai usato [E:\repo\WinHubX\Project\WinHubX\WinHubX.csproj]
E:\repo\WinHubX\Project\WinHubX\Forms\Base\FormDebloat.Designer.cs(320,23): warning CS0169: Il campo 'FormDebloat.lblInfoWin12' non viene mai usato [E:\repo\WinHubX\Project\WinHubX\WinHubX.csproj]
E:\repo\WinHubX\Project\WinHubX\Forms\Settaggi\FormPersonalizzazione.Designer.cs(498,23): warning CS0169: Il campo 'FormPersonalizzazione.label2' non viene mai usato [E:\repo\WinHubX\Project\WinHubX\WinHubX.csproj]
E:\repo\WinHubX\Project\WinHubX\Forms\Base\FormMonitoraggio.Designer.cs(748,44): warning CS0169: Il campo 'FormMonitoraggio.cuiButton1' non viene mai usato [E:\repo\WinHubX\Project\WinHubX\WinHubX.csproj]
E:\repo\WinHubX\Project\WinHubX\Forms\Settaggi\FormUpdate.Designer.cs(348,29): warning CS0169: Il campo 'FormUpdate.progressBar1' non viene mai usato [E:\repo\WinHubX\Project\WinHubX\WinHubX.csproj]
E:\repo\WinHubX\Project\WinHubX\Forms\CreaISO\FormCreazioneISO.Designer.cs(142,56): warning CS0169: Il campo 'FormCreazioneISO.backgroundWorker1' non viene mai usato [E:\repo\WinHubX\Project\WinHubX\WinHubX.csproj]
E:\repo\WinHubX\Project\WinHubX\Forms\Base\FormDebloat.Designer.cs(319,24): warning CS0169: Il campo 'FormDebloat.btnDebloatAuto' non viene mai usato [E:\repo\WinHubX\Project\WinHubX\WinHubX.csproj]
E:\repo\WinHubX\Project\WinHubX\Forms\ImpostazioniApp\FormImpostazioniApp.Designer.cs(376,44): warning CS0169: Il campo 'FormImpostazioniApp.btnInstallaVerdi' non viene mai usato [E:\repo\WinHubX\Project\WinHubX\WinHubX.csproj]
E:\repo\WinHubX\Project\WinHubX\Forms\Settaggi\FormPersonalizzazione.Designer.cs(497,23): warning CS0169: Il campo 'FormPersonalizzazione.panel7' non viene mai usato [E:\repo\WinHubX\Project\WinHubX\WinHubX.csproj]
E:\repo\WinHubX\Project\WinHubX\Forms\InstallaComponenti\FormInstallaComponenti.Designer.cs(174,26): warning CS0169: Il campo 'FormInstallaComponenti.checkBox_powerpoint' non viene mai usato [E:\repo\WinHubX\Project\WinHubX\WinHubX.csproj]
    Avvisi: 454
    Errori: 0

Tempo trascorso 00:00:02.18
