C:\Program Files\dotnet\sdk\11.0.100-rc.1.26425.128\Sdks\Microsoft.NET.Sdk\targets\Microsoft.NET.RuntimeIdentifierInference.targets(385,5): message NETSDK1057: si sta usando una versione in anteprima di .NET. Vedere https://aka.ms/dotnet-support-policy [E:\repo\WinHubX\Project\WinHubX\WinHubX.csproj]
E:\repo\WinHubX\Project\WinHubX\Forms\Base\FormMonitoraggio.cs(42,16): warning CS8618: L'elemento campo 'networkInterfaces' non nullable deve contenere un valore non Null all'uscita dal costruttore. Prendere in considerazione l'aggiunta del modificatore 'required' o la dichiarazione di campo come nullable. [E:\repo\WinHubX\Project\WinHubX\WinHubX.csproj]
E:\repo\WinHubX\Project\WinHubX\Forms\Base\FormMonitoraggio.cs(42,16): warning CS8618: L'elemento campo '_computer' non nullable deve contenere un valore non Null all'uscita dal costruttore. Prendere in considerazione l'aggiunta del modificatore 'required' o la dichiarazione di campo come nullable. [E:\repo\WinHubX\Project\WinHubX\WinHubX.csproj]
E:\repo\WinHubX\Project\WinHubX\Forms\Base\FormMonitoraggio.cs(42,16): warning CS8618: L'elemento campo '_monitoringTimer' non nullable deve contenere un valore non Null all'uscita dal costruttore. Prendere in considerazione l'aggiunta del modificatore 'required' o la dichiarazione di campo come nullable. [E:\repo\WinHubX\Project\WinHubX\WinHubX.csproj]
E:\repo\WinHubX\Project\WinHubX\Forms\Base\FormMonitoraggio.cs(42,16): warning CS8618: L'elemento campo '_tempMonitorTimer' non nullable deve contenere un valore non Null all'uscita dal costruttore. Prendere in considerazione l'aggiunta del modificatore 'required' o la dichiarazione di campo come nullable. [E:\repo\WinHubX\Project\WinHubX\WinHubX.csproj]
E:\repo\WinHubX\Project\WinHubX\Forms\Base\FormMonitoraggio.cs(42,16): warning CS8618: L'elemento campo '_cpuCounter' non nullable deve contenere un valore non Null all'uscita dal costruttore. Prendere in considerazione l'aggiunta del modificatore 'required' o la dichiarazione di campo come nullable. [E:\repo\WinHubX\Project\WinHubX\WinHubX.csproj]
E:\repo\WinHubX\Project\WinHubX\Forms\Base\FormMonitoraggio.cs(42,16): warning CS8618: L'elemento campo '_notifyIcon' non nullable deve contenere un valore non Null all'uscita dal costruttore. Prendere in considerazione l'aggiunta del modificatore 'required' o la dichiarazione di campo come nullable. [E:\repo\WinHubX\Project\WinHubX\WinHubX.csproj]
E:\repo\WinHubX\Project\WinHubX\Forms\Base\Form1.cs(38,37): warning CS8625: Non è possibile convertire il valore letterale Null in tipo riferimento che non ammette i valori Null. [E:\repo\WinHubX\Project\WinHubX\WinHubX.csproj]
E:\repo\WinHubX\Project\WinHubX\Forms\Base\Form1.cs(83,16): warning CS8618: L'elemento campo 'notifyIcon' non nullable deve contenere un valore non Null all'uscita dal costruttore. Prendere in considerazione l'aggiunta del modificatore 'required' o la dichiarazione di campo come nullable. [E:\repo\WinHubX\Project\WinHubX\WinHubX.csproj]
E:\repo\WinHubX\Project\WinHubX\Forms\Base\Form1.cs(83,16): warning CS8618: L'elemento campo 'trayIconContextMenu' non nullable deve contenere un valore non Null all'uscita dal costruttore. Prendere in considerazione l'aggiunta del modificatore 'required' o la dichiarazione di campo come nullable. [E:\repo\WinHubX\Project\WinHubX\WinHubX.csproj]
E:\repo\WinHubX\Project\WinHubX\Forms\Base\FormMonitoraggio.cs(100,38): warning CS8622: Il supporto dei valori Null dei tipi riferimento nel tipo di parametro 'sender' di 'void FormMonitoraggio.MonitoringTimer_Tick(object sender, EventArgs e)' non corrisponde al delegato di destinazione 'EventHandler', probabilmente a causa degli attributi del supporto dei valori Null. [E:\repo\WinHubX\Project\WinHubX\WinHubX.csproj]
E:\repo\WinHubX\Project\WinHubX\Forms\Base\FormMonitoraggio.cs(104,39): warning CS8622: Il supporto dei valori Null dei tipi riferimento nel tipo di parametro 'sender' di 'void FormMonitoraggio.TempMonitorTimer_Tick(object sender, EventArgs e)' non corrisponde al delegato di destinazione 'EventHandler', probabilmente a causa degli attributi del supporto dei valori Null. [E:\repo\WinHubX\Project\WinHubX\WinHubX.csproj]
E:\repo\WinHubX\Project\WinHubX\Forms\Base\FormDebloat.cs(124,39): warning CS8601: Possibile assegnazione di riferimento Null. [E:\repo\WinHubX\Project\WinHubX\WinHubX.csproj]
E:\repo\WinHubX\Project\WinHubX\Forms\Base\FormMonitoraggio.cs(129,47): warning CS8604: Possibile argomento di riferimento Null per il parametro 'path' in 'DirectoryInfo Directory.CreateDirectory(string path)'. [E:\repo\WinHubX\Project\WinHubX\WinHubX.csproj]
E:\repo\WinHubX\Project\WinHubX\Forms\Base\FormMonitoraggio.cs(135,41): warning CS8602: Dereferenziamento di un possibile riferimento Null. [E:\repo\WinHubX\Project\WinHubX\WinHubX.csproj]
E:\repo\WinHubX\Project\WinHubX\Forms\Base\Form1.cs(181,32): warning CS8601: Possibile assegnazione di riferimento Null. [E:\repo\WinHubX\Project\WinHubX\WinHubX.csproj]
E:\repo\WinHubX\Project\WinHubX\Forms\Base\Form1.cs(185,32): warning CS8625: Non è possibile convertire il valore letterale Null in tipo riferimento che non ammette i valori Null. [E:\repo\WinHubX\Project\WinHubX\WinHubX.csproj]
E:\repo\WinHubX\Project\WinHubX\Forms\Settaggi\FormUtility.cs(280,37): warning CS8604: Possibile argomento di riferimento Null per il parametro 'value' in 'void RegistryKey.SetValue(string? name, object value, RegistryValueKind valueKind)'. [E:\repo\WinHubX\Project\WinHubX\WinHubX.csproj]
E:\repo\WinHubX\Project\WinHubX\Forms\CreaISO\FormCreaISO.cs(210,32): warning CS8625: Non è possibile convertire il valore letterale Null in tipo riferimento che non ammette i valori Null. [E:\repo\WinHubX\Project\WinHubX\WinHubX.csproj]
E:\repo\WinHubX\Project\WinHubX\Forms\Base\Form1.cs(224,38): warning CS8600: Conversione del valore letterale Null o di un possibile valore Null in un tipo che non ammette i valori Null. [E:\repo\WinHubX\Project\WinHubX\WinHubX.csproj]
E:\repo\WinHubX\Project\WinHubX\Forms\Base\Form1.cs(228,36): warning CS8600: Conversione del valore letterale Null o di un possibile valore Null in un tipo che non ammette i valori Null. [E:\repo\WinHubX\Project\WinHubX\WinHubX.csproj]
E:\repo\WinHubX\Project\WinHubX\Forms\Base\Form1.cs(266,42): warning CS8600: Conversione del valore letterale Null o di un possibile valore Null in un tipo che non ammette i valori Null. [E:\repo\WinHubX\Project\WinHubX\WinHubX.csproj]
E:\repo\WinHubX\Project\WinHubX\Forms\Base\Form1.cs(270,40): warning CS8600: Conversione del valore letterale Null o di un possibile valore Null in un tipo che non ammette i valori Null. [E:\repo\WinHubX\Project\WinHubX\WinHubX.csproj]
E:\repo\WinHubX\Project\WinHubX\Forms\Settaggi\FormUtility.cs(358,45): warning CS8600: Conversione del valore letterale Null o di un possibile valore Null in un tipo che non ammette i valori Null. [E:\repo\WinHubX\Project\WinHubX\WinHubX.csproj]
E:\repo\WinHubX\Project\WinHubX\Forms\Base\FormDebloat.cs(360,44): warning CS8600: Conversione del valore letterale Null o di un possibile valore Null in un tipo che non ammette i valori Null. [E:\repo\WinHubX\Project\WinHubX\WinHubX.csproj]
E:\repo\WinHubX\Project\WinHubX\Forms\CreaISO\FormCreaISO.cs(302,40): warning CS8625: Non è possibile convertire il valore letterale Null in tipo riferimento che non ammette i valori Null. [E:\repo\WinHubX\Project\WinHubX\WinHubX.csproj]
E:\repo\WinHubX\Project\WinHubX\Forms\Base\FormHome.cs(340,38): warning CS8600: Conversione del valore letterale Null o di un possibile valore Null in un tipo che non ammette i valori Null. [E:\repo\WinHubX\Project\WinHubX\WinHubX.csproj]
E:\repo\WinHubX\Project\WinHubX\Forms\CreaISO\FormCreazioneISO.cs(267,113): warning CS8604: Possibile argomento di riferimento Null per il parametro 'progress' in 'void FormCreazioneISO.ExtractDirectory(DiscDirectoryInfo directory, string targetPath, ref int extractedFiles, int totalFiles, IProgress<int> progress, CancellationToken token)'. [E:\repo\WinHubX\Project\WinHubX\WinHubX.csproj]
E:\repo\WinHubX\Project\WinHubX\Forms\Base\Form1.cs(398,47): warning CS8625: Non è possibile convertire il valore letterale Null in tipo riferimento che non ammette i valori Null. [E:\repo\WinHubX\Project\WinHubX\WinHubX.csproj]
E:\repo\WinHubX\Project\WinHubX\Forms\Base\Form1.cs(399,40): warning CS8625: Non è possibile convertire il valore letterale Null in tipo riferimento che non ammette i valori Null. [E:\repo\WinHubX\Project\WinHubX\WinHubX.csproj]
E:\repo\WinHubX\Project\WinHubX\Forms\Base\FormHome.cs(397,33): warning CS8602: Dereferenziamento di un possibile riferimento Null. [E:\repo\WinHubX\Project\WinHubX\WinHubX.csproj]
E:\repo\WinHubX\Project\WinHubX\Forms\Base\FormDebloat.cs(481,54): warning CS4014: Non è possibile attendere la chiamata, pertanto l'esecuzione del metodo corrente continuerà prima del completamento della chiamata. Provare ad applicare l'operatore 'await' al risultato della chiamata. [E:\repo\WinHubX\Project\WinHubX\WinHubX.csproj]
E:\repo\WinHubX\Project\WinHubX\Forms\Base\FormDebloat.cs(493,20): warning CS8603: Possibile restituzione di riferimento Null. [E:\repo\WinHubX\Project\WinHubX\WinHubX.csproj]
E:\repo\WinHubX\Project\WinHubX\Forms\Base\Form1.cs(500,32): warning CS8625: Non è possibile convertire il valore letterale Null in tipo riferimento che non ammette i valori Null. [E:\repo\WinHubX\Project\WinHubX\WinHubX.csproj]
E:\repo\WinHubX\Project\WinHubX\Forms\Base\FormHome.cs(545,13): warning CS8601: Possibile assegnazione di riferimento Null. [E:\repo\WinHubX\Project\WinHubX\WinHubX.csproj]
E:\repo\WinHubX\Project\WinHubX\Forms\Base\FormHome.cs(546,13): warning CS8601: Possibile assegnazione di riferimento Null. [E:\repo\WinHubX\Project\WinHubX\WinHubX.csproj]
E:\repo\WinHubX\Project\WinHubX\Forms\Base\FormHome.cs(643,13): warning CS4014: Non è possibile attendere la chiamata, pertanto l'esecuzione del metodo corrente continuerà prima del completamento della chiamata. Provare ad applicare l'operatore 'await' al risultato della chiamata. [E:\repo\WinHubX\Project\WinHubX\WinHubX.csproj]
E:\repo\WinHubX\Project\WinHubX\Forms\Base\FormMonitoraggio.cs(582,41): warning CS4014: Non è possibile attendere la chiamata, pertanto l'esecuzione del metodo corrente continuerà prima del completamento della chiamata. Provare ad applicare l'operatore 'await' al risultato della chiamata. [E:\repo\WinHubX\Project\WinHubX\WinHubX.csproj]
E:\repo\WinHubX\Project\WinHubX\Forms\Base\FormSettaggi.cs(148,30): warning CS8600: Conversione del valore letterale Null o di un possibile valore Null in un tipo che non ammette i valori Null. [E:\repo\WinHubX\Project\WinHubX\WinHubX.csproj]
E:\repo\WinHubX\Project\WinHubX\Forms\Base\FormSettaggi.cs(153,43): warning CS8622: Il supporto dei valori Null dei tipi riferimento nel tipo di parametro 'sender' di 'void FormSettaggi.PictureBox3_Click_BackToTweaks(object sender, EventArgs e)' non corrisponde al delegato di destinazione 'EventHandler', probabilmente a causa degli attributi del supporto dei valori Null. [E:\repo\WinHubX\Project\WinHubX\WinHubX.csproj]
E:\repo\WinHubX\Project\WinHubX\Forms\Base\FormSettaggi.cs(154,43): warning CS8622: Il supporto dei valori Null dei tipi riferimento nel tipo di parametro 'sender' di 'void FormSettaggi.PictureBox3_Click_BackToTweaks(object sender, EventArgs e)' non corrisponde al delegato di destinazione 'EventHandler', probabilmente a causa degli attributi del supporto dei valori Null. [E:\repo\WinHubX\Project\WinHubX\WinHubX.csproj]
E:\repo\WinHubX\Project\WinHubX\Forms\Base\FormSettaggi.cs(158,25): warning CS8600: Conversione del valore letterale Null o di un possibile valore Null in un tipo che non ammette i valori Null. [E:\repo\WinHubX\Project\WinHubX\WinHubX.csproj]
E:\repo\WinHubX\Project\WinHubX\Forms\Base\FormSettaggi.cs(159,13): warning CS8602: Dereferenziamento di un possibile riferimento Null. [E:\repo\WinHubX\Project\WinHubX\WinHubX.csproj]
E:\repo\WinHubX\Project\WinHubX\Forms\Base\FormSettaggi.cs(168,30): warning CS8600: Conversione del valore letterale Null o di un possibile valore Null in un tipo che non ammette i valori Null. [E:\repo\WinHubX\Project\WinHubX\WinHubX.csproj]
E:\repo\WinHubX\Project\WinHubX\Forms\Base\FormSettaggi.cs(198,40): warning CS8600: Conversione del valore letterale Null o di un possibile valore Null in un tipo che non ammette i valori Null. [E:\repo\WinHubX\Project\WinHubX\WinHubX.csproj]
E:\repo\WinHubX\Project\WinHubX\Forms\Base\FormSettaggi.cs(211,36): warning CS8600: Conversione del valore letterale Null o di un possibile valore Null in un tipo che non ammette i valori Null. [E:\repo\WinHubX\Project\WinHubX\WinHubX.csproj]
E:\repo\WinHubX\Project\WinHubX\Forms\CreaISO\AppState.cs(6,54): warning CS8625: Non è possibile convertire il valore letterale Null in tipo riferimento che non ammette i valori Null. [E:\repo\WinHubX\Project\WinHubX\WinHubX.csproj]
E:\repo\WinHubX\Project\WinHubX\Forms\CreaISO\AppState.cs(7,61): warning CS8625: Non è possibile convertire il valore letterale Null in tipo riferimento che non ammette i valori Null. [E:\repo\WinHubX\Project\WinHubX\WinHubX.csproj]
E:\repo\WinHubX\Project\WinHubX\Forms\DebloatAvanzato\FormServizi.cs(26,47): warning CS8600: Conversione del valore letterale Null o di un possibile valore Null in un tipo che non ammette i valori Null. [E:\repo\WinHubX\Project\WinHubX\WinHubX.csproj]
E:\repo\WinHubX\Project\WinHubX\Forms\DebloatAvanzato\FormServizi.cs(28,41): warning CS8602: Dereferenziamento di un possibile riferimento Null. [E:\repo\WinHubX\Project\WinHubX\WinHubX.csproj]
E:\repo\WinHubX\Project\WinHubX\Forms\DebloatAvanzato\AppItemControl.cs(14,16): warning CS8618: L'elemento proprietà 'NomeTecnico' non nullable deve contenere un valore non Null all'uscita dal costruttore. Prendere in considerazione l'aggiunta del modificatore 'required' o la dichiarazione di proprietà come nullable. [E:\repo\WinHubX\Project\WinHubX\WinHubX.csproj]
E:\repo\WinHubX\Project\WinHubX\Forms\DebloatAvanzato\FormServizi.cs(64,47): warning CS8600: Conversione del valore letterale Null o di un possibile valore Null in un tipo che non ammette i valori Null. [E:\repo\WinHubX\Project\WinHubX\WinHubX.csproj]
E:\repo\WinHubX\Project\WinHubX\Forms\DebloatAvanzato\FormServizi.cs(70,46): warning CS8600: Conversione del valore letterale Null o di un possibile valore Null in un tipo che non ammette i valori Null. [E:\repo\WinHubX\Project\WinHubX\WinHubX.csproj]
E:\repo\WinHubX\Project\WinHubX\Forms\DebloatAvanzato\FormServizi.cs(71,40): warning CS8602: Dereferenziamento di un possibile riferimento Null. [E:\repo\WinHubX\Project\WinHubX\WinHubX.csproj]
E:\repo\WinHubX\Project\WinHubX\Forms\DebloatAvanzato\FormServizi.cs(96,57): warning CS8602: Dereferenziamento di un possibile riferimento Null. [E:\repo\WinHubX\Project\WinHubX\WinHubX.csproj]
E:\repo\WinHubX\Project\WinHubX\Forms\DriverRST\FormDriverRST.cs(64,28): warning CS8603: Possibile restituzione di riferimento Null. [E:\repo\WinHubX\Project\WinHubX\WinHubX.csproj]
E:\repo\WinHubX\Project\WinHubX\Forms\DriverRST\FormDriverRST.cs(71,24): warning CS8603: Possibile restituzione di riferimento Null. [E:\repo\WinHubX\Project\WinHubX\WinHubX.csproj]
E:\repo\WinHubX\Project\WinHubX\Forms\CreaISO\FormCreazioneISO.cs(923,43): warning CS8600: Conversione del valore letterale Null o di un possibile valore Null in un tipo che non ammette i valori Null. [E:\repo\WinHubX\Project\WinHubX\WinHubX.csproj]
E:\repo\WinHubX\Project\WinHubX\Forms\CreaISO\FormCreazioneISO.cs(957,55): warning CS8600: Conversione del valore letterale Null o di un possibile valore Null in un tipo che non ammette i valori Null. [E:\repo\WinHubX\Project\WinHubX\WinHubX.csproj]
E:\repo\WinHubX\Project\WinHubX\Forms\CreaISO\FormCreazioneISO.cs(981,59): warning CS8602: Dereferenziamento di un possibile riferimento Null. [E:\repo\WinHubX\Project\WinHubX\WinHubX.csproj]
E:\repo\WinHubX\Project\WinHubX\Forms\CreaISO\FormCreazioneISO.cs(1008,55): warning CS8602: Dereferenziamento di un possibile riferimento Null. [E:\repo\WinHubX\Project\WinHubX\WinHubX.csproj]
E:\repo\WinHubX\Project\WinHubX\Forms\CreaISO\FormCreazioneISO.cs(1029,59): warning CS8602: Dereferenziamento di un possibile riferimento Null. [E:\repo\WinHubX\Project\WinHubX\WinHubX.csproj]
E:\repo\WinHubX\Project\WinHubX\Forms\ImpostazioniApp\FormImpostazioniApp.cs(20,40): warning CS8625: Non è possibile convertire il valore letterale Null in tipo riferimento che non ammette i valori Null. [E:\repo\WinHubX\Project\WinHubX\WinHubX.csproj]
E:\repo\WinHubX\Project\WinHubX\Forms\ImpostazioniApp\FormImpostazioniApp.cs(21,42): warning CS8625: Non è possibile convertire il valore letterale Null in tipo riferimento che non ammette i valori Null. [E:\repo\WinHubX\Project\WinHubX\WinHubX.csproj]
E:\repo\WinHubX\Project\WinHubX\Forms\ImpostazioniApp\FormImpostazioniApp.cs(22,45): warning CS8625: Non è possibile convertire il valore letterale Null in tipo riferimento che non ammette i valori Null. [E:\repo\WinHubX\Project\WinHubX\WinHubX.csproj]
E:\repo\WinHubX\Project\WinHubX\Forms\InstallaComponenti\FormInstallaComponenti.cs(39,41): warning CS8600: Conversione del valore letterale Null o di un possibile valore Null in un tipo che non ammette i valori Null. [E:\repo\WinHubX\Project\WinHubX\WinHubX.csproj]
E:\repo\WinHubX\Project\WinHubX\Forms\InstallaComponenti\FormInstallaComponenti.cs(43,34): warning CS8604: Possibile argomento di riferimento Null per il parametro 'hardwareInfo' in 'Task FormInstallaComponenti.DefenderOn(HardwareInfo hardwareInfo)'. [E:\repo\WinHubX\Project\WinHubX\WinHubX.csproj]
E:\repo\WinHubX\Project\WinHubX\Forms\CreaISO\FormCreazioneISO.cs(1072,64): warning CS8600: Conversione del valore letterale Null o di un possibile valore Null in un tipo che non ammette i valori Null. [E:\repo\WinHubX\Project\WinHubX\WinHubX.csproj]
E:\repo\WinHubX\Project\WinHubX\Forms\InstallaComponenti\FormInstallaComponenti.cs(172,20): warning CS8603: Possibile restituzione di riferimento Null. [E:\repo\WinHubX\Project\WinHubX\WinHubX.csproj]
E:\repo\WinHubX\Project\WinHubX\Forms\ImpostazioniApp\FormImpostazioniApp.cs(363,38): warning CS8600: Conversione del valore letterale Null o di un possibile valore Null in un tipo che non ammette i valori Null. [E:\repo\WinHubX\Project\WinHubX\WinHubX.csproj]
E:\repo\WinHubX\Project\WinHubX\Forms\ImpostazioniApp\FormImpostazioniApp.cs(364,40): warning CS8602: Dereferenziamento di un possibile riferimento Null. [E:\repo\WinHubX\Project\WinHubX\WinHubX.csproj]
E:\repo\WinHubX\Project\WinHubX\Forms\ImpostazioniApp\FormImpostazioniApp.cs(367,38): warning CS8600: Conversione del valore letterale Null o di un possibile valore Null in un tipo che non ammette i valori Null. [E:\repo\WinHubX\Project\WinHubX\WinHubX.csproj]
E:\repo\WinHubX\Project\WinHubX\Forms\ImpostazioniApp\FormImpostazioniApp.cs(369,48): warning CS8602: Dereferenziamento di un possibile riferimento Null. [E:\repo\WinHubX\Project\WinHubX\WinHubX.csproj]
E:\repo\WinHubX\Project\WinHubX\Forms\Settaggi\FormUtility.cs(386,48): warning CS8600: Conversione del valore letterale Null o di un possibile valore Null in un tipo che non ammette i valori Null. [E:\repo\WinHubX\Project\WinHubX\WinHubX.csproj]
E:\repo\WinHubX\Project\WinHubX\Forms\Settaggi\FormUtility.cs(390,48): warning CS8600: Conversione del valore letterale Null o di un possibile valore Null in un tipo che non ammette i valori Null. [E:\repo\WinHubX\Project\WinHubX\WinHubX.csproj]
E:\repo\WinHubX\Project\WinHubX\Forms\Settaggi\FormUtility.cs(394,50): warning CS8600: Conversione del valore letterale Null o di un possibile valore Null in un tipo che non ammette i valori Null. [E:\repo\WinHubX\Project\WinHubX\WinHubX.csproj]
E:\repo\WinHubX\Project\WinHubX\Forms\Settaggi\FormUtility.cs(402,65): warning CS8600: Conversione del valore letterale Null o di un possibile valore Null in un tipo che non ammette i valori Null. [E:\repo\WinHubX\Project\WinHubX\WinHubX.csproj]
E:\repo\WinHubX\Project\WinHubX\Forms\Settaggi\FormUtility.cs(428,48): warning CS8600: Conversione del valore letterale Null o di un possibile valore Null in un tipo che non ammette i valori Null. [E:\repo\WinHubX\Project\WinHubX\WinHubX.csproj]
E:\repo\WinHubX\Project\WinHubX\Forms\Settaggi\FormUtility.cs(432,48): warning CS8600: Conversione del valore letterale Null o di un possibile valore Null in un tipo che non ammette i valori Null. [E:\repo\WinHubX\Project\WinHubX\WinHubX.csproj]
E:\repo\WinHubX\Project\WinHubX\Forms\Settaggi\FormUtility.cs(436,50): warning CS8600: Conversione del valore letterale Null o di un possibile valore Null in un tipo che non ammette i valori Null. [E:\repo\WinHubX\Project\WinHubX\WinHubX.csproj]
E:\repo\WinHubX\Project\WinHubX\Forms\Settaggi\FormUtility.cs(440,50): warning CS8600: Conversione del valore letterale Null o di un possibile valore Null in un tipo che non ammette i valori Null. [E:\repo\WinHubX\Project\WinHubX\WinHubX.csproj]
E:\repo\WinHubX\Project\WinHubX\Forms\Settaggi\FormUtility.cs(463,48): warning CS8600: Conversione del valore letterale Null o di un possibile valore Null in un tipo che non ammette i valori Null. [E:\repo\WinHubX\Project\WinHubX\WinHubX.csproj]
E:\repo\WinHubX\Project\WinHubX\Forms\Settaggi\FormUtility.cs(468,48): warning CS8600: Conversione del valore letterale Null o di un possibile valore Null in un tipo che non ammette i valori Null. [E:\repo\WinHubX\Project\WinHubX\WinHubX.csproj]
E:\repo\WinHubX\Project\WinHubX\Forms\Settaggi\FormUtility.cs(489,54): warning CS8600: Conversione del valore letterale Null o di un possibile valore Null in un tipo che non ammette i valori Null. [E:\repo\WinHubX\Project\WinHubX\WinHubX.csproj]
E:\repo\WinHubX\Project\WinHubX\Forms\Settaggi\FormUtility.cs(494,54): warning CS8600: Conversione del valore letterale Null o di un possibile valore Null in un tipo che non ammette i valori Null. [E:\repo\WinHubX\Project\WinHubX\WinHubX.csproj]
E:\repo\WinHubX\Project\WinHubX\Forms\Settaggi\FormUtility.cs(498,52): warning CS8600: Conversione del valore letterale Null o di un possibile valore Null in un tipo che non ammette i valori Null. [E:\repo\WinHubX\Project\WinHubX\WinHubX.csproj]
E:\repo\WinHubX\Project\WinHubX\Forms\Settaggi\FormUtility.cs(503,52): warning CS8600: Conversione del valore letterale Null o di un possibile valore Null in un tipo che non ammette i valori Null. [E:\repo\WinHubX\Project\WinHubX\WinHubX.csproj]
E:\repo\WinHubX\Project\WinHubX\Forms\Settaggi\FormUtility.cs(524,61): warning CS8600: Conversione del valore letterale Null o di un possibile valore Null in un tipo che non ammette i valori Null. [E:\repo\WinHubX\Project\WinHubX\WinHubX.csproj]
E:\repo\WinHubX\Project\WinHubX\Forms\Settaggi\FormUtility.cs(529,61): warning CS8600: Conversione del valore letterale Null o di un possibile valore Null in un tipo che non ammette i valori Null. [E:\repo\WinHubX\Project\WinHubX\WinHubX.csproj]
E:\repo\WinHubX\Project\WinHubX\Forms\Settaggi\FormUtility.cs(533,56): warning CS8600: Conversione del valore letterale Null o di un possibile valore Null in un tipo che non ammette i valori Null. [E:\repo\WinHubX\Project\WinHubX\WinHubX.csproj]
E:\repo\WinHubX\Project\WinHubX\Forms\Settaggi\FormUtility.cs(538,56): warning CS8600: Conversione del valore letterale Null o di un possibile valore Null in un tipo che non ammette i valori Null. [E:\repo\WinHubX\Project\WinHubX\WinHubX.csproj]
E:\repo\WinHubX\Project\WinHubX\Forms\Settaggi\FormUtility.cs(561,48): warning CS8600: Conversione del valore letterale Null o di un possibile valore Null in un tipo che non ammette i valori Null. [E:\repo\WinHubX\Project\WinHubX\WinHubX.csproj]
E:\repo\WinHubX\Project\WinHubX\Forms\Settaggi\FormUtility.cs(565,48): warning CS8600: Conversione del valore letterale Null o di un possibile valore Null in un tipo che non ammette i valori Null. [E:\repo\WinHubX\Project\WinHubX\WinHubX.csproj]
E:\repo\WinHubX\Project\WinHubX\Forms\Settaggi\FormUtility.cs(593,21): warning CS8602: Dereferenziamento di un possibile riferimento Null. [E:\repo\WinHubX\Project\WinHubX\WinHubX.csproj]
E:\repo\WinHubX\Project\WinHubX\Forms\Settaggi\FormUtility.cs(658,25): warning CS8602: Dereferenziamento di un possibile riferimento Null. [E:\repo\WinHubX\Project\WinHubX\WinHubX.csproj]
E:\repo\WinHubX\Project\WinHubX\Forms\Settaggi\FormUtility.cs(800,66): warning CS8600: Conversione del valore letterale Null o di un possibile valore Null in un tipo che non ammette i valori Null. [E:\repo\WinHubX\Project\WinHubX\WinHubX.csproj]
E:\repo\WinHubX\Project\WinHubX\Forms\Settaggi\FormUtility.cs(1045,48): warning CS8600: Conversione del valore letterale Null o di un possibile valore Null in un tipo che non ammette i valori Null. [E:\repo\WinHubX\Project\WinHubX\WinHubX.csproj]
E:\repo\WinHubX\Project\WinHubX\Forms\Settaggi\FormUtility.cs(1060,48): warning CS8600: Conversione del valore letterale Null o di un possibile valore Null in un tipo che non ammette i valori Null. [E:\repo\WinHubX\Project\WinHubX\WinHubX.csproj]
E:\repo\WinHubX\Project\WinHubX\Forms\Settaggi\FormUtility.cs(1204,62): warning CS8600: Conversione del valore letterale Null o di un possibile valore Null in un tipo che non ammette i valori Null. [E:\repo\WinHubX\Project\WinHubX\WinHubX.csproj]
E:\repo\WinHubX\Project\WinHubX\Forms\Settaggi\FormUtility.cs(1205,62): warning CS8600: Conversione del valore letterale Null o di un possibile valore Null in un tipo che non ammette i valori Null. [E:\repo\WinHubX\Project\WinHubX\WinHubX.csproj]
E:\repo\WinHubX\Project\WinHubX\Forms\Settaggi\FormUtility.cs(1237,53): warning CS8600: Conversione del valore letterale Null o di un possibile valore Null in un tipo che non ammette i valori Null. [E:\repo\WinHubX\Project\WinHubX\WinHubX.csproj]
E:\repo\WinHubX\Project\WinHubX\Forms\Settaggi\FormUtility.cs(1245,62): warning CS8600: Conversione del valore letterale Null o di un possibile valore Null in un tipo che non ammette i valori Null. [E:\repo\WinHubX\Project\WinHubX\WinHubX.csproj]
E:\repo\WinHubX\Project\WinHubX\Forms\Settaggi\FormUtility.cs(1272,59): warning CS8600: Conversione del valore letterale Null o di un possibile valore Null in un tipo che non ammette i valori Null. [E:\repo\WinHubX\Project\WinHubX\WinHubX.csproj]
E:\repo\WinHubX\Project\WinHubX\Forms\Settaggi\FormUtility.cs(1283,59): warning CS8600: Conversione del valore letterale Null o di un possibile valore Null in un tipo che non ammette i valori Null. [E:\repo\WinHubX\Project\WinHubX\WinHubX.csproj]
E:\repo\WinHubX\Project\WinHubX\Forms\Settaggi\FormUtility.cs(1311,54): warning CS8600: Conversione del valore letterale Null o di un possibile valore Null in un tipo che non ammette i valori Null. [E:\repo\WinHubX\Project\WinHubX\WinHubX.csproj]
E:\repo\WinHubX\Project\WinHubX\Forms\Settaggi\FormUtility.cs(1316,52): warning CS8600: Conversione del valore letterale Null o di un possibile valore Null in un tipo che non ammette i valori Null. [E:\repo\WinHubX\Project\WinHubX\WinHubX.csproj]
E:\repo\WinHubX\Project\WinHubX\Forms\Settaggi\FormUtility.cs(1320,54): warning CS8600: Conversione del valore letterale Null o di un possibile valore Null in un tipo che non ammette i valori Null. [E:\repo\WinHubX\Project\WinHubX\WinHubX.csproj]
E:\repo\WinHubX\Project\WinHubX\Forms\Settaggi\FormUtility.cs(1326,52): warning CS8600: Conversione del valore letterale Null o di un possibile valore Null in un tipo che non ammette i valori Null. [E:\repo\WinHubX\Project\WinHubX\WinHubX.csproj]
E:\repo\WinHubX\Project\WinHubX\Forms\Settaggi\FormUtility.cs(1400,21): warning CS8602: Dereferenziamento di un possibile riferimento Null. [E:\repo\WinHubX\Project\WinHubX\WinHubX.csproj]
E:\repo\WinHubX\Project\WinHubX\Forms\Settaggi\FormUtility.cs(1465,25): warning CS8602: Dereferenziamento di un possibile riferimento Null. [E:\repo\WinHubX\Project\WinHubX\WinHubX.csproj]
E:\repo\WinHubX\Project\WinHubX\Forms\Settaggi\FormUtility.cs(1500,25): warning CS8602: Dereferenziamento di un possibile riferimento Null. [E:\repo\WinHubX\Project\WinHubX\WinHubX.csproj]
E:\repo\WinHubX\Project\WinHubX\Forms\Settaggi\FormUtility.cs(1597,62): warning CS8600: Conversione del valore letterale Null o di un possibile valore Null in un tipo che non ammette i valori Null. [E:\repo\WinHubX\Project\WinHubX\WinHubX.csproj]
E:\repo\WinHubX\Project\WinHubX\Forms\Settaggi\FormUtility.cs(1668,35): warning CS8600: Conversione del valore letterale Null o di un possibile valore Null in un tipo che non ammette i valori Null. [E:\repo\WinHubX\Project\WinHubX\WinHubX.csproj]
E:\repo\WinHubX\Project\WinHubX\Forms\Settaggi\FormUtility.cs(1669,41): warning CS8602: Dereferenziamento di un possibile riferimento Null. [E:\repo\WinHubX\Project\WinHubX\WinHubX.csproj]
E:\repo\WinHubX\Project\WinHubX\Forms\Settaggi\FormUtility.cs(1685,35): warning CS8600: Conversione del valore letterale Null o di un possibile valore Null in un tipo che non ammette i valori Null. [E:\repo\WinHubX\Project\WinHubX\WinHubX.csproj]
E:\repo\WinHubX\Project\WinHubX\Forms\Settaggi\FormUtility.cs(1686,38): warning CS8602: Dereferenziamento di un possibile riferimento Null. [E:\repo\WinHubX\Project\WinHubX\WinHubX.csproj]
E:\repo\WinHubX\Project\WinHubX\Forms\Personalizzazione office\PersonalizzazioneOffice.cs(95,31): warning CS8600: Conversione del valore letterale Null o di un possibile valore Null in un tipo che non ammette i valori Null. [E:\repo\WinHubX\Project\WinHubX\WinHubX.csproj]
E:\repo\WinHubX\Project\WinHubX\Forms\Personalizzazione office\PersonalizzazioneOffice.cs(110,31): warning CS8600: Conversione del valore letterale Null o di un possibile valore Null in un tipo che non ammette i valori Null. [E:\repo\WinHubX\Project\WinHubX\WinHubX.csproj]
E:\repo\WinHubX\Project\WinHubX\Forms\Personalizzazione office\PersonalizzazioneOffice.cs(140,32): warning CS8600: Conversione del valore letterale Null o di un possibile valore Null in un tipo che non ammette i valori Null. [E:\repo\WinHubX\Project\WinHubX\WinHubX.csproj]
E:\repo\WinHubX\Project\WinHubX\Forms\Personalizzazione office\PersonalizzazioneOffice.cs(170,17): warning CS8602: Dereferenziamento di un possibile riferimento Null. [E:\repo\WinHubX\Project\WinHubX\WinHubX.csproj]
E:\repo\WinHubX\Project\WinHubX\Forms\Personalizzazione office\PersonalizzazioneOffice.cs(194,21): warning CS8602: Dereferenziamento di un possibile riferimento Null. [E:\repo\WinHubX\Project\WinHubX\WinHubX.csproj]
E:\repo\WinHubX\Project\WinHubX\Forms\Settaggi\FormDefender.cs(103,38): warning CS8600: Conversione del valore letterale Null o di un possibile valore Null in un tipo che non ammette i valori Null. [E:\repo\WinHubX\Project\WinHubX\WinHubX.csproj]
E:\repo\WinHubX\Project\WinHubX\Forms\Personalizzazione office\PersonalizzazioneOffice.cs(413,31): warning CS8600: Conversione del valore letterale Null o di un possibile valore Null in un tipo che non ammette i valori Null. [E:\repo\WinHubX\Project\WinHubX\WinHubX.csproj]
E:\repo\WinHubX\Project\WinHubX\Forms\ImpostazioniApp\FormImpostazioniApp.cs(475,27): warning CS8618: L'elemento proprietà 'LatestVersion' non nullable deve contenere un valore non Null all'uscita dal costruttore. Prendere in considerazione l'aggiunta del modificatore 'required' o la dichiarazione di proprietà come nullable. [E:\repo\WinHubX\Project\WinHubX\WinHubX.csproj]
E:\repo\WinHubX\Project\WinHubX\Forms\ImpostazioniApp\FormImpostazioniApp.cs(476,27): warning CS8618: L'elemento proprietà 'UpdateUrl' non nullable deve contenere un valore non Null all'uscita dal costruttore. Prendere in considerazione l'aggiunta del modificatore 'required' o la dichiarazione di proprietà come nullable. [E:\repo\WinHubX\Project\WinHubX\WinHubX.csproj]
E:\repo\WinHubX\Project\WinHubX\Forms\ImpostazioniApp\FormImpostazioniApp.cs(477,27): warning CS8618: L'elemento proprietà 'ReleaseNotes' non nullable deve contenere un valore non Null all'uscita dal costruttore. Prendere in considerazione l'aggiunta del modificatore 'required' o la dichiarazione di proprietà come nullable. [E:\repo\WinHubX\Project\WinHubX\WinHubX.csproj]
E:\repo\WinHubX\Project\WinHubX\Forms\Settaggi\FormExplorer.cs(26,50): warning CS8600: Conversione del valore letterale Null o di un possibile valore Null in un tipo che non ammette i valori Null. [E:\repo\WinHubX\Project\WinHubX\WinHubX.csproj]
E:\repo\WinHubX\Project\WinHubX\Forms\Settaggi\FormExplorer.cs(58,50): warning CS8600: Conversione del valore letterale Null o di un possibile valore Null in un tipo che non ammette i valori Null. [E:\repo\WinHubX\Project\WinHubX\WinHubX.csproj]
E:\repo\WinHubX\Project\WinHubX\Forms\Settaggi\FormDefender.cs(276,44): warning CS8600: Conversione del valore letterale Null o di un possibile valore Null in un tipo che non ammette i valori Null. [E:\repo\WinHubX\Project\WinHubX\WinHubX.csproj]
E:\repo\WinHubX\Project\WinHubX\Forms\Settaggi\FormDefender.cs(280,44): warning CS8600: Conversione del valore letterale Null o di un possibile valore Null in un tipo che non ammette i valori Null. [E:\repo\WinHubX\Project\WinHubX\WinHubX.csproj]
E:\repo\WinHubX\Project\WinHubX\Forms\Settaggi\FormUpdate.cs(223,17): warning CS8602: Dereferenziamento di un possibile riferimento Null. [E:\repo\WinHubX\Project\WinHubX\WinHubX.csproj]
E:\repo\WinHubX\Project\WinHubX\Forms\Settaggi\FormDefender.cs(295,42): warning CS8600: Conversione del valore letterale Null o di un possibile valore Null in un tipo che non ammette i valori Null. [E:\repo\WinHubX\Project\WinHubX\WinHubX.csproj]
E:\repo\WinHubX\Project\WinHubX\Forms\Settaggi\FormDefender.cs(301,50): warning CS8600: Conversione del valore letterale Null o di un possibile valore Null in un tipo che non ammette i valori Null. [E:\repo\WinHubX\Project\WinHubX\WinHubX.csproj]
E:\repo\WinHubX\Project\WinHubX\Forms\Settaggi\FormDefender.cs(302,71): warning CS8604: Possibile argomento di riferimento Null per il parametro 'identity' in 'RegistryAccessRule.RegistryAccessRule(IdentityReference identity, RegistryRights registryRights, AccessControlType type)'. [E:\repo\WinHubX\Project\WinHubX\WinHubX.csproj]
E:\repo\WinHubX\Project\WinHubX\Forms\Settaggi\FormDefender.cs(342,13): warning CS8602: Dereferenziamento di un possibile riferimento Null. [E:\repo\WinHubX\Project\WinHubX\WinHubX.csproj]
E:\repo\WinHubX\Project\WinHubX\Forms\Settaggi\FormRipristinoSO.cs(18,16): warning CS8618: L'elemento campo 'countdownTimer' non nullable deve contenere un valore non Null all'uscita dal costruttore. Prendere in considerazione l'aggiunta del modificatore 'required' o la dichiarazione di campo come nullable. [E:\repo\WinHubX\Project\WinHubX\WinHubX.csproj]
E:\repo\WinHubX\Project\WinHubX\Forms\Settaggi\FormRipristinoSO.cs(18,16): warning CS8618: L'elemento campo 'cancellationTokenSource' non nullable deve contenere un valore non Null all'uscita dal costruttore. Prendere in considerazione l'aggiunta del modificatore 'required' o la dichiarazione di campo come nullable. [E:\repo\WinHubX\Project\WinHubX\WinHubX.csproj]
E:\repo\WinHubX\Project\WinHubX\Forms\Settaggi\FormDefender.cs(355,13): warning CS8602: Dereferenziamento di un possibile riferimento Null. [E:\repo\WinHubX\Project\WinHubX\WinHubX.csproj]
E:\repo\WinHubX\Project\WinHubX\Forms\Settaggi\FormUpdate.cs(305,17): warning CS8602: Dereferenziamento di un possibile riferimento Null. [E:\repo\WinHubX\Project\WinHubX\WinHubX.csproj]
E:\repo\WinHubX\Project\WinHubX\Forms\Settaggi\FormPrivacy.cs(88,38): warning CS8600: Conversione del valore letterale Null o di un possibile valore Null in un tipo che non ammette i valori Null. [E:\repo\WinHubX\Project\WinHubX\WinHubX.csproj]
E:\repo\WinHubX\Project\WinHubX\Forms\Settaggi\FormUpdate.cs(329,17): warning CS8602: Dereferenziamento di un possibile riferimento Null. [E:\repo\WinHubX\Project\WinHubX\WinHubX.csproj]
E:\repo\WinHubX\Project\WinHubX\Forms\Settaggi\FormUpdate.cs(420,17): warning CS8602: Dereferenziamento di un possibile riferimento Null. [E:\repo\WinHubX\Project\WinHubX\WinHubX.csproj]
E:\repo\WinHubX\Project\WinHubX\Forms\Settaggi\FormPrivacy.cs(207,37): warning CS8600: Conversione del valore letterale Null o di un possibile valore Null in un tipo che non ammette i valori Null. [E:\repo\WinHubX\Project\WinHubX\WinHubX.csproj]
E:\repo\WinHubX\Project\WinHubX\Forms\Settaggi\FormUpdate.cs(482,25): warning CS8602: Dereferenziamento di un possibile riferimento Null. [E:\repo\WinHubX\Project\WinHubX\WinHubX.csproj]
E:\repo\WinHubX\Project\WinHubX\Forms\Settaggi\FormUpdate.cs(597,25): warning CS8602: Dereferenziamento di un possibile riferimento Null. [E:\repo\WinHubX\Project\WinHubX\WinHubX.csproj]
E:\repo\WinHubX\Project\WinHubX\Forms\Settaggi\FormPersonalizzazione.cs(320,38): warning CS8600: Conversione del valore letterale Null o di un possibile valore Null in un tipo che non ammette i valori Null. [E:\repo\WinHubX\Project\WinHubX\WinHubX.csproj]
E:\repo\WinHubX\Project\WinHubX\Forms\Settaggi\FormPersonalizzazione.cs(364,24): warning CS8602: Dereferenziamento di un possibile riferimento Null. [E:\repo\WinHubX\Project\WinHubX\WinHubX.csproj]
E:\repo\WinHubX\Project\WinHubX\Forms\Settaggi\FormPersonalizzazione.cs(364,24): warning CS8602: Dereferenziamento di un possibile riferimento Null. [E:\repo\WinHubX\Project\WinHubX\WinHubX.csproj]
E:\repo\WinHubX\Project\WinHubX\Forms\Personalizzazione office\FormAggiungiRimuoviAppOffice.cs(78,29): warning CS8601: Possibile assegnazione di riferimento Null. [E:\repo\WinHubX\Project\WinHubX\WinHubX.csproj]
E:\repo\WinHubX\Project\WinHubX\Forms\Personalizzazione office\FormAggiungiRimuoviAppOffice.cs(84,33): warning CS8601: Possibile assegnazione di riferimento Null. [E:\repo\WinHubX\Project\WinHubX\WinHubX.csproj]
E:\repo\WinHubX\Project\WinHubX\Forms\Settaggi\FormRipristinoSO.cs(64,9): warning CS8619: Il supporto dei valori Null dei tipi riferimento nel valore di tipo '(string, string?)' non corrisponde al tipo di destinazione '(string Label, string Command)'. [E:\repo\WinHubX\Project\WinHubX\WinHubX.csproj]
E:\repo\WinHubX\Project\WinHubX\Forms\Settaggi\FormDefender.cs(418,25): warning CS8602: Dereferenziamento di un possibile riferimento Null. [E:\repo\WinHubX\Project\WinHubX\WinHubX.csproj]
E:\repo\WinHubX\Project\WinHubX\Forms\Settaggi\FormDefender.cs(705,25): warning CS8602: Dereferenziamento di un possibile riferimento Null. [E:\repo\WinHubX\Project\WinHubX\WinHubX.csproj]
E:\repo\WinHubX\Project\WinHubX\Forms\Settaggi\FormPersonalizzazione.cs(432,44): warning CS8600: Conversione del valore letterale Null o di un possibile valore Null in un tipo che non ammette i valori Null. [E:\repo\WinHubX\Project\WinHubX\WinHubX.csproj]
E:\repo\WinHubX\Project\WinHubX\Forms\Settaggi\FormPersonalizzazione.cs(456,51): warning CS8600: Conversione del valore letterale Null o di un possibile valore Null in un tipo che non ammette i valori Null. [E:\repo\WinHubX\Project\WinHubX\WinHubX.csproj]
E:\repo\WinHubX\Project\WinHubX\Forms\Settaggi\FormPersonalizzazione.cs(598,42): warning CS8600: Conversione del valore letterale Null o di un possibile valore Null in un tipo che non ammette i valori Null. [E:\repo\WinHubX\Project\WinHubX\WinHubX.csproj]
E:\repo\WinHubX\Project\WinHubX\Forms\Settaggi\FormDefender.cs(1023,35): warning CS8600: Conversione del valore letterale Null o di un possibile valore Null in un tipo che non ammette i valori Null. [E:\repo\WinHubX\Project\WinHubX\WinHubX.csproj]
E:\repo\WinHubX\Project\WinHubX\Forms\Settaggi\FormDefender.cs(1024,41): warning CS8602: Dereferenziamento di un possibile riferimento Null. [E:\repo\WinHubX\Project\WinHubX\WinHubX.csproj]
E:\repo\WinHubX\Project\WinHubX\Forms\Settaggi\FormPersonalizzazione.cs(669,35): warning CS8600: Conversione del valore letterale Null o di un possibile valore Null in un tipo che non ammette i valori Null. [E:\repo\WinHubX\Project\WinHubX\WinHubX.csproj]
E:\repo\WinHubX\Project\WinHubX\Forms\Settaggi\FormDefender.cs(1041,39): warning CS8600: Conversione del valore letterale Null o di un possibile valore Null in un tipo che non ammette i valori Null. [E:\repo\WinHubX\Project\WinHubX\WinHubX.csproj]
E:\repo\WinHubX\Project\WinHubX\Forms\Settaggi\FormDefender.cs(1042,42): warning CS8602: Dereferenziamento di un possibile riferimento Null. [E:\repo\WinHubX\Project\WinHubX\WinHubX.csproj]
E:\repo\WinHubX\Project\WinHubX\Forms\Settaggi\FormPersonalizzazione.cs(679,38): warning CS8600: Conversione del valore letterale Null o di un possibile valore Null in un tipo che non ammette i valori Null. [E:\repo\WinHubX\Project\WinHubX\WinHubX.csproj]
E:\repo\WinHubX\Project\WinHubX\Forms\Settaggi\FormPersonalizzazione.cs(683,36): warning CS8600: Conversione del valore letterale Null o di un possibile valore Null in un tipo che non ammette i valori Null. [E:\repo\WinHubX\Project\WinHubX\WinHubX.csproj]
E:\repo\WinHubX\Project\WinHubX\Forms\Settaggi\FormRipristinoSO.cs(176,48): warning CS8622: Il supporto dei valori Null dei tipi riferimento nel tipo di parametro 'sender' di 'void FormRipristinoSO.UpdateCountdown(object sender, EventArgs e)' non corrisponde al delegato di destinazione 'EventHandler', probabilmente a causa degli attributi del supporto dei valori Null. [E:\repo\WinHubX\Project\WinHubX\WinHubX.csproj]
E:\repo\WinHubX\Project\WinHubX\Forms\Settaggi\FormPersonalizzazione.cs(726,42): warning CS8600: Conversione del valore letterale Null o di un possibile valore Null in un tipo che non ammette i valori Null. [E:\repo\WinHubX\Project\WinHubX\WinHubX.csproj]
E:\repo\WinHubX\Project\WinHubX\Forms\Settaggi\FormPersonalizzazione.cs(744,42): warning CS8600: Conversione del valore letterale Null o di un possibile valore Null in un tipo che non ammette i valori Null. [E:\repo\WinHubX\Project\WinHubX\WinHubX.csproj]
E:\repo\WinHubX\Project\WinHubX\Forms\Base\FormWin.cs(19,16): warning CS8618: L'elemento campo 'selectedOS' non nullable deve contenere un valore non Null all'uscita dal costruttore. Prendere in considerazione l'aggiunta del modificatore 'required' o la dichiarazione di campo come nullable. [E:\repo\WinHubX\Project\WinHubX\WinHubX.csproj]
E:\repo\WinHubX\Project\WinHubX\Forms\Base\FormWin.cs(19,16): warning CS8618: L'elemento campo 'selectedVersion' non nullable deve contenere un valore non Null all'uscita dal costruttore. Prendere in considerazione l'aggiunta del modificatore 'required' o la dichiarazione di campo come nullable. [E:\repo\WinHubX\Project\WinHubX\WinHubX.csproj]
E:\repo\WinHubX\Project\WinHubX\Forms\Base\FormWin.cs(19,16): warning CS8618: L'elemento campo 'selectedLanguage' non nullable deve contenere un valore non Null all'uscita dal costruttore. Prendere in considerazione l'aggiunta del modificatore 'required' o la dichiarazione di campo come nullable. [E:\repo\WinHubX\Project\WinHubX\WinHubX.csproj]
E:\repo\WinHubX\Project\WinHubX\Forms\Base\FormWin.cs(48,13): warning SYSLIB0014: 'ServicePointManager' è obsoleto: 'WebRequest, HttpWebRequest, ServicePoint, and WebClient are obsolete. Use HttpClient instead. Settings on ServicePointManager no longer affect SslStream or HttpClient.' (https://aka.ms/dotnet-warnings/SYSLIB0014) [E:\repo\WinHubX\Project\WinHubX\WinHubX.csproj]
E:\repo\WinHubX\Project\WinHubX\Impostazioni\ThemeManager.cs(307,27): warning CS8600: Conversione del valore letterale Null o di un possibile valore Null in un tipo che non ammette i valori Null. [E:\repo\WinHubX\Project\WinHubX\WinHubX.csproj]
E:\repo\WinHubX\Project\WinHubX\Forms\Base\FormWin.cs(263,17): warning SYSLIB0014: 'ServicePointManager' è obsoleto: 'WebRequest, HttpWebRequest, ServicePoint, and WebClient are obsolete. Use HttpClient instead. Settings on ServicePointManager no longer affect SslStream or HttpClient.' (https://aka.ms/dotnet-warnings/SYSLIB0014) [E:\repo\WinHubX\Project\WinHubX\WinHubX.csproj]
E:\repo\WinHubX\Project\WinHubX\Forms\Base\FormWin.cs(299,30): warning CS8600: Conversione del valore letterale Null o di un possibile valore Null in un tipo che non ammette i valori Null. [E:\repo\WinHubX\Project\WinHubX\WinHubX.csproj]
E:\repo\WinHubX\Project\WinHubX\Forms\Personalizzazione office\FormAggiungiRimuoviAppOffice.cs(127,54): warning CS8600: Conversione del valore letterale Null o di un possibile valore Null in un tipo che non ammette i valori Null. [E:\repo\WinHubX\Project\WinHubX\WinHubX.csproj]
E:\repo\WinHubX\Project\WinHubX\Forms\Personalizzazione office\FormAggiungiRimuoviAppOffice.cs(164,60): warning CS8600: Conversione del valore letterale Null o di un possibile valore Null in un tipo che non ammette i valori Null. [E:\repo\WinHubX\Project\WinHubX\WinHubX.csproj]
E:\repo\WinHubX\Project\WinHubX\Forms\Personalizzazione office\FormAggiungiRimuoviAppOffice.cs(186,51): warning CS8600: Conversione del valore letterale Null o di un possibile valore Null in un tipo che non ammette i valori Null. [E:\repo\WinHubX\Project\WinHubX\WinHubX.csproj]
E:\repo\WinHubX\Project\WinHubX\Forms\Personalizzazione office\FormAggiungiRimuoviAppOffice.cs(220,58): warning CS8600: Conversione del valore letterale Null o di un possibile valore Null in un tipo che non ammette i valori Null. [E:\repo\WinHubX\Project\WinHubX\WinHubX.csproj]
E:\repo\WinHubX\Project\WinHubX\Program.cs(87,36): warning CS8600: Conversione del valore letterale Null o di un possibile valore Null in un tipo che non ammette i valori Null. [E:\repo\WinHubX\Project\WinHubX\WinHubX.csproj]
E:\repo\WinHubX\Project\WinHubX\Program.cs(9,36): warning CS8618: L'elemento campo 'Config' non nullable deve contenere un valore non Null all'uscita dal costruttore. Prendere in considerazione l'aggiunta del modificatore 'required' o la dichiarazione di campo come nullable. [E:\repo\WinHubX\Project\WinHubX\WinHubX.csproj]
E:\repo\WinHubX\Project\WinHubX\Forms\Personalizzazione office\FormAggiungiRimuoviAppOffice.cs(546,28): warning CS8600: Conversione del valore letterale Null o di un possibile valore Null in un tipo che non ammette i valori Null. [E:\repo\WinHubX\Project\WinHubX\WinHubX.csproj]
E:\repo\WinHubX\Project\WinHubX\Forms\Personalizzazione office\FormAggiungiRimuoviAppOffice.cs(588,42): warning CS8602: Dereferenziamento di un possibile riferimento Null. [E:\repo\WinHubX\Project\WinHubX\WinHubX.csproj]
E:\repo\WinHubX\Project\WinHubX\Forms\Personalizzazione office\FormAggiungiRimuoviAppOffice.cs(663,48): warning CS8600: Conversione del valore letterale Null o di un possibile valore Null in un tipo che non ammette i valori Null. [E:\repo\WinHubX\Project\WinHubX\WinHubX.csproj]
E:\repo\WinHubX\Project\WinHubX\Forms\Personalizzazione office\FormAggiungiRimuoviAppOffice.cs(667,57): warning CS8600: Conversione del valore letterale Null o di un possibile valore Null in un tipo che non ammette i valori Null. [E:\repo\WinHubX\Project\WinHubX\WinHubX.csproj]
E:\repo\WinHubX\Project\WinHubX\Forms\Personalizzazione office\FormAggiungiRimuoviAppOffice.cs(673,65): warning CS8600: Conversione del valore letterale Null o di un possibile valore Null in un tipo che non ammette i valori Null. [E:\repo\WinHubX\Project\WinHubX\WinHubX.csproj]
E:\repo\WinHubX\Project\WinHubX\Forms\Personalizzazione office\FormAggiungiRimuoviAppOffice.cs(710,65): warning CS8602: Dereferenziamento di un possibile riferimento Null. [E:\repo\WinHubX\Project\WinHubX\WinHubX.csproj]
E:\repo\WinHubX\Project\WinHubX\Forms\Personalizzazione office\FormAggiungiRimuoviAppOffice.cs(716,43): warning CS8601: Possibile assegnazione di riferimento Null. [E:\repo\WinHubX\Project\WinHubX\WinHubX.csproj]
E:\repo\WinHubX\Project\WinHubX\Forms\Personalizzazione office\FormAggiungiRimuoviAppOffice.cs(735,93): warning CS8600: Conversione del valore letterale Null o di un possibile valore Null in un tipo che non ammette i valori Null. [E:\repo\WinHubX\Project\WinHubX\WinHubX.csproj]
E:\repo\WinHubX\Project\WinHubX\Forms\Settaggi\FormPrivacy.cs(302,48): warning CS8600: Conversione del valore letterale Null o di un possibile valore Null in un tipo che non ammette i valori Null. [E:\repo\WinHubX\Project\WinHubX\WinHubX.csproj]
E:\repo\WinHubX\Project\WinHubX\Forms\Settaggi\FormPrivacy.cs(307,48): warning CS8600: Conversione del valore letterale Null o di un possibile valore Null in un tipo che non ammette i valori Null. [E:\repo\WinHubX\Project\WinHubX\WinHubX.csproj]
E:\repo\WinHubX\Project\WinHubX\Forms\Settaggi\FormPrivacy.cs(395,50): warning CS8600: Conversione del valore letterale Null o di un possibile valore Null in un tipo che non ammette i valori Null. [E:\repo\WinHubX\Project\WinHubX\WinHubX.csproj]
E:\repo\WinHubX\Project\WinHubX\Forms\Settaggi\FormPrivacy.cs(400,50): warning CS8600: Conversione del valore letterale Null o di un possibile valore Null in un tipo che non ammette i valori Null. [E:\repo\WinHubX\Project\WinHubX\WinHubX.csproj]
E:\repo\WinHubX\Project\WinHubX\Forms\Settaggi\FormPrivacy.cs(405,50): warning CS8600: Conversione del valore letterale Null o di un possibile valore Null in un tipo che non ammette i valori Null. [E:\repo\WinHubX\Project\WinHubX\WinHubX.csproj]
E:\repo\WinHubX\Project\WinHubX\Forms\Settaggi\FormPrivacy.cs(411,50): warning CS8600: Conversione del valore letterale Null o di un possibile valore Null in un tipo che non ammette i valori Null. [E:\repo\WinHubX\Project\WinHubX\WinHubX.csproj]
E:\repo\WinHubX\Project\WinHubX\Forms\Settaggi\FormPrivacy.cs(515,50): warning CS8600: Conversione del valore letterale Null o di un possibile valore Null in un tipo che non ammette i valori Null. [E:\repo\WinHubX\Project\WinHubX\WinHubX.csproj]
E:\repo\WinHubX\Project\WinHubX\Forms\Settaggi\FormPrivacy.cs(521,50): warning CS8600: Conversione del valore letterale Null o di un possibile valore Null in un tipo che non ammette i valori Null. [E:\repo\WinHubX\Project\WinHubX\WinHubX.csproj]
E:\repo\WinHubX\Project\WinHubX\Forms\Settaggi\FormPrivacy.cs(527,50): warning CS8600: Conversione del valore letterale Null o di un possibile valore Null in un tipo che non ammette i valori Null. [E:\repo\WinHubX\Project\WinHubX\WinHubX.csproj]
E:\repo\WinHubX\Project\WinHubX\Forms\Settaggi\FormPrivacy.cs(532,50): warning CS8600: Conversione del valore letterale Null o di un possibile valore Null in un tipo che non ammette i valori Null. [E:\repo\WinHubX\Project\WinHubX\WinHubX.csproj]
E:\repo\WinHubX\Project\WinHubX\Forms\Settaggi\FormPrivacy.cs(537,50): warning CS8600: Conversione del valore letterale Null o di un possibile valore Null in un tipo che non ammette i valori Null. [E:\repo\WinHubX\Project\WinHubX\WinHubX.csproj]
E:\repo\WinHubX\Project\WinHubX\Forms\Settaggi\FormPrivacy.cs(542,50): warning CS8600: Conversione del valore letterale Null o di un possibile valore Null in un tipo che non ammette i valori Null. [E:\repo\WinHubX\Project\WinHubX\WinHubX.csproj]
E:\repo\WinHubX\Project\WinHubX\Forms\Settaggi\FormPrivacy.cs(564,48): warning CS8600: Conversione del valore letterale Null o di un possibile valore Null in un tipo che non ammette i valori Null. [E:\repo\WinHubX\Project\WinHubX\WinHubX.csproj]
E:\repo\WinHubX\Project\WinHubX\Forms\Settaggi\FormPrivacy.cs(569,48): warning CS8600: Conversione del valore letterale Null o di un possibile valore Null in un tipo che non ammette i valori Null. [E:\repo\WinHubX\Project\WinHubX\WinHubX.csproj]
E:\repo\WinHubX\Project\WinHubX\Forms\Settaggi\FormPrivacy.cs(605,48): warning CS8600: Conversione del valore letterale Null o di un possibile valore Null in un tipo che non ammette i valori Null. [E:\repo\WinHubX\Project\WinHubX\WinHubX.csproj]
E:\repo\WinHubX\Project\WinHubX\Forms\Settaggi\FormPrivacy.cs(611,48): warning CS8600: Conversione del valore letterale Null o di un possibile valore Null in un tipo che non ammette i valori Null. [E:\repo\WinHubX\Project\WinHubX\WinHubX.csproj]
E:\repo\WinHubX\Project\WinHubX\Forms\Settaggi\FormPrivacy.cs(640,48): warning CS8600: Conversione del valore letterale Null o di un possibile valore Null in un tipo che non ammette i valori Null. [E:\repo\WinHubX\Project\WinHubX\WinHubX.csproj]
E:\repo\WinHubX\Project\WinHubX\Forms\Settaggi\FormPrivacy.cs(645,48): warning CS8600: Conversione del valore letterale Null o di un possibile valore Null in un tipo che non ammette i valori Null. [E:\repo\WinHubX\Project\WinHubX\WinHubX.csproj]
E:\repo\WinHubX\Project\WinHubX\Forms\Settaggi\FormPrivacy.cs(682,48): warning CS8600: Conversione del valore letterale Null o di un possibile valore Null in un tipo che non ammette i valori Null. [E:\repo\WinHubX\Project\WinHubX\WinHubX.csproj]
E:\repo\WinHubX\Project\WinHubX\Forms\Settaggi\FormPrivacy.cs(687,48): warning CS8600: Conversione del valore letterale Null o di un possibile valore Null in un tipo che non ammette i valori Null. [E:\repo\WinHubX\Project\WinHubX\WinHubX.csproj]
E:\repo\WinHubX\Project\WinHubX\Forms\Settaggi\FormPrivacy.cs(709,48): warning CS8600: Conversione del valore letterale Null o di un possibile valore Null in un tipo che non ammette i valori Null. [E:\repo\WinHubX\Project\WinHubX\WinHubX.csproj]
E:\repo\WinHubX\Project\WinHubX\Forms\Settaggi\FormPrivacy.cs(714,48): warning CS8600: Conversione del valore letterale Null o di un possibile valore Null in un tipo che non ammette i valori Null. [E:\repo\WinHubX\Project\WinHubX\WinHubX.csproj]
E:\repo\WinHubX\Project\WinHubX\Forms\Settaggi\FormPrivacy.cs(755,48): warning CS8600: Conversione del valore letterale Null o di un possibile valore Null in un tipo che non ammette i valori Null. [E:\repo\WinHubX\Project\WinHubX\WinHubX.csproj]
E:\repo\WinHubX\Project\WinHubX\Forms\Settaggi\FormPrivacy.cs(760,48): warning CS8600: Conversione del valore letterale Null o di un possibile valore Null in un tipo che non ammette i valori Null. [E:\repo\WinHubX\Project\WinHubX\WinHubX.csproj]
E:\repo\WinHubX\Project\WinHubX\Forms\Settaggi\FormPrivacy.cs(782,48): warning CS8600: Conversione del valore letterale Null o di un possibile valore Null in un tipo che non ammette i valori Null. [E:\repo\WinHubX\Project\WinHubX\WinHubX.csproj]
E:\repo\WinHubX\Project\WinHubX\Forms\Settaggi\FormPrivacy.cs(787,48): warning CS8600: Conversione del valore letterale Null o di un possibile valore Null in un tipo che non ammette i valori Null. [E:\repo\WinHubX\Project\WinHubX\WinHubX.csproj]
E:\repo\WinHubX\Project\WinHubX\Forms\Settaggi\FormPrivacy.cs(810,48): warning CS8600: Conversione del valore letterale Null o di un possibile valore Null in un tipo che non ammette i valori Null. [E:\repo\WinHubX\Project\WinHubX\WinHubX.csproj]
E:\repo\WinHubX\Project\WinHubX\Forms\Settaggi\FormPrivacy.cs(815,48): warning CS8600: Conversione del valore letterale Null o di un possibile valore Null in un tipo che non ammette i valori Null. [E:\repo\WinHubX\Project\WinHubX\WinHubX.csproj]
E:\repo\WinHubX\Project\WinHubX\Forms\Settaggi\FormPrivacy.cs(850,48): warning CS8600: Conversione del valore letterale Null o di un possibile valore Null in un tipo che non ammette i valori Null. [E:\repo\WinHubX\Project\WinHubX\WinHubX.csproj]
E:\repo\WinHubX\Project\WinHubX\Forms\Settaggi\FormPrivacy.cs(861,48): warning CS8600: Conversione del valore letterale Null o di un possibile valore Null in un tipo che non ammette i valori Null. [E:\repo\WinHubX\Project\WinHubX\WinHubX.csproj]
E:\repo\WinHubX\Project\WinHubX\Forms\Settaggi\FormPrivacy.cs(944,59): warning CS8600: Conversione del valore letterale Null o di un possibile valore Null in un tipo che non ammette i valori Null. [E:\repo\WinHubX\Project\WinHubX\WinHubX.csproj]
E:\repo\WinHubX\Project\WinHubX\Forms\Settaggi\FormPrivacy.cs(949,59): warning CS8600: Conversione del valore letterale Null o di un possibile valore Null in un tipo che non ammette i valori Null. [E:\repo\WinHubX\Project\WinHubX\WinHubX.csproj]
E:\repo\WinHubX\Project\WinHubX\Forms\Settaggi\FormPrivacy.cs(953,59): warning CS8600: Conversione del valore letterale Null o di un possibile valore Null in un tipo che non ammette i valori Null. [E:\repo\WinHubX\Project\WinHubX\WinHubX.csproj]
E:\repo\WinHubX\Project\WinHubX\Forms\Settaggi\FormPrivacy.cs(958,59): warning CS8600: Conversione del valore letterale Null o di un possibile valore Null in un tipo che non ammette i valori Null. [E:\repo\WinHubX\Project\WinHubX\WinHubX.csproj]
E:\repo\WinHubX\Project\WinHubX\Forms\Settaggi\FormPrivacy.cs(962,51): warning CS8600: Conversione del valore letterale Null o di un possibile valore Null in un tipo che non ammette i valori Null. [E:\repo\WinHubX\Project\WinHubX\WinHubX.csproj]
E:\repo\WinHubX\Project\WinHubX\Forms\Settaggi\FormPrivacy.cs(967,51): warning CS8600: Conversione del valore letterale Null o di un possibile valore Null in un tipo che non ammette i valori Null. [E:\repo\WinHubX\Project\WinHubX\WinHubX.csproj]
E:\repo\WinHubX\Project\WinHubX\Forms\Settaggi\FormPrivacy.cs(971,60): warning CS8600: Conversione del valore letterale Null o di un possibile valore Null in un tipo che non ammette i valori Null. [E:\repo\WinHubX\Project\WinHubX\WinHubX.csproj]
E:\repo\WinHubX\Project\WinHubX\Forms\Settaggi\FormPrivacy.cs(976,60): warning CS8600: Conversione del valore letterale Null o di un possibile valore Null in un tipo che non ammette i valori Null. [E:\repo\WinHubX\Project\WinHubX\WinHubX.csproj]
E:\repo\WinHubX\Project\WinHubX\Forms\Settaggi\FormPrivacy.cs(1074,52): warning CS8600: Conversione del valore letterale Null o di un possibile valore Null in un tipo che non ammette i valori Null. [E:\repo\WinHubX\Project\WinHubX\WinHubX.csproj]
E:\repo\WinHubX\Project\WinHubX\Forms\Settaggi\FormPrivacy.cs(1164,48): warning CS8600: Conversione del valore letterale Null o di un possibile valore Null in un tipo che non ammette i valori Null. [E:\repo\WinHubX\Project\WinHubX\WinHubX.csproj]
E:\repo\WinHubX\Project\WinHubX\Forms\Settaggi\FormPrivacy.cs(1169,48): warning CS8600: Conversione del valore letterale Null o di un possibile valore Null in un tipo che non ammette i valori Null. [E:\repo\WinHubX\Project\WinHubX\WinHubX.csproj]
E:\repo\WinHubX\Project\WinHubX\Forms\Settaggi\FormPrivacy.cs(1202,48): warning CS8600: Conversione del valore letterale Null o di un possibile valore Null in un tipo che non ammette i valori Null. [E:\repo\WinHubX\Project\WinHubX\WinHubX.csproj]
E:\repo\WinHubX\Project\WinHubX\Forms\Settaggi\FormPrivacy.cs(1206,48): warning CS8600: Conversione del valore letterale Null o di un possibile valore Null in un tipo che non ammette i valori Null. [E:\repo\WinHubX\Project\WinHubX\WinHubX.csproj]
E:\repo\WinHubX\Project\WinHubX\Forms\Settaggi\FormPrivacy.cs(1234,48): warning CS8600: Conversione del valore letterale Null o di un possibile valore Null in un tipo che non ammette i valori Null. [E:\repo\WinHubX\Project\WinHubX\WinHubX.csproj]
E:\repo\WinHubX\Project\WinHubX\Forms\Settaggi\FormPrivacy.cs(1238,48): warning CS8600: Conversione del valore letterale Null o di un possibile valore Null in un tipo che non ammette i valori Null. [E:\repo\WinHubX\Project\WinHubX\WinHubX.csproj]
E:\repo\WinHubX\Project\WinHubX\Forms\Settaggi\FormPrivacy.cs(1296,48): warning CS8600: Conversione del valore letterale Null o di un possibile valore Null in un tipo che non ammette i valori Null. [E:\repo\WinHubX\Project\WinHubX\WinHubX.csproj]
E:\repo\WinHubX\Project\WinHubX\Forms\Settaggi\FormPrivacy.cs(1300,48): warning CS8600: Conversione del valore letterale Null o di un possibile valore Null in un tipo che non ammette i valori Null. [E:\repo\WinHubX\Project\WinHubX\WinHubX.csproj]
E:\repo\WinHubX\Project\WinHubX\Forms\Settaggi\FormPrivacy.cs(1378,48): warning CS8600: Conversione del valore letterale Null o di un possibile valore Null in un tipo che non ammette i valori Null. [E:\repo\WinHubX\Project\WinHubX\WinHubX.csproj]
E:\repo\WinHubX\Project\WinHubX\Forms\Settaggi\FormPrivacy.cs(1389,48): warning CS8600: Conversione del valore letterale Null o di un possibile valore Null in un tipo che non ammette i valori Null. [E:\repo\WinHubX\Project\WinHubX\WinHubX.csproj]
E:\repo\WinHubX\Project\WinHubX\Forms\Settaggi\FormPrivacy.cs(1434,48): warning CS8600: Conversione del valore letterale Null o di un possibile valore Null in un tipo che non ammette i valori Null. [E:\repo\WinHubX\Project\WinHubX\WinHubX.csproj]
E:\repo\WinHubX\Project\WinHubX\Forms\Settaggi\FormPrivacy.cs(1448,48): warning CS8600: Conversione del valore letterale Null o di un possibile valore Null in un tipo che non ammette i valori Null. [E:\repo\WinHubX\Project\WinHubX\WinHubX.csproj]
E:\repo\WinHubX\Project\WinHubX\Forms\Settaggi\FormPrivacy.cs(1483,48): warning CS8600: Conversione del valore letterale Null o di un possibile valore Null in un tipo che non ammette i valori Null. [E:\repo\WinHubX\Project\WinHubX\WinHubX.csproj]
E:\repo\WinHubX\Project\WinHubX\Forms\Settaggi\FormPrivacy.cs(1496,48): warning CS8600: Conversione del valore letterale Null o di un possibile valore Null in un tipo che non ammette i valori Null. [E:\repo\WinHubX\Project\WinHubX\WinHubX.csproj]
E:\repo\WinHubX\Project\WinHubX\Forms\Settaggi\FormPrivacy.cs(1548,59): warning CS8600: Conversione del valore letterale Null o di un possibile valore Null in un tipo che non ammette i valori Null. [E:\repo\WinHubX\Project\WinHubX\WinHubX.csproj]
E:\repo\WinHubX\Project\WinHubX\Forms\Settaggi\FormPrivacy.cs(1553,59): warning CS8600: Conversione del valore letterale Null o di un possibile valore Null in un tipo che non ammette i valori Null. [E:\repo\WinHubX\Project\WinHubX\WinHubX.csproj]
E:\repo\WinHubX\Project\WinHubX\Forms\Settaggi\FormPrivacy.cs(1557,59): warning CS8600: Conversione del valore letterale Null o di un possibile valore Null in un tipo che non ammette i valori Null. [E:\repo\WinHubX\Project\WinHubX\WinHubX.csproj]
E:\repo\WinHubX\Project\WinHubX\Forms\Settaggi\FormPrivacy.cs(1562,59): warning CS8600: Conversione del valore letterale Null o di un possibile valore Null in un tipo che non ammette i valori Null. [E:\repo\WinHubX\Project\WinHubX\WinHubX.csproj]
E:\repo\WinHubX\Project\WinHubX\Forms\Settaggi\FormPrivacy.cs(1566,51): warning CS8600: Conversione del valore letterale Null o di un possibile valore Null in un tipo che non ammette i valori Null. [E:\repo\WinHubX\Project\WinHubX\WinHubX.csproj]
E:\repo\WinHubX\Project\WinHubX\Forms\Settaggi\FormPrivacy.cs(1571,51): warning CS8600: Conversione del valore letterale Null o di un possibile valore Null in un tipo che non ammette i valori Null. [E:\repo\WinHubX\Project\WinHubX\WinHubX.csproj]
E:\repo\WinHubX\Project\WinHubX\Forms\Settaggi\FormPrivacy.cs(1575,60): warning CS8600: Conversione del valore letterale Null o di un possibile valore Null in un tipo che non ammette i valori Null. [E:\repo\WinHubX\Project\WinHubX\WinHubX.csproj]
E:\repo\WinHubX\Project\WinHubX\Forms\Settaggi\FormPrivacy.cs(1580,60): warning CS8600: Conversione del valore letterale Null o di un possibile valore Null in un tipo che non ammette i valori Null. [E:\repo\WinHubX\Project\WinHubX\WinHubX.csproj]
E:\repo\WinHubX\Project\WinHubX\Forms\Settaggi\FormPrivacy.cs(1668,46): warning CS8600: Conversione del valore letterale Null o di un possibile valore Null in un tipo che non ammette i valori Null. [E:\repo\WinHubX\Project\WinHubX\WinHubX.csproj]
E:\repo\WinHubX\Project\WinHubX\Forms\Settaggi\FormPrivacy.cs(1688,35): warning CS8600: Conversione del valore letterale Null o di un possibile valore Null in un tipo che non ammette i valori Null. [E:\repo\WinHubX\Project\WinHubX\WinHubX.csproj]
E:\repo\WinHubX\Project\WinHubX\Forms\Settaggi\FormPrivacy.cs(1692,35): warning CS8600: Conversione del valore letterale Null o di un possibile valore Null in un tipo che non ammette i valori Null. [E:\repo\WinHubX\Project\WinHubX\WinHubX.csproj]
E:\repo\WinHubX\Project\WinHubX\Forms\Settaggi\FormPrivacy.cs(1715,35): warning CS8600: Conversione del valore letterale Null o di un possibile valore Null in un tipo che non ammette i valori Null. [E:\repo\WinHubX\Project\WinHubX\WinHubX.csproj]
E:\repo\WinHubX\Project\WinHubX\Forms\Settaggi\FormPrivacy.cs(1716,41): warning CS8602: Dereferenziamento di un possibile riferimento Null. [E:\repo\WinHubX\Project\WinHubX\WinHubX.csproj]
E:\repo\WinHubX\Project\WinHubX\Forms\InstallaComponenti\FormInstallaComponenti.Designer.cs(174,26): warning CS0169: Il campo 'FormInstallaComponenti.checkBox_powerpoint' non viene mai usato [E:\repo\WinHubX\Project\WinHubX\WinHubX.csproj]
E:\repo\WinHubX\Project\WinHubX\Forms\Base\FormDebloat.Designer.cs(320,23): warning CS0169: Il campo 'FormDebloat.lblInfoWin12' non viene mai usato [E:\repo\WinHubX\Project\WinHubX\WinHubX.csproj]
E:\repo\WinHubX\Project\WinHubX\Forms\Base\FormSettaggi.Designer.cs(470,44): warning CS0169: Il campo 'FormSettaggi.btnRipristinoeTestTweaks' non viene mai usato [E:\repo\WinHubX\Project\WinHubX\WinHubX.csproj]
E:\repo\WinHubX\Project\WinHubX\Forms\Base\FormHome.Designer.cs(258,24): warning CS0169: Il campo 'FormHome.button1' non viene mai usato [E:\repo\WinHubX\Project\WinHubX\WinHubX.csproj]
E:\repo\WinHubX\Project\WinHubX\Forms\Settaggi\FormDefender.Designer.cs(348,23): warning CS0169: Il campo 'FormDefender.label4' non viene mai usato [E:\repo\WinHubX\Project\WinHubX\WinHubX.csproj]
E:\repo\WinHubX\Project\WinHubX\Forms\Base\FormDebloat.Designer.cs(328,44): warning CS0169: Il campo 'FormDebloat.btnProtezioneMinimaVerdi' non viene mai usato [E:\repo\WinHubX\Project\WinHubX\WinHubX.csproj]
E:\repo\WinHubX\Project\WinHubX\Forms\CreaISO\FormCreazioneISO.Designer.cs(142,56): warning CS0169: Il campo 'FormCreazioneISO.backgroundWorker1' non viene mai usato [E:\repo\WinHubX\Project\WinHubX\WinHubX.csproj]
E:\repo\WinHubX\Project\WinHubX\Forms\Settaggi\FormUpdate.Designer.cs(348,29): warning CS0169: Il campo 'FormUpdate.progressBar1' non viene mai usato [E:\repo\WinHubX\Project\WinHubX\WinHubX.csproj]
E:\repo\WinHubX\Project\WinHubX\Forms\Settaggi\FormPersonalizzazione.Designer.cs(498,23): warning CS0169: Il campo 'FormPersonalizzazione.label2' non viene mai usato [E:\repo\WinHubX\Project\WinHubX\WinHubX.csproj]
E:\repo\WinHubX\Project\WinHubX\Forms\ImpostazioniApp\FormImpostazioniApp.Designer.cs(375,26): warning CS0169: Il campo 'FormImpostazioniApp.checkBox_powerpoint' non viene mai usato [E:\repo\WinHubX\Project\WinHubX\WinHubX.csproj]
E:\repo\WinHubX\Project\WinHubX\Forms\Base\FormOffice.Designer.cs(464,29): warning CS0169: Il campo 'FormOffice.richTextBoxInfo' non viene mai usato [E:\repo\WinHubX\Project\WinHubX\WinHubX.csproj]
E:\repo\WinHubX\Project\WinHubX\Forms\Base\FormWin.cs(17,24): warning CS0169: Il campo 'FormWin.selectedVersion' non viene mai usato [E:\repo\WinHubX\Project\WinHubX\WinHubX.csproj]
E:\repo\WinHubX\Project\WinHubX\Forms\Settaggi\FormPersonalizzazione.Designer.cs(495,23): warning CS0169: Il campo 'FormPersonalizzazione.panel32' non viene mai usato [E:\repo\WinHubX\Project\WinHubX\WinHubX.csproj]
E:\repo\WinHubX\Project\WinHubX\Forms\Settaggi\FormPersonalizzazione.cs(17,22): warning CS0169: Il campo 'FormPersonalizzazione.isSSD' non viene mai usato [E:\repo\WinHubX\Project\WinHubX\WinHubX.csproj]
E:\repo\WinHubX\Project\WinHubX\Forms\Settaggi\FormPersonalizzazione.Designer.cs(497,23): warning CS0169: Il campo 'FormPersonalizzazione.panel7' non viene mai usato [E:\repo\WinHubX\Project\WinHubX\WinHubX.csproj]
E:\repo\WinHubX\Project\WinHubX\Forms\DriverRST\FormDriverRST.Designer.cs(105,26): warning CS0169: Il campo 'FormDriverRST.checkBox_powerpoint' non viene mai usato [E:\repo\WinHubX\Project\WinHubX\WinHubX.csproj]
E:\repo\WinHubX\Project\WinHubX\Forms\Base\FormWin.cs(18,24): warning CS0169: Il campo 'FormWin.selectedLanguage' non viene mai usato [E:\repo\WinHubX\Project\WinHubX\WinHubX.csproj]
E:\repo\WinHubX\Project\WinHubX\Forms\Base\FormWin.cs(16,25): warning CS0169: Il campo 'FormWin.selectedArch' non viene mai usato [E:\repo\WinHubX\Project\WinHubX\WinHubX.csproj]
E:\repo\WinHubX\Project\WinHubX\Forms\Base\Form1.cs(25,34): warning CS0169: Il campo 'Form1.trayIconContextMenu' non viene mai usato [E:\repo\WinHubX\Project\WinHubX\WinHubX.csproj]
E:\repo\WinHubX\Project\WinHubX\Forms\Base\FormSettaggi.cs(16,40): warning CS0169: Il campo 'FormSettaggi.formPersonalizzazione' non viene mai usato [E:\repo\WinHubX\Project\WinHubX\WinHubX.csproj]
E:\repo\WinHubX\Project\WinHubX\Forms\Base\FormMonitoraggio.Designer.cs(748,44): warning CS0169: Il campo 'FormMonitoraggio.cuiButton1' non viene mai usato [E:\repo\WinHubX\Project\WinHubX\WinHubX.csproj]
E:\repo\WinHubX\Project\WinHubX\Forms\Base\Form1.cs(24,28): warning CS0169: Il campo 'Form1.notifyIcon' non viene mai usato [E:\repo\WinHubX\Project\WinHubX\WinHubX.csproj]
E:\repo\WinHubX\Project\WinHubX\Forms\Base\FormDebloat.Designer.cs(327,44): warning CS0169: Il campo 'FormDebloat.btnRiprisitinoDefenderVerdi' non viene mai usato [E:\repo\WinHubX\Project\WinHubX\WinHubX.csproj]
E:\repo\WinHubX\Project\WinHubX\Forms\CreaISO\FormCreazioneISO.Designer.cs(144,59): warning CS0169: Il campo 'FormCreazioneISO.cuiProgressBarHorizontal1' non viene mai usato [E:\repo\WinHubX\Project\WinHubX\WinHubX.csproj]
E:\repo\WinHubX\Project\WinHubX\Forms\ImpostazioniApp\FormImpostazioniApp.Designer.cs(376,44): warning CS0169: Il campo 'FormImpostazioniApp.btnInstallaVerdi' non viene mai usato [E:\repo\WinHubX\Project\WinHubX\WinHubX.csproj]
E:\repo\WinHubX\Project\WinHubX\Forms\Settaggi\FormPersonalizzazione.Designer.cs(496,23): warning CS0169: Il campo 'FormPersonalizzazione.panel4' non viene mai usato [E:\repo\WinHubX\Project\WinHubX\WinHubX.csproj]
E:\repo\WinHubX\Project\WinHubX\Forms\Base\FormWin.cs(15,24): warning CS0169: Il campo 'FormWin.selectedOS' non viene mai usato [E:\repo\WinHubX\Project\WinHubX\WinHubX.csproj]
E:\repo\WinHubX\Project\WinHubX\Forms\Base\FormDebloat.Designer.cs(319,24): warning CS0169: Il campo 'FormDebloat.btnDebloatAuto' non viene mai usato [E:\repo\WinHubX\Project\WinHubX\WinHubX.csproj]
E:\repo\WinHubX\Project\WinHubX\Forms\Base\FormMonitoraggio.cs(37,22): warning CS0414: Il campo 'FormMonitoraggio._notificationAlreadyShown' è assegnato, ma il suo valore non viene mai usato [E:\repo\WinHubX\Project\WinHubX\WinHubX.csproj]
E:\repo\WinHubX\Project\WinHubX\Forms\Base\FormMonitoraggio.cs(35,22): warning CS0414: Il campo 'FormMonitoraggio._isMonitoringOn' è assegnato, ma il suo valore non viene mai usato [E:\repo\WinHubX\Project\WinHubX\WinHubX.csproj]
E:\repo\WinHubX\Project\WinHubX\Forms\Base\FormMonitoraggio.cs(36,22): warning CS0414: Il campo 'FormMonitoraggio._isTemperatureOn' è assegnato, ma il suo valore non viene mai usato [E:\repo\WinHubX\Project\WinHubX\WinHubX.csproj]
  WinHubX -> E:\repo\WinHubX\Project\WinHubX\bin\Release\net10.0-windows\WinHubX.dll

Compilazione completata.

E:\repo\WinHubX\Project\WinHubX\Forms\Base\FormMonitoraggio.cs(42,16): warning CS8618: L'elemento campo 'networkInterfaces' non nullable deve contenere un valore non Null all'uscita dal costruttore. Prendere in considerazione l'aggiunta del modificatore 'required' o la dichiarazione di campo come nullable. [E:\repo\WinHubX\Project\WinHubX\WinHubX.csproj]
E:\repo\WinHubX\Project\WinHubX\Forms\Base\FormMonitoraggio.cs(42,16): warning CS8618: L'elemento campo '_computer' non nullable deve contenere un valore non Null all'uscita dal costruttore. Prendere in considerazione l'aggiunta del modificatore 'required' o la dichiarazione di campo come nullable. [E:\repo\WinHubX\Project\WinHubX\WinHubX.csproj]
E:\repo\WinHubX\Project\WinHubX\Forms\Base\FormMonitoraggio.cs(42,16): warning CS8618: L'elemento campo '_monitoringTimer' non nullable deve contenere un valore non Null all'uscita dal costruttore. Prendere in considerazione l'aggiunta del modificatore 'required' o la dichiarazione di campo come nullable. [E:\repo\WinHubX\Project\WinHubX\WinHubX.csproj]
E:\repo\WinHubX\Project\WinHubX\Forms\Base\FormMonitoraggio.cs(42,16): warning CS8618: L'elemento campo '_tempMonitorTimer' non nullable deve contenere un valore non Null all'uscita dal costruttore. Prendere in considerazione l'aggiunta del modificatore 'required' o la dichiarazione di campo come nullable. [E:\repo\WinHubX\Project\WinHubX\WinHubX.csproj]
E:\repo\WinHubX\Project\WinHubX\Forms\Base\FormMonitoraggio.cs(42,16): warning CS8618: L'elemento campo '_cpuCounter' non nullable deve contenere un valore non Null all'uscita dal costruttore. Prendere in considerazione l'aggiunta del modificatore 'required' o la dichiarazione di campo come nullable. [E:\repo\WinHubX\Project\WinHubX\WinHubX.csproj]
E:\repo\WinHubX\Project\WinHubX\Forms\Base\FormMonitoraggio.cs(42,16): warning CS8618: L'elemento campo '_notifyIcon' non nullable deve contenere un valore non Null all'uscita dal costruttore. Prendere in considerazione l'aggiunta del modificatore 'required' o la dichiarazione di campo come nullable. [E:\repo\WinHubX\Project\WinHubX\WinHubX.csproj]
E:\repo\WinHubX\Project\WinHubX\Forms\Base\Form1.cs(38,37): warning CS8625: Non è possibile convertire il valore letterale Null in tipo riferimento che non ammette i valori Null. [E:\repo\WinHubX\Project\WinHubX\WinHubX.csproj]
E:\repo\WinHubX\Project\WinHubX\Forms\Base\Form1.cs(83,16): warning CS8618: L'elemento campo 'notifyIcon' non nullable deve contenere un valore non Null all'uscita dal costruttore. Prendere in considerazione l'aggiunta del modificatore 'required' o la dichiarazione di campo come nullable. [E:\repo\WinHubX\Project\WinHubX\WinHubX.csproj]
E:\repo\WinHubX\Project\WinHubX\Forms\Base\Form1.cs(83,16): warning CS8618: L'elemento campo 'trayIconContextMenu' non nullable deve contenere un valore non Null all'uscita dal costruttore. Prendere in considerazione l'aggiunta del modificatore 'required' o la dichiarazione di campo come nullable. [E:\repo\WinHubX\Project\WinHubX\WinHubX.csproj]
E:\repo\WinHubX\Project\WinHubX\Forms\Base\FormMonitoraggio.cs(100,38): warning CS8622: Il supporto dei valori Null dei tipi riferimento nel tipo di parametro 'sender' di 'void FormMonitoraggio.MonitoringTimer_Tick(object sender, EventArgs e)' non corrisponde al delegato di destinazione 'EventHandler', probabilmente a causa degli attributi del supporto dei valori Null. [E:\repo\WinHubX\Project\WinHubX\WinHubX.csproj]
E:\repo\WinHubX\Project\WinHubX\Forms\Base\FormMonitoraggio.cs(104,39): warning CS8622: Il supporto dei valori Null dei tipi riferimento nel tipo di parametro 'sender' di 'void FormMonitoraggio.TempMonitorTimer_Tick(object sender, EventArgs e)' non corrisponde al delegato di destinazione 'EventHandler', probabilmente a causa degli attributi del supporto dei valori Null. [E:\repo\WinHubX\Project\WinHubX\WinHubX.csproj]
E:\repo\WinHubX\Project\WinHubX\Forms\Base\FormDebloat.cs(124,39): warning CS8601: Possibile assegnazione di riferimento Null. [E:\repo\WinHubX\Project\WinHubX\WinHubX.csproj]
E:\repo\WinHubX\Project\WinHubX\Forms\Base\FormMonitoraggio.cs(129,47): warning CS8604: Possibile argomento di riferimento Null per il parametro 'path' in 'DirectoryInfo Directory.CreateDirectory(string path)'. [E:\repo\WinHubX\Project\WinHubX\WinHubX.csproj]
E:\repo\WinHubX\Project\WinHubX\Forms\Base\FormMonitoraggio.cs(135,41): warning CS8602: Dereferenziamento di un possibile riferimento Null. [E:\repo\WinHubX\Project\WinHubX\WinHubX.csproj]
E:\repo\WinHubX\Project\WinHubX\Forms\Base\Form1.cs(181,32): warning CS8601: Possibile assegnazione di riferimento Null. [E:\repo\WinHubX\Project\WinHubX\WinHubX.csproj]
E:\repo\WinHubX\Project\WinHubX\Forms\Base\Form1.cs(185,32): warning CS8625: Non è possibile convertire il valore letterale Null in tipo riferimento che non ammette i valori Null. [E:\repo\WinHubX\Project\WinHubX\WinHubX.csproj]
E:\repo\WinHubX\Project\WinHubX\Forms\Settaggi\FormUtility.cs(280,37): warning CS8604: Possibile argomento di riferimento Null per il parametro 'value' in 'void RegistryKey.SetValue(string? name, object value, RegistryValueKind valueKind)'. [E:\repo\WinHubX\Project\WinHubX\WinHubX.csproj]
E:\repo\WinHubX\Project\WinHubX\Forms\CreaISO\FormCreaISO.cs(210,32): warning CS8625: Non è possibile convertire il valore letterale Null in tipo riferimento che non ammette i valori Null. [E:\repo\WinHubX\Project\WinHubX\WinHubX.csproj]
E:\repo\WinHubX\Project\WinHubX\Forms\Base\Form1.cs(224,38): warning CS8600: Conversione del valore letterale Null o di un possibile valore Null in un tipo che non ammette i valori Null. [E:\repo\WinHubX\Project\WinHubX\WinHubX.csproj]
E:\repo\WinHubX\Project\WinHubX\Forms\Base\Form1.cs(228,36): warning CS8600: Conversione del valore letterale Null o di un possibile valore Null in un tipo che non ammette i valori Null. [E:\repo\WinHubX\Project\WinHubX\WinHubX.csproj]
E:\repo\WinHubX\Project\WinHubX\Forms\Base\Form1.cs(266,42): warning CS8600: Conversione del valore letterale Null o di un possibile valore Null in un tipo che non ammette i valori Null. [E:\repo\WinHubX\Project\WinHubX\WinHubX.csproj]
E:\repo\WinHubX\Project\WinHubX\Forms\Base\Form1.cs(270,40): warning CS8600: Conversione del valore letterale Null o di un possibile valore Null in un tipo che non ammette i valori Null. [E:\repo\WinHubX\Project\WinHubX\WinHubX.csproj]
E:\repo\WinHubX\Project\WinHubX\Forms\Settaggi\FormUtility.cs(358,45): warning CS8600: Conversione del valore letterale Null o di un possibile valore Null in un tipo che non ammette i valori Null. [E:\repo\WinHubX\Project\WinHubX\WinHubX.csproj]
E:\repo\WinHubX\Project\WinHubX\Forms\Base\FormDebloat.cs(360,44): warning CS8600: Conversione del valore letterale Null o di un possibile valore Null in un tipo che non ammette i valori Null. [E:\repo\WinHubX\Project\WinHubX\WinHubX.csproj]
E:\repo\WinHubX\Project\WinHubX\Forms\CreaISO\FormCreaISO.cs(302,40): warning CS8625: Non è possibile convertire il valore letterale Null in tipo riferimento che non ammette i valori Null. [E:\repo\WinHubX\Project\WinHubX\WinHubX.csproj]
E:\repo\WinHubX\Project\WinHubX\Forms\Base\FormHome.cs(340,38): warning CS8600: Conversione del valore letterale Null o di un possibile valore Null in un tipo che non ammette i valori Null. [E:\repo\WinHubX\Project\WinHubX\WinHubX.csproj]
E:\repo\WinHubX\Project\WinHubX\Forms\CreaISO\FormCreazioneISO.cs(267,113): warning CS8604: Possibile argomento di riferimento Null per il parametro 'progress' in 'void FormCreazioneISO.ExtractDirectory(DiscDirectoryInfo directory, string targetPath, ref int extractedFiles, int totalFiles, IProgress<int> progress, CancellationToken token)'. [E:\repo\WinHubX\Project\WinHubX\WinHubX.csproj]
E:\repo\WinHubX\Project\WinHubX\Forms\Base\Form1.cs(398,47): warning CS8625: Non è possibile convertire il valore letterale Null in tipo riferimento che non ammette i valori Null. [E:\repo\WinHubX\Project\WinHubX\WinHubX.csproj]
E:\repo\WinHubX\Project\WinHubX\Forms\Base\Form1.cs(399,40): warning CS8625: Non è possibile convertire il valore letterale Null in tipo riferimento che non ammette i valori Null. [E:\repo\WinHubX\Project\WinHubX\WinHubX.csproj]
E:\repo\WinHubX\Project\WinHubX\Forms\Base\FormHome.cs(397,33): warning CS8602: Dereferenziamento di un possibile riferimento Null. [E:\repo\WinHubX\Project\WinHubX\WinHubX.csproj]
E:\repo\WinHubX\Project\WinHubX\Forms\Base\FormDebloat.cs(481,54): warning CS4014: Non è possibile attendere la chiamata, pertanto l'esecuzione del metodo corrente continuerà prima del completamento della chiamata. Provare ad applicare l'operatore 'await' al risultato della chiamata. [E:\repo\WinHubX\Project\WinHubX\WinHubX.csproj]
E:\repo\WinHubX\Project\WinHubX\Forms\Base\FormDebloat.cs(493,20): warning CS8603: Possibile restituzione di riferimento Null. [E:\repo\WinHubX\Project\WinHubX\WinHubX.csproj]
E:\repo\WinHubX\Project\WinHubX\Forms\Base\Form1.cs(500,32): warning CS8625: Non è possibile convertire il valore letterale Null in tipo riferimento che non ammette i valori Null. [E:\repo\WinHubX\Project\WinHubX\WinHubX.csproj]
E:\repo\WinHubX\Project\WinHubX\Forms\Base\FormHome.cs(545,13): warning CS8601: Possibile assegnazione di riferimento Null. [E:\repo\WinHubX\Project\WinHubX\WinHubX.csproj]
E:\repo\WinHubX\Project\WinHubX\Forms\Base\FormHome.cs(546,13): warning CS8601: Possibile assegnazione di riferimento Null. [E:\repo\WinHubX\Project\WinHubX\WinHubX.csproj]
E:\repo\WinHubX\Project\WinHubX\Forms\Base\FormHome.cs(643,13): warning CS4014: Non è possibile attendere la chiamata, pertanto l'esecuzione del metodo corrente continuerà prima del completamento della chiamata. Provare ad applicare l'operatore 'await' al risultato della chiamata. [E:\repo\WinHubX\Project\WinHubX\WinHubX.csproj]
E:\repo\WinHubX\Project\WinHubX\Forms\Base\FormMonitoraggio.cs(582,41): warning CS4014: Non è possibile attendere la chiamata, pertanto l'esecuzione del metodo corrente continuerà prima del completamento della chiamata. Provare ad applicare l'operatore 'await' al risultato della chiamata. [E:\repo\WinHubX\Project\WinHubX\WinHubX.csproj]
E:\repo\WinHubX\Project\WinHubX\Forms\Base\FormSettaggi.cs(148,30): warning CS8600: Conversione del valore letterale Null o di un possibile valore Null in un tipo che non ammette i valori Null. [E:\repo\WinHubX\Project\WinHubX\WinHubX.csproj]
E:\repo\WinHubX\Project\WinHubX\Forms\Base\FormSettaggi.cs(153,43): warning CS8622: Il supporto dei valori Null dei tipi riferimento nel tipo di parametro 'sender' di 'void FormSettaggi.PictureBox3_Click_BackToTweaks(object sender, EventArgs e)' non corrisponde al delegato di destinazione 'EventHandler', probabilmente a causa degli attributi del supporto dei valori Null. [E:\repo\WinHubX\Project\WinHubX\WinHubX.csproj]
E:\repo\WinHubX\Project\WinHubX\Forms\Base\FormSettaggi.cs(154,43): warning CS8622: Il supporto dei valori Null dei tipi riferimento nel tipo di parametro 'sender' di 'void FormSettaggi.PictureBox3_Click_BackToTweaks(object sender, EventArgs e)' non corrisponde al delegato di destinazione 'EventHandler', probabilmente a causa degli attributi del supporto dei valori Null. [E:\repo\WinHubX\Project\WinHubX\WinHubX.csproj]
E:\repo\WinHubX\Project\WinHubX\Forms\Base\FormSettaggi.cs(158,25): warning CS8600: Conversione del valore letterale Null o di un possibile valore Null in un tipo che non ammette i valori Null. [E:\repo\WinHubX\Project\WinHubX\WinHubX.csproj]
E:\repo\WinHubX\Project\WinHubX\Forms\Base\FormSettaggi.cs(159,13): warning CS8602: Dereferenziamento di un possibile riferimento Null. [E:\repo\WinHubX\Project\WinHubX\WinHubX.csproj]
E:\repo\WinHubX\Project\WinHubX\Forms\Base\FormSettaggi.cs(168,30): warning CS8600: Conversione del valore letterale Null o di un possibile valore Null in un tipo che non ammette i valori Null. [E:\repo\WinHubX\Project\WinHubX\WinHubX.csproj]
E:\repo\WinHubX\Project\WinHubX\Forms\Base\FormSettaggi.cs(198,40): warning CS8600: Conversione del valore letterale Null o di un possibile valore Null in un tipo che non ammette i valori Null. [E:\repo\WinHubX\Project\WinHubX\WinHubX.csproj]
E:\repo\WinHubX\Project\WinHubX\Forms\Base\FormSettaggi.cs(211,36): warning CS8600: Conversione del valore letterale Null o di un possibile valore Null in un tipo che non ammette i valori Null. [E:\repo\WinHubX\Project\WinHubX\WinHubX.csproj]
E:\repo\WinHubX\Project\WinHubX\Forms\CreaISO\AppState.cs(6,54): warning CS8625: Non è possibile convertire il valore letterale Null in tipo riferimento che non ammette i valori Null. [E:\repo\WinHubX\Project\WinHubX\WinHubX.csproj]
E:\repo\WinHubX\Project\WinHubX\Forms\CreaISO\AppState.cs(7,61): warning CS8625: Non è possibile convertire il valore letterale Null in tipo riferimento che non ammette i valori Null. [E:\repo\WinHubX\Project\WinHubX\WinHubX.csproj]
E:\repo\WinHubX\Project\WinHubX\Forms\DebloatAvanzato\FormServizi.cs(26,47): warning CS8600: Conversione del valore letterale Null o di un possibile valore Null in un tipo che non ammette i valori Null. [E:\repo\WinHubX\Project\WinHubX\WinHubX.csproj]
E:\repo\WinHubX\Project\WinHubX\Forms\DebloatAvanzato\FormServizi.cs(28,41): warning CS8602: Dereferenziamento di un possibile riferimento Null. [E:\repo\WinHubX\Project\WinHubX\WinHubX.csproj]
E:\repo\WinHubX\Project\WinHubX\Forms\DebloatAvanzato\AppItemControl.cs(14,16): warning CS8618: L'elemento proprietà 'NomeTecnico' non nullable deve contenere un valore non Null all'uscita dal costruttore. Prendere in considerazione l'aggiunta del modificatore 'required' o la dichiarazione di proprietà come nullable. [E:\repo\WinHubX\Project\WinHubX\WinHubX.csproj]
E:\repo\WinHubX\Project\WinHubX\Forms\DebloatAvanzato\FormServizi.cs(64,47): warning CS8600: Conversione del valore letterale Null o di un possibile valore Null in un tipo che non ammette i valori Null. [E:\repo\WinHubX\Project\WinHubX\WinHubX.csproj]
E:\repo\WinHubX\Project\WinHubX\Forms\DebloatAvanzato\FormServizi.cs(70,46): warning CS8600: Conversione del valore letterale Null o di un possibile valore Null in un tipo che non ammette i valori Null. [E:\repo\WinHubX\Project\WinHubX\WinHubX.csproj]
E:\repo\WinHubX\Project\WinHubX\Forms\DebloatAvanzato\FormServizi.cs(71,40): warning CS8602: Dereferenziamento di un possibile riferimento Null. [E:\repo\WinHubX\Project\WinHubX\WinHubX.csproj]
E:\repo\WinHubX\Project\WinHubX\Forms\DebloatAvanzato\FormServizi.cs(96,57): warning CS8602: Dereferenziamento di un possibile riferimento Null. [E:\repo\WinHubX\Project\WinHubX\WinHubX.csproj]
E:\repo\WinHubX\Project\WinHubX\Forms\DriverRST\FormDriverRST.cs(64,28): warning CS8603: Possibile restituzione di riferimento Null. [E:\repo\WinHubX\Project\WinHubX\WinHubX.csproj]
E:\repo\WinHubX\Project\WinHubX\Forms\DriverRST\FormDriverRST.cs(71,24): warning CS8603: Possibile restituzione di riferimento Null. [E:\repo\WinHubX\Project\WinHubX\WinHubX.csproj]
E:\repo\WinHubX\Project\WinHubX\Forms\CreaISO\FormCreazioneISO.cs(923,43): warning CS8600: Conversione del valore letterale Null o di un possibile valore Null in un tipo che non ammette i valori Null. [E:\repo\WinHubX\Project\WinHubX\WinHubX.csproj]
E:\repo\WinHubX\Project\WinHubX\Forms\CreaISO\FormCreazioneISO.cs(957,55): warning CS8600: Conversione del valore letterale Null o di un possibile valore Null in un tipo che non ammette i valori Null. [E:\repo\WinHubX\Project\WinHubX\WinHubX.csproj]
E:\repo\WinHubX\Project\WinHubX\Forms\CreaISO\FormCreazioneISO.cs(981,59): warning CS8602: Dereferenziamento di un possibile riferimento Null. [E:\repo\WinHubX\Project\WinHubX\WinHubX.csproj]
E:\repo\WinHubX\Project\WinHubX\Forms\CreaISO\FormCreazioneISO.cs(1008,55): warning CS8602: Dereferenziamento di un possibile riferimento Null. [E:\repo\WinHubX\Project\WinHubX\WinHubX.csproj]
E:\repo\WinHubX\Project\WinHubX\Forms\CreaISO\FormCreazioneISO.cs(1029,59): warning CS8602: Dereferenziamento di un possibile riferimento Null. [E:\repo\WinHubX\Project\WinHubX\WinHubX.csproj]
E:\repo\WinHubX\Project\WinHubX\Forms\ImpostazioniApp\FormImpostazioniApp.cs(20,40): warning CS8625: Non è possibile convertire il valore letterale Null in tipo riferimento che non ammette i valori Null. [E:\repo\WinHubX\Project\WinHubX\WinHubX.csproj]
E:\repo\WinHubX\Project\WinHubX\Forms\ImpostazioniApp\FormImpostazioniApp.cs(21,42): warning CS8625: Non è possibile convertire il valore letterale Null in tipo riferimento che non ammette i valori Null. [E:\repo\WinHubX\Project\WinHubX\WinHubX.csproj]
E:\repo\WinHubX\Project\WinHubX\Forms\ImpostazioniApp\FormImpostazioniApp.cs(22,45): warning CS8625: Non è possibile convertire il valore letterale Null in tipo riferimento che non ammette i valori Null. [E:\repo\WinHubX\Project\WinHubX\WinHubX.csproj]
E:\repo\WinHubX\Project\WinHubX\Forms\InstallaComponenti\FormInstallaComponenti.cs(39,41): warning CS8600: Conversione del valore letterale Null o di un possibile valore Null in un tipo che non ammette i valori Null. [E:\repo\WinHubX\Project\WinHubX\WinHubX.csproj]
E:\repo\WinHubX\Project\WinHubX\Forms\InstallaComponenti\FormInstallaComponenti.cs(43,34): warning CS8604: Possibile argomento di riferimento Null per il parametro 'hardwareInfo' in 'Task FormInstallaComponenti.DefenderOn(HardwareInfo hardwareInfo)'. [E:\repo\WinHubX\Project\WinHubX\WinHubX.csproj]
E:\repo\WinHubX\Project\WinHubX\Forms\CreaISO\FormCreazioneISO.cs(1072,64): warning CS8600: Conversione del valore letterale Null o di un possibile valore Null in un tipo che non ammette i valori Null. [E:\repo\WinHubX\Project\WinHubX\WinHubX.csproj]
E:\repo\WinHubX\Project\WinHubX\Forms\InstallaComponenti\FormInstallaComponenti.cs(172,20): warning CS8603: Possibile restituzione di riferimento Null. [E:\repo\WinHubX\Project\WinHubX\WinHubX.csproj]
E:\repo\WinHubX\Project\WinHubX\Forms\ImpostazioniApp\FormImpostazioniApp.cs(363,38): warning CS8600: Conversione del valore letterale Null o di un possibile valore Null in un tipo che non ammette i valori Null. [E:\repo\WinHubX\Project\WinHubX\WinHubX.csproj]
E:\repo\WinHubX\Project\WinHubX\Forms\ImpostazioniApp\FormImpostazioniApp.cs(364,40): warning CS8602: Dereferenziamento di un possibile riferimento Null. [E:\repo\WinHubX\Project\WinHubX\WinHubX.csproj]
E:\repo\WinHubX\Project\WinHubX\Forms\ImpostazioniApp\FormImpostazioniApp.cs(367,38): warning CS8600: Conversione del valore letterale Null o di un possibile valore Null in un tipo che non ammette i valori Null. [E:\repo\WinHubX\Project\WinHubX\WinHubX.csproj]
E:\repo\WinHubX\Project\WinHubX\Forms\ImpostazioniApp\FormImpostazioniApp.cs(369,48): warning CS8602: Dereferenziamento di un possibile riferimento Null. [E:\repo\WinHubX\Project\WinHubX\WinHubX.csproj]
E:\repo\WinHubX\Project\WinHubX\Forms\Settaggi\FormUtility.cs(386,48): warning CS8600: Conversione del valore letterale Null o di un possibile valore Null in un tipo che non ammette i valori Null. [E:\repo\WinHubX\Project\WinHubX\WinHubX.csproj]
E:\repo\WinHubX\Project\WinHubX\Forms\Settaggi\FormUtility.cs(390,48): warning CS8600: Conversione del valore letterale Null o di un possibile valore Null in un tipo che non ammette i valori Null. [E:\repo\WinHubX\Project\WinHubX\WinHubX.csproj]
E:\repo\WinHubX\Project\WinHubX\Forms\Settaggi\FormUtility.cs(394,50): warning CS8600: Conversione del valore letterale Null o di un possibile valore Null in un tipo che non ammette i valori Null. [E:\repo\WinHubX\Project\WinHubX\WinHubX.csproj]
E:\repo\WinHubX\Project\WinHubX\Forms\Settaggi\FormUtility.cs(402,65): warning CS8600: Conversione del valore letterale Null o di un possibile valore Null in un tipo che non ammette i valori Null. [E:\repo\WinHubX\Project\WinHubX\WinHubX.csproj]
E:\repo\WinHubX\Project\WinHubX\Forms\Settaggi\FormUtility.cs(428,48): warning CS8600: Conversione del valore letterale Null o di un possibile valore Null in un tipo che non ammette i valori Null. [E:\repo\WinHubX\Project\WinHubX\WinHubX.csproj]
E:\repo\WinHubX\Project\WinHubX\Forms\Settaggi\FormUtility.cs(432,48): warning CS8600: Conversione del valore letterale Null o di un possibile valore Null in un tipo che non ammette i valori Null. [E:\repo\WinHubX\Project\WinHubX\WinHubX.csproj]
E:\repo\WinHubX\Project\WinHubX\Forms\Settaggi\FormUtility.cs(436,50): warning CS8600: Conversione del valore letterale Null o di un possibile valore Null in un tipo che non ammette i valori Null. [E:\repo\WinHubX\Project\WinHubX\WinHubX.csproj]
E:\repo\WinHubX\Project\WinHubX\Forms\Settaggi\FormUtility.cs(440,50): warning CS8600: Conversione del valore letterale Null o di un possibile valore Null in un tipo che non ammette i valori Null. [E:\repo\WinHubX\Project\WinHubX\WinHubX.csproj]
E:\repo\WinHubX\Project\WinHubX\Forms\Settaggi\FormUtility.cs(463,48): warning CS8600: Conversione del valore letterale Null o di un possibile valore Null in un tipo che non ammette i valori Null. [E:\repo\WinHubX\Project\WinHubX\WinHubX.csproj]
E:\repo\WinHubX\Project\WinHubX\Forms\Settaggi\FormUtility.cs(468,48): warning CS8600: Conversione del valore letterale Null o di un possibile valore Null in un tipo che non ammette i valori Null. [E:\repo\WinHubX\Project\WinHubX\WinHubX.csproj]
E:\repo\WinHubX\Project\WinHubX\Forms\Settaggi\FormUtility.cs(489,54): warning CS8600: Conversione del valore letterale Null o di un possibile valore Null in un tipo che non ammette i valori Null. [E:\repo\WinHubX\Project\WinHubX\WinHubX.csproj]
E:\repo\WinHubX\Project\WinHubX\Forms\Settaggi\FormUtility.cs(494,54): warning CS8600: Conversione del valore letterale Null o di un possibile valore Null in un tipo che non ammette i valori Null. [E:\repo\WinHubX\Project\WinHubX\WinHubX.csproj]
E:\repo\WinHubX\Project\WinHubX\Forms\Settaggi\FormUtility.cs(498,52): warning CS8600: Conversione del valore letterale Null o di un possibile valore Null in un tipo che non ammette i valori Null. [E:\repo\WinHubX\Project\WinHubX\WinHubX.csproj]
E:\repo\WinHubX\Project\WinHubX\Forms\Settaggi\FormUtility.cs(503,52): warning CS8600: Conversione del valore letterale Null o di un possibile valore Null in un tipo che non ammette i valori Null. [E:\repo\WinHubX\Project\WinHubX\WinHubX.csproj]
E:\repo\WinHubX\Project\WinHubX\Forms\Settaggi\FormUtility.cs(524,61): warning CS8600: Conversione del valore letterale Null o di un possibile valore Null in un tipo che non ammette i valori Null. [E:\repo\WinHubX\Project\WinHubX\WinHubX.csproj]
E:\repo\WinHubX\Project\WinHubX\Forms\Settaggi\FormUtility.cs(529,61): warning CS8600: Conversione del valore letterale Null o di un possibile valore Null in un tipo che non ammette i valori Null. [E:\repo\WinHubX\Project\WinHubX\WinHubX.csproj]
E:\repo\WinHubX\Project\WinHubX\Forms\Settaggi\FormUtility.cs(533,56): warning CS8600: Conversione del valore letterale Null o di un possibile valore Null in un tipo che non ammette i valori Null. [E:\repo\WinHubX\Project\WinHubX\WinHubX.csproj]
E:\repo\WinHubX\Project\WinHubX\Forms\Settaggi\FormUtility.cs(538,56): warning CS8600: Conversione del valore letterale Null o di un possibile valore Null in un tipo che non ammette i valori Null. [E:\repo\WinHubX\Project\WinHubX\WinHubX.csproj]
E:\repo\WinHubX\Project\WinHubX\Forms\Settaggi\FormUtility.cs(561,48): warning CS8600: Conversione del valore letterale Null o di un possibile valore Null in un tipo che non ammette i valori Null. [E:\repo\WinHubX\Project\WinHubX\WinHubX.csproj]
E:\repo\WinHubX\Project\WinHubX\Forms\Settaggi\FormUtility.cs(565,48): warning CS8600: Conversione del valore letterale Null o di un possibile valore Null in un tipo che non ammette i valori Null. [E:\repo\WinHubX\Project\WinHubX\WinHubX.csproj]
E:\repo\WinHubX\Project\WinHubX\Forms\Settaggi\FormUtility.cs(593,21): warning CS8602: Dereferenziamento di un possibile riferimento Null. [E:\repo\WinHubX\Project\WinHubX\WinHubX.csproj]
E:\repo\WinHubX\Project\WinHubX\Forms\Settaggi\FormUtility.cs(658,25): warning CS8602: Dereferenziamento di un possibile riferimento Null. [E:\repo\WinHubX\Project\WinHubX\WinHubX.csproj]
E:\repo\WinHubX\Project\WinHubX\Forms\Settaggi\FormUtility.cs(800,66): warning CS8600: Conversione del valore letterale Null o di un possibile valore Null in un tipo che non ammette i valori Null. [E:\repo\WinHubX\Project\WinHubX\WinHubX.csproj]
E:\repo\WinHubX\Project\WinHubX\Forms\Settaggi\FormUtility.cs(1045,48): warning CS8600: Conversione del valore letterale Null o di un possibile valore Null in un tipo che non ammette i valori Null. [E:\repo\WinHubX\Project\WinHubX\WinHubX.csproj]
E:\repo\WinHubX\Project\WinHubX\Forms\Settaggi\FormUtility.cs(1060,48): warning CS8600: Conversione del valore letterale Null o di un possibile valore Null in un tipo che non ammette i valori Null. [E:\repo\WinHubX\Project\WinHubX\WinHubX.csproj]
E:\repo\WinHubX\Project\WinHubX\Forms\Settaggi\FormUtility.cs(1204,62): warning CS8600: Conversione del valore letterale Null o di un possibile valore Null in un tipo che non ammette i valori Null. [E:\repo\WinHubX\Project\WinHubX\WinHubX.csproj]
E:\repo\WinHubX\Project\WinHubX\Forms\Settaggi\FormUtility.cs(1205,62): warning CS8600: Conversione del valore letterale Null o di un possibile valore Null in un tipo che non ammette i valori Null. [E:\repo\WinHubX\Project\WinHubX\WinHubX.csproj]
E:\repo\WinHubX\Project\WinHubX\Forms\Settaggi\FormUtility.cs(1237,53): warning CS8600: Conversione del valore letterale Null o di un possibile valore Null in un tipo che non ammette i valori Null. [E:\repo\WinHubX\Project\WinHubX\WinHubX.csproj]
E:\repo\WinHubX\Project\WinHubX\Forms\Settaggi\FormUtility.cs(1245,62): warning CS8600: Conversione del valore letterale Null o di un possibile valore Null in un tipo che non ammette i valori Null. [E:\repo\WinHubX\Project\WinHubX\WinHubX.csproj]
E:\repo\WinHubX\Project\WinHubX\Forms\Settaggi\FormUtility.cs(1272,59): warning CS8600: Conversione del valore letterale Null o di un possibile valore Null in un tipo che non ammette i valori Null. [E:\repo\WinHubX\Project\WinHubX\WinHubX.csproj]
E:\repo\WinHubX\Project\WinHubX\Forms\Settaggi\FormUtility.cs(1283,59): warning CS8600: Conversione del valore letterale Null o di un possibile valore Null in un tipo che non ammette i valori Null. [E:\repo\WinHubX\Project\WinHubX\WinHubX.csproj]
E:\repo\WinHubX\Project\WinHubX\Forms\Settaggi\FormUtility.cs(1311,54): warning CS8600: Conversione del valore letterale Null o di un possibile valore Null in un tipo che non ammette i valori Null. [E:\repo\WinHubX\Project\WinHubX\WinHubX.csproj]
E:\repo\WinHubX\Project\WinHubX\Forms\Settaggi\FormUtility.cs(1316,52): warning CS8600: Conversione del valore letterale Null o di un possibile valore Null in un tipo che non ammette i valori Null. [E:\repo\WinHubX\Project\WinHubX\WinHubX.csproj]
E:\repo\WinHubX\Project\WinHubX\Forms\Settaggi\FormUtility.cs(1320,54): warning CS8600: Conversione del valore letterale Null o di un possibile valore Null in un tipo che non ammette i valori Null. [E:\repo\WinHubX\Project\WinHubX\WinHubX.csproj]
E:\repo\WinHubX\Project\WinHubX\Forms\Settaggi\FormUtility.cs(1326,52): warning CS8600: Conversione del valore letterale Null o di un possibile valore Null in un tipo che non ammette i valori Null. [E:\repo\WinHubX\Project\WinHubX\WinHubX.csproj]
E:\repo\WinHubX\Project\WinHubX\Forms\Settaggi\FormUtility.cs(1400,21): warning CS8602: Dereferenziamento di un possibile riferimento Null. [E:\repo\WinHubX\Project\WinHubX\WinHubX.csproj]
E:\repo\WinHubX\Project\WinHubX\Forms\Settaggi\FormUtility.cs(1465,25): warning CS8602: Dereferenziamento di un possibile riferimento Null. [E:\repo\WinHubX\Project\WinHubX\WinHubX.csproj]
E:\repo\WinHubX\Project\WinHubX\Forms\Settaggi\FormUtility.cs(1500,25): warning CS8602: Dereferenziamento di un possibile riferimento Null. [E:\repo\WinHubX\Project\WinHubX\WinHubX.csproj]
E:\repo\WinHubX\Project\WinHubX\Forms\Settaggi\FormUtility.cs(1597,62): warning CS8600: Conversione del valore letterale Null o di un possibile valore Null in un tipo che non ammette i valori Null. [E:\repo\WinHubX\Project\WinHubX\WinHubX.csproj]
E:\repo\WinHubX\Project\WinHubX\Forms\Settaggi\FormUtility.cs(1668,35): warning CS8600: Conversione del valore letterale Null o di un possibile valore Null in un tipo che non ammette i valori Null. [E:\repo\WinHubX\Project\WinHubX\WinHubX.csproj]
E:\repo\WinHubX\Project\WinHubX\Forms\Settaggi\FormUtility.cs(1669,41): warning CS8602: Dereferenziamento di un possibile riferimento Null. [E:\repo\WinHubX\Project\WinHubX\WinHubX.csproj]
E:\repo\WinHubX\Project\WinHubX\Forms\Settaggi\FormUtility.cs(1685,35): warning CS8600: Conversione del valore letterale Null o di un possibile valore Null in un tipo che non ammette i valori Null. [E:\repo\WinHubX\Project\WinHubX\WinHubX.csproj]
E:\repo\WinHubX\Project\WinHubX\Forms\Settaggi\FormUtility.cs(1686,38): warning CS8602: Dereferenziamento di un possibile riferimento Null. [E:\repo\WinHubX\Project\WinHubX\WinHubX.csproj]
E:\repo\WinHubX\Project\WinHubX\Forms\Personalizzazione office\PersonalizzazioneOffice.cs(95,31): warning CS8600: Conversione del valore letterale Null o di un possibile valore Null in un tipo che non ammette i valori Null. [E:\repo\WinHubX\Project\WinHubX\WinHubX.csproj]
E:\repo\WinHubX\Project\WinHubX\Forms\Personalizzazione office\PersonalizzazioneOffice.cs(110,31): warning CS8600: Conversione del valore letterale Null o di un possibile valore Null in un tipo che non ammette i valori Null. [E:\repo\WinHubX\Project\WinHubX\WinHubX.csproj]
E:\repo\WinHubX\Project\WinHubX\Forms\Personalizzazione office\PersonalizzazioneOffice.cs(140,32): warning CS8600: Conversione del valore letterale Null o di un possibile valore Null in un tipo che non ammette i valori Null. [E:\repo\WinHubX\Project\WinHubX\WinHubX.csproj]
E:\repo\WinHubX\Project\WinHubX\Forms\Personalizzazione office\PersonalizzazioneOffice.cs(170,17): warning CS8602: Dereferenziamento di un possibile riferimento Null. [E:\repo\WinHubX\Project\WinHubX\WinHubX.csproj]
E:\repo\WinHubX\Project\WinHubX\Forms\Personalizzazione office\PersonalizzazioneOffice.cs(194,21): warning CS8602: Dereferenziamento di un possibile riferimento Null. [E:\repo\WinHubX\Project\WinHubX\WinHubX.csproj]
E:\repo\WinHubX\Project\WinHubX\Forms\Settaggi\FormDefender.cs(103,38): warning CS8600: Conversione del valore letterale Null o di un possibile valore Null in un tipo che non ammette i valori Null. [E:\repo\WinHubX\Project\WinHubX\WinHubX.csproj]
E:\repo\WinHubX\Project\WinHubX\Forms\Personalizzazione office\PersonalizzazioneOffice.cs(413,31): warning CS8600: Conversione del valore letterale Null o di un possibile valore Null in un tipo che non ammette i valori Null. [E:\repo\WinHubX\Project\WinHubX\WinHubX.csproj]
E:\repo\WinHubX\Project\WinHubX\Forms\ImpostazioniApp\FormImpostazioniApp.cs(475,27): warning CS8618: L'elemento proprietà 'LatestVersion' non nullable deve contenere un valore non Null all'uscita dal costruttore. Prendere in considerazione l'aggiunta del modificatore 'required' o la dichiarazione di proprietà come nullable. [E:\repo\WinHubX\Project\WinHubX\WinHubX.csproj]
E:\repo\WinHubX\Project\WinHubX\Forms\ImpostazioniApp\FormImpostazioniApp.cs(476,27): warning CS8618: L'elemento proprietà 'UpdateUrl' non nullable deve contenere un valore non Null all'uscita dal costruttore. Prendere in considerazione l'aggiunta del modificatore 'required' o la dichiarazione di proprietà come nullable. [E:\repo\WinHubX\Project\WinHubX\WinHubX.csproj]
E:\repo\WinHubX\Project\WinHubX\Forms\ImpostazioniApp\FormImpostazioniApp.cs(477,27): warning CS8618: L'elemento proprietà 'ReleaseNotes' non nullable deve contenere un valore non Null all'uscita dal costruttore. Prendere in considerazione l'aggiunta del modificatore 'required' o la dichiarazione di proprietà come nullable. [E:\repo\WinHubX\Project\WinHubX\WinHubX.csproj]
E:\repo\WinHubX\Project\WinHubX\Forms\Settaggi\FormExplorer.cs(26,50): warning CS8600: Conversione del valore letterale Null o di un possibile valore Null in un tipo che non ammette i valori Null. [E:\repo\WinHubX\Project\WinHubX\WinHubX.csproj]
E:\repo\WinHubX\Project\WinHubX\Forms\Settaggi\FormExplorer.cs(58,50): warning CS8600: Conversione del valore letterale Null o di un possibile valore Null in un tipo che non ammette i valori Null. [E:\repo\WinHubX\Project\WinHubX\WinHubX.csproj]
E:\repo\WinHubX\Project\WinHubX\Forms\Settaggi\FormDefender.cs(276,44): warning CS8600: Conversione del valore letterale Null o di un possibile valore Null in un tipo che non ammette i valori Null. [E:\repo\WinHubX\Project\WinHubX\WinHubX.csproj]
E:\repo\WinHubX\Project\WinHubX\Forms\Settaggi\FormDefender.cs(280,44): warning CS8600: Conversione del valore letterale Null o di un possibile valore Null in un tipo che non ammette i valori Null. [E:\repo\WinHubX\Project\WinHubX\WinHubX.csproj]
E:\repo\WinHubX\Project\WinHubX\Forms\Settaggi\FormUpdate.cs(223,17): warning CS8602: Dereferenziamento di un possibile riferimento Null. [E:\repo\WinHubX\Project\WinHubX\WinHubX.csproj]
E:\repo\WinHubX\Project\WinHubX\Forms\Settaggi\FormDefender.cs(295,42): warning CS8600: Conversione del valore letterale Null o di un possibile valore Null in un tipo che non ammette i valori Null. [E:\repo\WinHubX\Project\WinHubX\WinHubX.csproj]
E:\repo\WinHubX\Project\WinHubX\Forms\Settaggi\FormDefender.cs(301,50): warning CS8600: Conversione del valore letterale Null o di un possibile valore Null in un tipo che non ammette i valori Null. [E:\repo\WinHubX\Project\WinHubX\WinHubX.csproj]
E:\repo\WinHubX\Project\WinHubX\Forms\Settaggi\FormDefender.cs(302,71): warning CS8604: Possibile argomento di riferimento Null per il parametro 'identity' in 'RegistryAccessRule.RegistryAccessRule(IdentityReference identity, RegistryRights registryRights, AccessControlType type)'. [E:\repo\WinHubX\Project\WinHubX\WinHubX.csproj]
E:\repo\WinHubX\Project\WinHubX\Forms\Settaggi\FormDefender.cs(342,13): warning CS8602: Dereferenziamento di un possibile riferimento Null. [E:\repo\WinHubX\Project\WinHubX\WinHubX.csproj]
E:\repo\WinHubX\Project\WinHubX\Forms\Settaggi\FormRipristinoSO.cs(18,16): warning CS8618: L'elemento campo 'countdownTimer' non nullable deve contenere un valore non Null all'uscita dal costruttore. Prendere in considerazione l'aggiunta del modificatore 'required' o la dichiarazione di campo come nullable. [E:\repo\WinHubX\Project\WinHubX\WinHubX.csproj]
E:\repo\WinHubX\Project\WinHubX\Forms\Settaggi\FormRipristinoSO.cs(18,16): warning CS8618: L'elemento campo 'cancellationTokenSource' non nullable deve contenere un valore non Null all'uscita dal costruttore. Prendere in considerazione l'aggiunta del modificatore 'required' o la dichiarazione di campo come nullable. [E:\repo\WinHubX\Project\WinHubX\WinHubX.csproj]
E:\repo\WinHubX\Project\WinHubX\Forms\Settaggi\FormDefender.cs(355,13): warning CS8602: Dereferenziamento di un possibile riferimento Null. [E:\repo\WinHubX\Project\WinHubX\WinHubX.csproj]
E:\repo\WinHubX\Project\WinHubX\Forms\Settaggi\FormUpdate.cs(305,17): warning CS8602: Dereferenziamento di un possibile riferimento Null. [E:\repo\WinHubX\Project\WinHubX\WinHubX.csproj]
E:\repo\WinHubX\Project\WinHubX\Forms\Settaggi\FormPrivacy.cs(88,38): warning CS8600: Conversione del valore letterale Null o di un possibile valore Null in un tipo che non ammette i valori Null. [E:\repo\WinHubX\Project\WinHubX\WinHubX.csproj]
E:\repo\WinHubX\Project\WinHubX\Forms\Settaggi\FormUpdate.cs(329,17): warning CS8602: Dereferenziamento di un possibile riferimento Null. [E:\repo\WinHubX\Project\WinHubX\WinHubX.csproj]
E:\repo\WinHubX\Project\WinHubX\Forms\Settaggi\FormUpdate.cs(420,17): warning CS8602: Dereferenziamento di un possibile riferimento Null. [E:\repo\WinHubX\Project\WinHubX\WinHubX.csproj]
E:\repo\WinHubX\Project\WinHubX\Forms\Settaggi\FormPrivacy.cs(207,37): warning CS8600: Conversione del valore letterale Null o di un possibile valore Null in un tipo che non ammette i valori Null. [E:\repo\WinHubX\Project\WinHubX\WinHubX.csproj]
E:\repo\WinHubX\Project\WinHubX\Forms\Settaggi\FormUpdate.cs(482,25): warning CS8602: Dereferenziamento di un possibile riferimento Null. [E:\repo\WinHubX\Project\WinHubX\WinHubX.csproj]
E:\repo\WinHubX\Project\WinHubX\Forms\Settaggi\FormUpdate.cs(597,25): warning CS8602: Dereferenziamento di un possibile riferimento Null. [E:\repo\WinHubX\Project\WinHubX\WinHubX.csproj]
E:\repo\WinHubX\Project\WinHubX\Forms\Settaggi\FormPersonalizzazione.cs(320,38): warning CS8600: Conversione del valore letterale Null o di un possibile valore Null in un tipo che non ammette i valori Null. [E:\repo\WinHubX\Project\WinHubX\WinHubX.csproj]
E:\repo\WinHubX\Project\WinHubX\Forms\Settaggi\FormPersonalizzazione.cs(364,24): warning CS8602: Dereferenziamento di un possibile riferimento Null. [E:\repo\WinHubX\Project\WinHubX\WinHubX.csproj]
E:\repo\WinHubX\Project\WinHubX\Forms\Settaggi\FormPersonalizzazione.cs(364,24): warning CS8602: Dereferenziamento di un possibile riferimento Null. [E:\repo\WinHubX\Project\WinHubX\WinHubX.csproj]
E:\repo\WinHubX\Project\WinHubX\Forms\Personalizzazione office\FormAggiungiRimuoviAppOffice.cs(78,29): warning CS8601: Possibile assegnazione di riferimento Null. [E:\repo\WinHubX\Project\WinHubX\WinHubX.csproj]
E:\repo\WinHubX\Project\WinHubX\Forms\Personalizzazione office\FormAggiungiRimuoviAppOffice.cs(84,33): warning CS8601: Possibile assegnazione di riferimento Null. [E:\repo\WinHubX\Project\WinHubX\WinHubX.csproj]
E:\repo\WinHubX\Project\WinHubX\Forms\Settaggi\FormRipristinoSO.cs(64,9): warning CS8619: Il supporto dei valori Null dei tipi riferimento nel valore di tipo '(string, string?)' non corrisponde al tipo di destinazione '(string Label, string Command)'. [E:\repo\WinHubX\Project\WinHubX\WinHubX.csproj]
E:\repo\WinHubX\Project\WinHubX\Forms\Settaggi\FormDefender.cs(418,25): warning CS8602: Dereferenziamento di un possibile riferimento Null. [E:\repo\WinHubX\Project\WinHubX\WinHubX.csproj]
E:\repo\WinHubX\Project\WinHubX\Forms\Settaggi\FormDefender.cs(705,25): warning CS8602: Dereferenziamento di un possibile riferimento Null. [E:\repo\WinHubX\Project\WinHubX\WinHubX.csproj]
E:\repo\WinHubX\Project\WinHubX\Forms\Settaggi\FormPersonalizzazione.cs(432,44): warning CS8600: Conversione del valore letterale Null o di un possibile valore Null in un tipo che non ammette i valori Null. [E:\repo\WinHubX\Project\WinHubX\WinHubX.csproj]
E:\repo\WinHubX\Project\WinHubX\Forms\Settaggi\FormPersonalizzazione.cs(456,51): warning CS8600: Conversione del valore letterale Null o di un possibile valore Null in un tipo che non ammette i valori Null. [E:\repo\WinHubX\Project\WinHubX\WinHubX.csproj]
E:\repo\WinHubX\Project\WinHubX\Forms\Settaggi\FormPersonalizzazione.cs(598,42): warning CS8600: Conversione del valore letterale Null o di un possibile valore Null in un tipo che non ammette i valori Null. [E:\repo\WinHubX\Project\WinHubX\WinHubX.csproj]
E:\repo\WinHubX\Project\WinHubX\Forms\Settaggi\FormDefender.cs(1023,35): warning CS8600: Conversione del valore letterale Null o di un possibile valore Null in un tipo che non ammette i valori Null. [E:\repo\WinHubX\Project\WinHubX\WinHubX.csproj]
E:\repo\WinHubX\Project\WinHubX\Forms\Settaggi\FormDefender.cs(1024,41): warning CS8602: Dereferenziamento di un possibile riferimento Null. [E:\repo\WinHubX\Project\WinHubX\WinHubX.csproj]
E:\repo\WinHubX\Project\WinHubX\Forms\Settaggi\FormPersonalizzazione.cs(669,35): warning CS8600: Conversione del valore letterale Null o di un possibile valore Null in un tipo che non ammette i valori Null. [E:\repo\WinHubX\Project\WinHubX\WinHubX.csproj]
E:\repo\WinHubX\Project\WinHubX\Forms\Settaggi\FormDefender.cs(1041,39): warning CS8600: Conversione del valore letterale Null o di un possibile valore Null in un tipo che non ammette i valori Null. [E:\repo\WinHubX\Project\WinHubX\WinHubX.csproj]
E:\repo\WinHubX\Project\WinHubX\Forms\Settaggi\FormDefender.cs(1042,42): warning CS8602: Dereferenziamento di un possibile riferimento Null. [E:\repo\WinHubX\Project\WinHubX\WinHubX.csproj]
E:\repo\WinHubX\Project\WinHubX\Forms\Settaggi\FormPersonalizzazione.cs(679,38): warning CS8600: Conversione del valore letterale Null o di un possibile valore Null in un tipo che non ammette i valori Null. [E:\repo\WinHubX\Project\WinHubX\WinHubX.csproj]
E:\repo\WinHubX\Project\WinHubX\Forms\Settaggi\FormPersonalizzazione.cs(683,36): warning CS8600: Conversione del valore letterale Null o di un possibile valore Null in un tipo che non ammette i valori Null. [E:\repo\WinHubX\Project\WinHubX\WinHubX.csproj]
E:\repo\WinHubX\Project\WinHubX\Forms\Settaggi\FormRipristinoSO.cs(176,48): warning CS8622: Il supporto dei valori Null dei tipi riferimento nel tipo di parametro 'sender' di 'void FormRipristinoSO.UpdateCountdown(object sender, EventArgs e)' non corrisponde al delegato di destinazione 'EventHandler', probabilmente a causa degli attributi del supporto dei valori Null. [E:\repo\WinHubX\Project\WinHubX\WinHubX.csproj]
E:\repo\WinHubX\Project\WinHubX\Forms\Settaggi\FormPersonalizzazione.cs(726,42): warning CS8600: Conversione del valore letterale Null o di un possibile valore Null in un tipo che non ammette i valori Null. [E:\repo\WinHubX\Project\WinHubX\WinHubX.csproj]
E:\repo\WinHubX\Project\WinHubX\Forms\Settaggi\FormPersonalizzazione.cs(744,42): warning CS8600: Conversione del valore letterale Null o di un possibile valore Null in un tipo che non ammette i valori Null. [E:\repo\WinHubX\Project\WinHubX\WinHubX.csproj]
E:\repo\WinHubX\Project\WinHubX\Forms\Base\FormWin.cs(19,16): warning CS8618: L'elemento campo 'selectedOS' non nullable deve contenere un valore non Null all'uscita dal costruttore. Prendere in considerazione l'aggiunta del modificatore 'required' o la dichiarazione di campo come nullable. [E:\repo\WinHubX\Project\WinHubX\WinHubX.csproj]
E:\repo\WinHubX\Project\WinHubX\Forms\Base\FormWin.cs(19,16): warning CS8618: L'elemento campo 'selectedVersion' non nullable deve contenere un valore non Null all'uscita dal costruttore. Prendere in considerazione l'aggiunta del modificatore 'required' o la dichiarazione di campo come nullable. [E:\repo\WinHubX\Project\WinHubX\WinHubX.csproj]
E:\repo\WinHubX\Project\WinHubX\Forms\Base\FormWin.cs(19,16): warning CS8618: L'elemento campo 'selectedLanguage' non nullable deve contenere un valore non Null all'uscita dal costruttore. Prendere in considerazione l'aggiunta del modificatore 'required' o la dichiarazione di campo come nullable. [E:\repo\WinHubX\Project\WinHubX\WinHubX.csproj]
E:\repo\WinHubX\Project\WinHubX\Forms\Base\FormWin.cs(48,13): warning SYSLIB0014: 'ServicePointManager' è obsoleto: 'WebRequest, HttpWebRequest, ServicePoint, and WebClient are obsolete. Use HttpClient instead. Settings on ServicePointManager no longer affect SslStream or HttpClient.' (https://aka.ms/dotnet-warnings/SYSLIB0014) [E:\repo\WinHubX\Project\WinHubX\WinHubX.csproj]
E:\repo\WinHubX\Project\WinHubX\Impostazioni\ThemeManager.cs(307,27): warning CS8600: Conversione del valore letterale Null o di un possibile valore Null in un tipo che non ammette i valori Null. [E:\repo\WinHubX\Project\WinHubX\WinHubX.csproj]
E:\repo\WinHubX\Project\WinHubX\Forms\Base\FormWin.cs(263,17): warning SYSLIB0014: 'ServicePointManager' è obsoleto: 'WebRequest, HttpWebRequest, ServicePoint, and WebClient are obsolete. Use HttpClient instead. Settings on ServicePointManager no longer affect SslStream or HttpClient.' (https://aka.ms/dotnet-warnings/SYSLIB0014) [E:\repo\WinHubX\Project\WinHubX\WinHubX.csproj]
E:\repo\WinHubX\Project\WinHubX\Forms\Base\FormWin.cs(299,30): warning CS8600: Conversione del valore letterale Null o di un possibile valore Null in un tipo che non ammette i valori Null. [E:\repo\WinHubX\Project\WinHubX\WinHubX.csproj]
E:\repo\WinHubX\Project\WinHubX\Forms\Personalizzazione office\FormAggiungiRimuoviAppOffice.cs(127,54): warning CS8600: Conversione del valore letterale Null o di un possibile valore Null in un tipo che non ammette i valori Null. [E:\repo\WinHubX\Project\WinHubX\WinHubX.csproj]
E:\repo\WinHubX\Project\WinHubX\Forms\Personalizzazione office\FormAggiungiRimuoviAppOffice.cs(164,60): warning CS8600: Conversione del valore letterale Null o di un possibile valore Null in un tipo che non ammette i valori Null. [E:\repo\WinHubX\Project\WinHubX\WinHubX.csproj]
E:\repo\WinHubX\Project\WinHubX\Forms\Personalizzazione office\FormAggiungiRimuoviAppOffice.cs(186,51): warning CS8600: Conversione del valore letterale Null o di un possibile valore Null in un tipo che non ammette i valori Null. [E:\repo\WinHubX\Project\WinHubX\WinHubX.csproj]
E:\repo\WinHubX\Project\WinHubX\Forms\Personalizzazione office\FormAggiungiRimuoviAppOffice.cs(220,58): warning CS8600: Conversione del valore letterale Null o di un possibile valore Null in un tipo che non ammette i valori Null. [E:\repo\WinHubX\Project\WinHubX\WinHubX.csproj]
E:\repo\WinHubX\Project\WinHubX\Program.cs(87,36): warning CS8600: Conversione del valore letterale Null o di un possibile valore Null in un tipo che non ammette i valori Null. [E:\repo\WinHubX\Project\WinHubX\WinHubX.csproj]
E:\repo\WinHubX\Project\WinHubX\Program.cs(9,36): warning CS8618: L'elemento campo 'Config' non nullable deve contenere un valore non Null all'uscita dal costruttore. Prendere in considerazione l'aggiunta del modificatore 'required' o la dichiarazione di campo come nullable. [E:\repo\WinHubX\Project\WinHubX\WinHubX.csproj]
E:\repo\WinHubX\Project\WinHubX\Forms\Personalizzazione office\FormAggiungiRimuoviAppOffice.cs(546,28): warning CS8600: Conversione del valore letterale Null o di un possibile valore Null in un tipo che non ammette i valori Null. [E:\repo\WinHubX\Project\WinHubX\WinHubX.csproj]
E:\repo\WinHubX\Project\WinHubX\Forms\Personalizzazione office\FormAggiungiRimuoviAppOffice.cs(588,42): warning CS8602: Dereferenziamento di un possibile riferimento Null. [E:\repo\WinHubX\Project\WinHubX\WinHubX.csproj]
E:\repo\WinHubX\Project\WinHubX\Forms\Personalizzazione office\FormAggiungiRimuoviAppOffice.cs(663,48): warning CS8600: Conversione del valore letterale Null o di un possibile valore Null in un tipo che non ammette i valori Null. [E:\repo\WinHubX\Project\WinHubX\WinHubX.csproj]
E:\repo\WinHubX\Project\WinHubX\Forms\Personalizzazione office\FormAggiungiRimuoviAppOffice.cs(667,57): warning CS8600: Conversione del valore letterale Null o di un possibile valore Null in un tipo che non ammette i valori Null. [E:\repo\WinHubX\Project\WinHubX\WinHubX.csproj]
E:\repo\WinHubX\Project\WinHubX\Forms\Personalizzazione office\FormAggiungiRimuoviAppOffice.cs(673,65): warning CS8600: Conversione del valore letterale Null o di un possibile valore Null in un tipo che non ammette i valori Null. [E:\repo\WinHubX\Project\WinHubX\WinHubX.csproj]
E:\repo\WinHubX\Project\WinHubX\Forms\Personalizzazione office\FormAggiungiRimuoviAppOffice.cs(710,65): warning CS8602: Dereferenziamento di un possibile riferimento Null. [E:\repo\WinHubX\Project\WinHubX\WinHubX.csproj]
E:\repo\WinHubX\Project\WinHubX\Forms\Personalizzazione office\FormAggiungiRimuoviAppOffice.cs(716,43): warning CS8601: Possibile assegnazione di riferimento Null. [E:\repo\WinHubX\Project\WinHubX\WinHubX.csproj]
E:\repo\WinHubX\Project\WinHubX\Forms\Personalizzazione office\FormAggiungiRimuoviAppOffice.cs(735,93): warning CS8600: Conversione del valore letterale Null o di un possibile valore Null in un tipo che non ammette i valori Null. [E:\repo\WinHubX\Project\WinHubX\WinHubX.csproj]
E:\repo\WinHubX\Project\WinHubX\Forms\Settaggi\FormPrivacy.cs(302,48): warning CS8600: Conversione del valore letterale Null o di un possibile valore Null in un tipo che non ammette i valori Null. [E:\repo\WinHubX\Project\WinHubX\WinHubX.csproj]
E:\repo\WinHubX\Project\WinHubX\Forms\Settaggi\FormPrivacy.cs(307,48): warning CS8600: Conversione del valore letterale Null o di un possibile valore Null in un tipo che non ammette i valori Null. [E:\repo\WinHubX\Project\WinHubX\WinHubX.csproj]
E:\repo\WinHubX\Project\WinHubX\Forms\Settaggi\FormPrivacy.cs(395,50): warning CS8600: Conversione del valore letterale Null o di un possibile valore Null in un tipo che non ammette i valori Null. [E:\repo\WinHubX\Project\WinHubX\WinHubX.csproj]
E:\repo\WinHubX\Project\WinHubX\Forms\Settaggi\FormPrivacy.cs(400,50): warning CS8600: Conversione del valore letterale Null o di un possibile valore Null in un tipo che non ammette i valori Null. [E:\repo\WinHubX\Project\WinHubX\WinHubX.csproj]
E:\repo\WinHubX\Project\WinHubX\Forms\Settaggi\FormPrivacy.cs(405,50): warning CS8600: Conversione del valore letterale Null o di un possibile valore Null in un tipo che non ammette i valori Null. [E:\repo\WinHubX\Project\WinHubX\WinHubX.csproj]
E:\repo\WinHubX\Project\WinHubX\Forms\Settaggi\FormPrivacy.cs(411,50): warning CS8600: Conversione del valore letterale Null o di un possibile valore Null in un tipo che non ammette i valori Null. [E:\repo\WinHubX\Project\WinHubX\WinHubX.csproj]
E:\repo\WinHubX\Project\WinHubX\Forms\Settaggi\FormPrivacy.cs(515,50): warning CS8600: Conversione del valore letterale Null o di un possibile valore Null in un tipo che non ammette i valori Null. [E:\repo\WinHubX\Project\WinHubX\WinHubX.csproj]
E:\repo\WinHubX\Project\WinHubX\Forms\Settaggi\FormPrivacy.cs(521,50): warning CS8600: Conversione del valore letterale Null o di un possibile valore Null in un tipo che non ammette i valori Null. [E:\repo\WinHubX\Project\WinHubX\WinHubX.csproj]
E:\repo\WinHubX\Project\WinHubX\Forms\Settaggi\FormPrivacy.cs(527,50): warning CS8600: Conversione del valore letterale Null o di un possibile valore Null in un tipo che non ammette i valori Null. [E:\repo\WinHubX\Project\WinHubX\WinHubX.csproj]
E:\repo\WinHubX\Project\WinHubX\Forms\Settaggi\FormPrivacy.cs(532,50): warning CS8600: Conversione del valore letterale Null o di un possibile valore Null in un tipo che non ammette i valori Null. [E:\repo\WinHubX\Project\WinHubX\WinHubX.csproj]
E:\repo\WinHubX\Project\WinHubX\Forms\Settaggi\FormPrivacy.cs(537,50): warning CS8600: Conversione del valore letterale Null o di un possibile valore Null in un tipo che non ammette i valori Null. [E:\repo\WinHubX\Project\WinHubX\WinHubX.csproj]
E:\repo\WinHubX\Project\WinHubX\Forms\Settaggi\FormPrivacy.cs(542,50): warning CS8600: Conversione del valore letterale Null o di un possibile valore Null in un tipo che non ammette i valori Null. [E:\repo\WinHubX\Project\WinHubX\WinHubX.csproj]
E:\repo\WinHubX\Project\WinHubX\Forms\Settaggi\FormPrivacy.cs(564,48): warning CS8600: Conversione del valore letterale Null o di un possibile valore Null in un tipo che non ammette i valori Null. [E:\repo\WinHubX\Project\WinHubX\WinHubX.csproj]
E:\repo\WinHubX\Project\WinHubX\Forms\Settaggi\FormPrivacy.cs(569,48): warning CS8600: Conversione del valore letterale Null o di un possibile valore Null in un tipo che non ammette i valori Null. [E:\repo\WinHubX\Project\WinHubX\WinHubX.csproj]
E:\repo\WinHubX\Project\WinHubX\Forms\Settaggi\FormPrivacy.cs(605,48): warning CS8600: Conversione del valore letterale Null o di un possibile valore Null in un tipo che non ammette i valori Null. [E:\repo\WinHubX\Project\WinHubX\WinHubX.csproj]
E:\repo\WinHubX\Project\WinHubX\Forms\Settaggi\FormPrivacy.cs(611,48): warning CS8600: Conversione del valore letterale Null o di un possibile valore Null in un tipo che non ammette i valori Null. [E:\repo\WinHubX\Project\WinHubX\WinHubX.csproj]
E:\repo\WinHubX\Project\WinHubX\Forms\Settaggi\FormPrivacy.cs(640,48): warning CS8600: Conversione del valore letterale Null o di un possibile valore Null in un tipo che non ammette i valori Null. [E:\repo\WinHubX\Project\WinHubX\WinHubX.csproj]
E:\repo\WinHubX\Project\WinHubX\Forms\Settaggi\FormPrivacy.cs(645,48): warning CS8600: Conversione del valore letterale Null o di un possibile valore Null in un tipo che non ammette i valori Null. [E:\repo\WinHubX\Project\WinHubX\WinHubX.csproj]
E:\repo\WinHubX\Project\WinHubX\Forms\Settaggi\FormPrivacy.cs(682,48): warning CS8600: Conversione del valore letterale Null o di un possibile valore Null in un tipo che non ammette i valori Null. [E:\repo\WinHubX\Project\WinHubX\WinHubX.csproj]
E:\repo\WinHubX\Project\WinHubX\Forms\Settaggi\FormPrivacy.cs(687,48): warning CS8600: Conversione del valore letterale Null o di un possibile valore Null in un tipo che non ammette i valori Null. [E:\repo\WinHubX\Project\WinHubX\WinHubX.csproj]
E:\repo\WinHubX\Project\WinHubX\Forms\Settaggi\FormPrivacy.cs(709,48): warning CS8600: Conversione del valore letterale Null o di un possibile valore Null in un tipo che non ammette i valori Null. [E:\repo\WinHubX\Project\WinHubX\WinHubX.csproj]
E:\repo\WinHubX\Project\WinHubX\Forms\Settaggi\FormPrivacy.cs(714,48): warning CS8600: Conversione del valore letterale Null o di un possibile valore Null in un tipo che non ammette i valori Null. [E:\repo\WinHubX\Project\WinHubX\WinHubX.csproj]
E:\repo\WinHubX\Project\WinHubX\Forms\Settaggi\FormPrivacy.cs(755,48): warning CS8600: Conversione del valore letterale Null o di un possibile valore Null in un tipo che non ammette i valori Null. [E:\repo\WinHubX\Project\WinHubX\WinHubX.csproj]
E:\repo\WinHubX\Project\WinHubX\Forms\Settaggi\FormPrivacy.cs(760,48): warning CS8600: Conversione del valore letterale Null o di un possibile valore Null in un tipo che non ammette i valori Null. [E:\repo\WinHubX\Project\WinHubX\WinHubX.csproj]
E:\repo\WinHubX\Project\WinHubX\Forms\Settaggi\FormPrivacy.cs(782,48): warning CS8600: Conversione del valore letterale Null o di un possibile valore Null in un tipo che non ammette i valori Null. [E:\repo\WinHubX\Project\WinHubX\WinHubX.csproj]
E:\repo\WinHubX\Project\WinHubX\Forms\Settaggi\FormPrivacy.cs(787,48): warning CS8600: Conversione del valore letterale Null o di un possibile valore Null in un tipo che non ammette i valori Null. [E:\repo\WinHubX\Project\WinHubX\WinHubX.csproj]
E:\repo\WinHubX\Project\WinHubX\Forms\Settaggi\FormPrivacy.cs(810,48): warning CS8600: Conversione del valore letterale Null o di un possibile valore Null in un tipo che non ammette i valori Null. [E:\repo\WinHubX\Project\WinHubX\WinHubX.csproj]
E:\repo\WinHubX\Project\WinHubX\Forms\Settaggi\FormPrivacy.cs(815,48): warning CS8600: Conversione del valore letterale Null o di un possibile valore Null in un tipo che non ammette i valori Null. [E:\repo\WinHubX\Project\WinHubX\WinHubX.csproj]
E:\repo\WinHubX\Project\WinHubX\Forms\Settaggi\FormPrivacy.cs(850,48): warning CS8600: Conversione del valore letterale Null o di un possibile valore Null in un tipo che non ammette i valori Null. [E:\repo\WinHubX\Project\WinHubX\WinHubX.csproj]
E:\repo\WinHubX\Project\WinHubX\Forms\Settaggi\FormPrivacy.cs(861,48): warning CS8600: Conversione del valore letterale Null o di un possibile valore Null in un tipo che non ammette i valori Null. [E:\repo\WinHubX\Project\WinHubX\WinHubX.csproj]
E:\repo\WinHubX\Project\WinHubX\Forms\Settaggi\FormPrivacy.cs(944,59): warning CS8600: Conversione del valore letterale Null o di un possibile valore Null in un tipo che non ammette i valori Null. [E:\repo\WinHubX\Project\WinHubX\WinHubX.csproj]
E:\repo\WinHubX\Project\WinHubX\Forms\Settaggi\FormPrivacy.cs(949,59): warning CS8600: Conversione del valore letterale Null o di un possibile valore Null in un tipo che non ammette i valori Null. [E:\repo\WinHubX\Project\WinHubX\WinHubX.csproj]
E:\repo\WinHubX\Project\WinHubX\Forms\Settaggi\FormPrivacy.cs(953,59): warning CS8600: Conversione del valore letterale Null o di un possibile valore Null in un tipo che non ammette i valori Null. [E:\repo\WinHubX\Project\WinHubX\WinHubX.csproj]
E:\repo\WinHubX\Project\WinHubX\Forms\Settaggi\FormPrivacy.cs(958,59): warning CS8600: Conversione del valore letterale Null o di un possibile valore Null in un tipo che non ammette i valori Null. [E:\repo\WinHubX\Project\WinHubX\WinHubX.csproj]
E:\repo\WinHubX\Project\WinHubX\Forms\Settaggi\FormPrivacy.cs(962,51): warning CS8600: Conversione del valore letterale Null o di un possibile valore Null in un tipo che non ammette i valori Null. [E:\repo\WinHubX\Project\WinHubX\WinHubX.csproj]
E:\repo\WinHubX\Project\WinHubX\Forms\Settaggi\FormPrivacy.cs(967,51): warning CS8600: Conversione del valore letterale Null o di un possibile valore Null in un tipo che non ammette i valori Null. [E:\repo\WinHubX\Project\WinHubX\WinHubX.csproj]
E:\repo\WinHubX\Project\WinHubX\Forms\Settaggi\FormPrivacy.cs(971,60): warning CS8600: Conversione del valore letterale Null o di un possibile valore Null in un tipo che non ammette i valori Null. [E:\repo\WinHubX\Project\WinHubX\WinHubX.csproj]
E:\repo\WinHubX\Project\WinHubX\Forms\Settaggi\FormPrivacy.cs(976,60): warning CS8600: Conversione del valore letterale Null o di un possibile valore Null in un tipo che non ammette i valori Null. [E:\repo\WinHubX\Project\WinHubX\WinHubX.csproj]
E:\repo\WinHubX\Project\WinHubX\Forms\Settaggi\FormPrivacy.cs(1074,52): warning CS8600: Conversione del valore letterale Null o di un possibile valore Null in un tipo che non ammette i valori Null. [E:\repo\WinHubX\Project\WinHubX\WinHubX.csproj]
E:\repo\WinHubX\Project\WinHubX\Forms\Settaggi\FormPrivacy.cs(1164,48): warning CS8600: Conversione del valore letterale Null o di un possibile valore Null in un tipo che non ammette i valori Null. [E:\repo\WinHubX\Project\WinHubX\WinHubX.csproj]
E:\repo\WinHubX\Project\WinHubX\Forms\Settaggi\FormPrivacy.cs(1169,48): warning CS8600: Conversione del valore letterale Null o di un possibile valore Null in un tipo che non ammette i valori Null. [E:\repo\WinHubX\Project\WinHubX\WinHubX.csproj]
E:\repo\WinHubX\Project\WinHubX\Forms\Settaggi\FormPrivacy.cs(1202,48): warning CS8600: Conversione del valore letterale Null o di un possibile valore Null in un tipo che non ammette i valori Null. [E:\repo\WinHubX\Project\WinHubX\WinHubX.csproj]
E:\repo\WinHubX\Project\WinHubX\Forms\Settaggi\FormPrivacy.cs(1206,48): warning CS8600: Conversione del valore letterale Null o di un possibile valore Null in un tipo che non ammette i valori Null. [E:\repo\WinHubX\Project\WinHubX\WinHubX.csproj]
E:\repo\WinHubX\Project\WinHubX\Forms\Settaggi\FormPrivacy.cs(1234,48): warning CS8600: Conversione del valore letterale Null o di un possibile valore Null in un tipo che non ammette i valori Null. [E:\repo\WinHubX\Project\WinHubX\WinHubX.csproj]
E:\repo\WinHubX\Project\WinHubX\Forms\Settaggi\FormPrivacy.cs(1238,48): warning CS8600: Conversione del valore letterale Null o di un possibile valore Null in un tipo che non ammette i valori Null. [E:\repo\WinHubX\Project\WinHubX\WinHubX.csproj]
E:\repo\WinHubX\Project\WinHubX\Forms\Settaggi\FormPrivacy.cs(1296,48): warning CS8600: Conversione del valore letterale Null o di un possibile valore Null in un tipo che non ammette i valori Null. [E:\repo\WinHubX\Project\WinHubX\WinHubX.csproj]
E:\repo\WinHubX\Project\WinHubX\Forms\Settaggi\FormPrivacy.cs(1300,48): warning CS8600: Conversione del valore letterale Null o di un possibile valore Null in un tipo che non ammette i valori Null. [E:\repo\WinHubX\Project\WinHubX\WinHubX.csproj]
E:\repo\WinHubX\Project\WinHubX\Forms\Settaggi\FormPrivacy.cs(1378,48): warning CS8600: Conversione del valore letterale Null o di un possibile valore Null in un tipo che non ammette i valori Null. [E:\repo\WinHubX\Project\WinHubX\WinHubX.csproj]
E:\repo\WinHubX\Project\WinHubX\Forms\Settaggi\FormPrivacy.cs(1389,48): warning CS8600: Conversione del valore letterale Null o di un possibile valore Null in un tipo che non ammette i valori Null. [E:\repo\WinHubX\Project\WinHubX\WinHubX.csproj]
E:\repo\WinHubX\Project\WinHubX\Forms\Settaggi\FormPrivacy.cs(1434,48): warning CS8600: Conversione del valore letterale Null o di un possibile valore Null in un tipo che non ammette i valori Null. [E:\repo\WinHubX\Project\WinHubX\WinHubX.csproj]
E:\repo\WinHubX\Project\WinHubX\Forms\Settaggi\FormPrivacy.cs(1448,48): warning CS8600: Conversione del valore letterale Null o di un possibile valore Null in un tipo che non ammette i valori Null. [E:\repo\WinHubX\Project\WinHubX\WinHubX.csproj]
E:\repo\WinHubX\Project\WinHubX\Forms\Settaggi\FormPrivacy.cs(1483,48): warning CS8600: Conversione del valore letterale Null o di un possibile valore Null in un tipo che non ammette i valori Null. [E:\repo\WinHubX\Project\WinHubX\WinHubX.csproj]
E:\repo\WinHubX\Project\WinHubX\Forms\Settaggi\FormPrivacy.cs(1496,48): warning CS8600: Conversione del valore letterale Null o di un possibile valore Null in un tipo che non ammette i valori Null. [E:\repo\WinHubX\Project\WinHubX\WinHubX.csproj]
E:\repo\WinHubX\Project\WinHubX\Forms\Settaggi\FormPrivacy.cs(1548,59): warning CS8600: Conversione del valore letterale Null o di un possibile valore Null in un tipo che non ammette i valori Null. [E:\repo\WinHubX\Project\WinHubX\WinHubX.csproj]
E:\repo\WinHubX\Project\WinHubX\Forms\Settaggi\FormPrivacy.cs(1553,59): warning CS8600: Conversione del valore letterale Null o di un possibile valore Null in un tipo che non ammette i valori Null. [E:\repo\WinHubX\Project\WinHubX\WinHubX.csproj]
E:\repo\WinHubX\Project\WinHubX\Forms\Settaggi\FormPrivacy.cs(1557,59): warning CS8600: Conversione del valore letterale Null o di un possibile valore Null in un tipo che non ammette i valori Null. [E:\repo\WinHubX\Project\WinHubX\WinHubX.csproj]
E:\repo\WinHubX\Project\WinHubX\Forms\Settaggi\FormPrivacy.cs(1562,59): warning CS8600: Conversione del valore letterale Null o di un possibile valore Null in un tipo che non ammette i valori Null. [E:\repo\WinHubX\Project\WinHubX\WinHubX.csproj]
E:\repo\WinHubX\Project\WinHubX\Forms\Settaggi\FormPrivacy.cs(1566,51): warning CS8600: Conversione del valore letterale Null o di un possibile valore Null in un tipo che non ammette i valori Null. [E:\repo\WinHubX\Project\WinHubX\WinHubX.csproj]
E:\repo\WinHubX\Project\WinHubX\Forms\Settaggi\FormPrivacy.cs(1571,51): warning CS8600: Conversione del valore letterale Null o di un possibile valore Null in un tipo che non ammette i valori Null. [E:\repo\WinHubX\Project\WinHubX\WinHubX.csproj]
E:\repo\WinHubX\Project\WinHubX\Forms\Settaggi\FormPrivacy.cs(1575,60): warning CS8600: Conversione del valore letterale Null o di un possibile valore Null in un tipo che non ammette i valori Null. [E:\repo\WinHubX\Project\WinHubX\WinHubX.csproj]
E:\repo\WinHubX\Project\WinHubX\Forms\Settaggi\FormPrivacy.cs(1580,60): warning CS8600: Conversione del valore letterale Null o di un possibile valore Null in un tipo che non ammette i valori Null. [E:\repo\WinHubX\Project\WinHubX\WinHubX.csproj]
E:\repo\WinHubX\Project\WinHubX\Forms\Settaggi\FormPrivacy.cs(1668,46): warning CS8600: Conversione del valore letterale Null o di un possibile valore Null in un tipo che non ammette i valori Null. [E:\repo\WinHubX\Project\WinHubX\WinHubX.csproj]
E:\repo\WinHubX\Project\WinHubX\Forms\Settaggi\FormPrivacy.cs(1688,35): warning CS8600: Conversione del valore letterale Null o di un possibile valore Null in un tipo che non ammette i valori Null. [E:\repo\WinHubX\Project\WinHubX\WinHubX.csproj]
E:\repo\WinHubX\Project\WinHubX\Forms\Settaggi\FormPrivacy.cs(1692,35): warning CS8600: Conversione del valore letterale Null o di un possibile valore Null in un tipo che non ammette i valori Null. [E:\repo\WinHubX\Project\WinHubX\WinHubX.csproj]
E:\repo\WinHubX\Project\WinHubX\Forms\Settaggi\FormPrivacy.cs(1715,35): warning CS8600: Conversione del valore letterale Null o di un possibile valore Null in un tipo che non ammette i valori Null. [E:\repo\WinHubX\Project\WinHubX\WinHubX.csproj]
E:\repo\WinHubX\Project\WinHubX\Forms\Settaggi\FormPrivacy.cs(1716,41): warning CS8602: Dereferenziamento di un possibile riferimento Null. [E:\repo\WinHubX\Project\WinHubX\WinHubX.csproj]
E:\repo\WinHubX\Project\WinHubX\Forms\InstallaComponenti\FormInstallaComponenti.Designer.cs(174,26): warning CS0169: Il campo 'FormInstallaComponenti.checkBox_powerpoint' non viene mai usato [E:\repo\WinHubX\Project\WinHubX\WinHubX.csproj]
E:\repo\WinHubX\Project\WinHubX\Forms\Base\FormDebloat.Designer.cs(320,23): warning CS0169: Il campo 'FormDebloat.lblInfoWin12' non viene mai usato [E:\repo\WinHubX\Project\WinHubX\WinHubX.csproj]
E:\repo\WinHubX\Project\WinHubX\Forms\Base\FormSettaggi.Designer.cs(470,44): warning CS0169: Il campo 'FormSettaggi.btnRipristinoeTestTweaks' non viene mai usato [E:\repo\WinHubX\Project\WinHubX\WinHubX.csproj]
E:\repo\WinHubX\Project\WinHubX\Forms\Base\FormHome.Designer.cs(258,24): warning CS0169: Il campo 'FormHome.button1' non viene mai usato [E:\repo\WinHubX\Project\WinHubX\WinHubX.csproj]
E:\repo\WinHubX\Project\WinHubX\Forms\Settaggi\FormDefender.Designer.cs(348,23): warning CS0169: Il campo 'FormDefender.label4' non viene mai usato [E:\repo\WinHubX\Project\WinHubX\WinHubX.csproj]
E:\repo\WinHubX\Project\WinHubX\Forms\Base\FormDebloat.Designer.cs(328,44): warning CS0169: Il campo 'FormDebloat.btnProtezioneMinimaVerdi' non viene mai usato [E:\repo\WinHubX\Project\WinHubX\WinHubX.csproj]
E:\repo\WinHubX\Project\WinHubX\Forms\CreaISO\FormCreazioneISO.Designer.cs(142,56): warning CS0169: Il campo 'FormCreazioneISO.backgroundWorker1' non viene mai usato [E:\repo\WinHubX\Project\WinHubX\WinHubX.csproj]
E:\repo\WinHubX\Project\WinHubX\Forms\Settaggi\FormUpdate.Designer.cs(348,29): warning CS0169: Il campo 'FormUpdate.progressBar1' non viene mai usato [E:\repo\WinHubX\Project\WinHubX\WinHubX.csproj]
E:\repo\WinHubX\Project\WinHubX\Forms\Settaggi\FormPersonalizzazione.Designer.cs(498,23): warning CS0169: Il campo 'FormPersonalizzazione.label2' non viene mai usato [E:\repo\WinHubX\Project\WinHubX\WinHubX.csproj]
E:\repo\WinHubX\Project\WinHubX\Forms\ImpostazioniApp\FormImpostazioniApp.Designer.cs(375,26): warning CS0169: Il campo 'FormImpostazioniApp.checkBox_powerpoint' non viene mai usato [E:\repo\WinHubX\Project\WinHubX\WinHubX.csproj]
E:\repo\WinHubX\Project\WinHubX\Forms\Base\FormOffice.Designer.cs(464,29): warning CS0169: Il campo 'FormOffice.richTextBoxInfo' non viene mai usato [E:\repo\WinHubX\Project\WinHubX\WinHubX.csproj]
E:\repo\WinHubX\Project\WinHubX\Forms\Base\FormWin.cs(17,24): warning CS0169: Il campo 'FormWin.selectedVersion' non viene mai usato [E:\repo\WinHubX\Project\WinHubX\WinHubX.csproj]
E:\repo\WinHubX\Project\WinHubX\Forms\Settaggi\FormPersonalizzazione.Designer.cs(495,23): warning CS0169: Il campo 'FormPersonalizzazione.panel32' non viene mai usato [E:\repo\WinHubX\Project\WinHubX\WinHubX.csproj]
E:\repo\WinHubX\Project\WinHubX\Forms\Settaggi\FormPersonalizzazione.cs(17,22): warning CS0169: Il campo 'FormPersonalizzazione.isSSD' non viene mai usato [E:\repo\WinHubX\Project\WinHubX\WinHubX.csproj]
E:\repo\WinHubX\Project\WinHubX\Forms\Settaggi\FormPersonalizzazione.Designer.cs(497,23): warning CS0169: Il campo 'FormPersonalizzazione.panel7' non viene mai usato [E:\repo\WinHubX\Project\WinHubX\WinHubX.csproj]
E:\repo\WinHubX\Project\WinHubX\Forms\DriverRST\FormDriverRST.Designer.cs(105,26): warning CS0169: Il campo 'FormDriverRST.checkBox_powerpoint' non viene mai usato [E:\repo\WinHubX\Project\WinHubX\WinHubX.csproj]
E:\repo\WinHubX\Project\WinHubX\Forms\Base\FormWin.cs(18,24): warning CS0169: Il campo 'FormWin.selectedLanguage' non viene mai usato [E:\repo\WinHubX\Project\WinHubX\WinHubX.csproj]
E:\repo\WinHubX\Project\WinHubX\Forms\Base\FormWin.cs(16,25): warning CS0169: Il campo 'FormWin.selectedArch' non viene mai usato [E:\repo\WinHubX\Project\WinHubX\WinHubX.csproj]
E:\repo\WinHubX\Project\WinHubX\Forms\Base\Form1.cs(25,34): warning CS0169: Il campo 'Form1.trayIconContextMenu' non viene mai usato [E:\repo\WinHubX\Project\WinHubX\WinHubX.csproj]
E:\repo\WinHubX\Project\WinHubX\Forms\Base\FormSettaggi.cs(16,40): warning CS0169: Il campo 'FormSettaggi.formPersonalizzazione' non viene mai usato [E:\repo\WinHubX\Project\WinHubX\WinHubX.csproj]
E:\repo\WinHubX\Project\WinHubX\Forms\Base\FormMonitoraggio.Designer.cs(748,44): warning CS0169: Il campo 'FormMonitoraggio.cuiButton1' non viene mai usato [E:\repo\WinHubX\Project\WinHubX\WinHubX.csproj]
E:\repo\WinHubX\Project\WinHubX\Forms\Base\Form1.cs(24,28): warning CS0169: Il campo 'Form1.notifyIcon' non viene mai usato [E:\repo\WinHubX\Project\WinHubX\WinHubX.csproj]
E:\repo\WinHubX\Project\WinHubX\Forms\Base\FormDebloat.Designer.cs(327,44): warning CS0169: Il campo 'FormDebloat.btnRiprisitinoDefenderVerdi' non viene mai usato [E:\repo\WinHubX\Project\WinHubX\WinHubX.csproj]
E:\repo\WinHubX\Project\WinHubX\Forms\CreaISO\FormCreazioneISO.Designer.cs(144,59): warning CS0169: Il campo 'FormCreazioneISO.cuiProgressBarHorizontal1' non viene mai usato [E:\repo\WinHubX\Project\WinHubX\WinHubX.csproj]
E:\repo\WinHubX\Project\WinHubX\Forms\ImpostazioniApp\FormImpostazioniApp.Designer.cs(376,44): warning CS0169: Il campo 'FormImpostazioniApp.btnInstallaVerdi' non viene mai usato [E:\repo\WinHubX\Project\WinHubX\WinHubX.csproj]
E:\repo\WinHubX\Project\WinHubX\Forms\Settaggi\FormPersonalizzazione.Designer.cs(496,23): warning CS0169: Il campo 'FormPersonalizzazione.panel4' non viene mai usato [E:\repo\WinHubX\Project\WinHubX\WinHubX.csproj]
E:\repo\WinHubX\Project\WinHubX\Forms\Base\FormWin.cs(15,24): warning CS0169: Il campo 'FormWin.selectedOS' non viene mai usato [E:\repo\WinHubX\Project\WinHubX\WinHubX.csproj]
E:\repo\WinHubX\Project\WinHubX\Forms\Base\FormDebloat.Designer.cs(319,24): warning CS0169: Il campo 'FormDebloat.btnDebloatAuto' non viene mai usato [E:\repo\WinHubX\Project\WinHubX\WinHubX.csproj]
E:\repo\WinHubX\Project\WinHubX\Forms\Base\FormMonitoraggio.cs(37,22): warning CS0414: Il campo 'FormMonitoraggio._notificationAlreadyShown' è assegnato, ma il suo valore non viene mai usato [E:\repo\WinHubX\Project\WinHubX\WinHubX.csproj]
E:\repo\WinHubX\Project\WinHubX\Forms\Base\FormMonitoraggio.cs(35,22): warning CS0414: Il campo 'FormMonitoraggio._isMonitoringOn' è assegnato, ma il suo valore non viene mai usato [E:\repo\WinHubX\Project\WinHubX\WinHubX.csproj]
E:\repo\WinHubX\Project\WinHubX\Forms\Base\FormMonitoraggio.cs(36,22): warning CS0414: Il campo 'FormMonitoraggio._isTemperatureOn' è assegnato, ma il suo valore non viene mai usato [E:\repo\WinHubX\Project\WinHubX\WinHubX.csproj]
    Avvisi: 283
    Errori: 0

Tempo trascorso 00:00:01.85
