C:\Program Files\dotnet\sdk\11.0.100-rc.1.26425.128\Sdks\Microsoft.NET.Sdk\targets\Microsoft.NET.RuntimeIdentifierInference.targets(385,5): message NETSDK1057: si sta usando una versione in anteprima di .NET. Vedere https://aka.ms/dotnet-support-policy [E:\repo\WinHubX\Project\WinHubX\WinHubX.csproj]
Forms\Base\FormMonitoraggio.resx : warning MSB3568: il nome di risorsa duplicato ">>domainUpDown1.Name" non è consentito e verrà ignorato. [E:\repo\WinHubX\Project\WinHubX\WinHubX.csproj]
Forms\Base\FormMonitoraggio.resx : warning MSB3568: il nome di risorsa duplicato ">>domainUpDown1.Type" non è consentito e verrà ignorato. [E:\repo\WinHubX\Project\WinHubX\WinHubX.csproj]
Forms\Base\FormMonitoraggio.resx : warning MSB3568: il nome di risorsa duplicato ">>domainUpDown1.Parent" non è consentito e verrà ignorato. [E:\repo\WinHubX\Project\WinHubX\WinHubX.csproj]
Forms\Base\FormMonitoraggio.resx : warning MSB3568: il nome di risorsa duplicato ">>domainUpDown1.ZOrder" non è consentito e verrà ignorato. [E:\repo\WinHubX\Project\WinHubX\WinHubX.csproj]
Forms\Base\FormMonitoraggio.resx : warning MSB3568: il nome di risorsa duplicato ">>BarTEMPtext.Name" non è consentito e verrà ignorato. [E:\repo\WinHubX\Project\WinHubX\WinHubX.csproj]
Forms\Base\FormMonitoraggio.resx : warning MSB3568: il nome di risorsa duplicato ">>BarTEMPtext.Type" non è consentito e verrà ignorato. [E:\repo\WinHubX\Project\WinHubX\WinHubX.csproj]
Forms\Base\FormMonitoraggio.resx : warning MSB3568: il nome di risorsa duplicato ">>BarTEMPtext.Parent" non è consentito e verrà ignorato. [E:\repo\WinHubX\Project\WinHubX\WinHubX.csproj]
Forms\Base\FormMonitoraggio.resx : warning MSB3568: il nome di risorsa duplicato ">>BarTEMPtext.ZOrder" non è consentito e verrà ignorato. [E:\repo\WinHubX\Project\WinHubX\WinHubX.csproj]
Forms\Base\FormMonitoraggio.resx : warning MSB3568: il nome di risorsa duplicato ">>BarTEMP.Name" non è consentito e verrà ignorato. [E:\repo\WinHubX\Project\WinHubX\WinHubX.csproj]
Forms\Base\FormMonitoraggio.resx : warning MSB3568: il nome di risorsa duplicato ">>BarTEMP.Type" non è consentito e verrà ignorato. [E:\repo\WinHubX\Project\WinHubX\WinHubX.csproj]
Forms\Base\FormMonitoraggio.resx : warning MSB3568: il nome di risorsa duplicato ">>BarTEMP.Parent" non è consentito e verrà ignorato. [E:\repo\WinHubX\Project\WinHubX\WinHubX.csproj]
Forms\Base\FormMonitoraggio.resx : warning MSB3568: il nome di risorsa duplicato ">>BarTEMP.ZOrder" non è consentito e verrà ignorato. [E:\repo\WinHubX\Project\WinHubX\WinHubX.csproj]
Forms\Base\FormMonitoraggio.resx : warning MSB3568: il nome di risorsa duplicato ">>label21.Name" non è consentito e verrà ignorato. [E:\repo\WinHubX\Project\WinHubX\WinHubX.csproj]
Forms\Base\FormMonitoraggio.resx : warning MSB3568: il nome di risorsa duplicato ">>label21.Type" non è consentito e verrà ignorato. [E:\repo\WinHubX\Project\WinHubX\WinHubX.csproj]
Forms\Base\FormMonitoraggio.resx : warning MSB3568: il nome di risorsa duplicato ">>label21.Parent" non è consentito e verrà ignorato. [E:\repo\WinHubX\Project\WinHubX\WinHubX.csproj]
Forms\Base\FormMonitoraggio.resx : warning MSB3568: il nome di risorsa duplicato ">>label21.ZOrder" non è consentito e verrà ignorato. [E:\repo\WinHubX\Project\WinHubX\WinHubX.csproj]
Forms\Base\FormMonitoraggio.resx : warning MSB3568: il nome di risorsa duplicato ">>label3.Name" non è consentito e verrà ignorato. [E:\repo\WinHubX\Project\WinHubX\WinHubX.csproj]
Forms\Base\FormMonitoraggio.resx : warning MSB3568: il nome di risorsa duplicato ">>label3.Type" non è consentito e verrà ignorato. [E:\repo\WinHubX\Project\WinHubX\WinHubX.csproj]
Forms\Base\FormMonitoraggio.resx : warning MSB3568: il nome di risorsa duplicato ">>label3.Parent" non è consentito e verrà ignorato. [E:\repo\WinHubX\Project\WinHubX\WinHubX.csproj]
Forms\Base\FormMonitoraggio.resx : warning MSB3568: il nome di risorsa duplicato ">>label3.ZOrder" non è consentito e verrà ignorato. [E:\repo\WinHubX\Project\WinHubX\WinHubX.csproj]
Forms\Base\FormMonitoraggio.resx : warning MSB3568: il nome di risorsa duplicato ">>label11.Name" non è consentito e verrà ignorato. [E:\repo\WinHubX\Project\WinHubX\WinHubX.csproj]
Forms\Base\FormMonitoraggio.resx : warning MSB3568: il nome di risorsa duplicato ">>label11.Type" non è consentito e verrà ignorato. [E:\repo\WinHubX\Project\WinHubX\WinHubX.csproj]
Forms\Base\FormMonitoraggio.resx : warning MSB3568: il nome di risorsa duplicato ">>label11.Parent" non è consentito e verrà ignorato. [E:\repo\WinHubX\Project\WinHubX\WinHubX.csproj]
Forms\Base\FormMonitoraggio.resx : warning MSB3568: il nome di risorsa duplicato ">>label11.ZOrder" non è consentito e verrà ignorato. [E:\repo\WinHubX\Project\WinHubX\WinHubX.csproj]
Forms\Base\FormMonitoraggio.resx : warning MSB3568: il nome di risorsa duplicato ">>label12.Name" non è consentito e verrà ignorato. [E:\repo\WinHubX\Project\WinHubX\WinHubX.csproj]
Forms\Base\FormMonitoraggio.resx : warning MSB3568: il nome di risorsa duplicato ">>label12.Type" non è consentito e verrà ignorato. [E:\repo\WinHubX\Project\WinHubX\WinHubX.csproj]
Forms\Base\FormMonitoraggio.resx : warning MSB3568: il nome di risorsa duplicato ">>label12.Parent" non è consentito e verrà ignorato. [E:\repo\WinHubX\Project\WinHubX\WinHubX.csproj]
Forms\Base\FormMonitoraggio.resx : warning MSB3568: il nome di risorsa duplicato ">>label12.ZOrder" non è consentito e verrà ignorato. [E:\repo\WinHubX\Project\WinHubX\WinHubX.csproj]
Forms\Base\FormMonitoraggio.resx : warning MSB3568: il nome di risorsa duplicato ">>btnSvuotaTemp.Name" non è consentito e verrà ignorato. [E:\repo\WinHubX\Project\WinHubX\WinHubX.csproj]
Forms\Base\FormMonitoraggio.resx : warning MSB3568: il nome di risorsa duplicato ">>btnSvuotaTemp.Type" non è consentito e verrà ignorato. [E:\repo\WinHubX\Project\WinHubX\WinHubX.csproj]
Forms\Base\FormMonitoraggio.resx : warning MSB3568: il nome di risorsa duplicato ">>btnSvuotaTemp.Parent" non è consentito e verrà ignorato. [E:\repo\WinHubX\Project\WinHubX\WinHubX.csproj]
Forms\Base\FormMonitoraggio.resx : warning MSB3568: il nome di risorsa duplicato ">>btnSvuotaTemp.ZOrder" non è consentito e verrà ignorato. [E:\repo\WinHubX\Project\WinHubX\WinHubX.csproj]
Forms\Base\FormMonitoraggio.resx : warning MSB3568: il nome di risorsa duplicato ">>BarDISCOtext.Name" non è consentito e verrà ignorato. [E:\repo\WinHubX\Project\WinHubX\WinHubX.csproj]
Forms\Base\FormMonitoraggio.resx : warning MSB3568: il nome di risorsa duplicato ">>BarDISCOtext.Type" non è consentito e verrà ignorato. [E:\repo\WinHubX\Project\WinHubX\WinHubX.csproj]
Forms\Base\FormMonitoraggio.resx : warning MSB3568: il nome di risorsa duplicato ">>BarDISCOtext.Parent" non è consentito e verrà ignorato. [E:\repo\WinHubX\Project\WinHubX\WinHubX.csproj]
Forms\Base\FormMonitoraggio.resx : warning MSB3568: il nome di risorsa duplicato ">>BarDISCOtext.ZOrder" non è consentito e verrà ignorato. [E:\repo\WinHubX\Project\WinHubX\WinHubX.csproj]
Forms\Base\FormMonitoraggio.resx : warning MSB3568: il nome di risorsa duplicato ">>BarDISCO.Name" non è consentito e verrà ignorato. [E:\repo\WinHubX\Project\WinHubX\WinHubX.csproj]
Forms\Base\FormMonitoraggio.resx : warning MSB3568: il nome di risorsa duplicato ">>BarDISCO.Type" non è consentito e verrà ignorato. [E:\repo\WinHubX\Project\WinHubX\WinHubX.csproj]
Forms\Base\FormMonitoraggio.resx : warning MSB3568: il nome di risorsa duplicato ">>BarDISCO.Parent" non è consentito e verrà ignorato. [E:\repo\WinHubX\Project\WinHubX\WinHubX.csproj]
Forms\Base\FormMonitoraggio.resx : warning MSB3568: il nome di risorsa duplicato ">>BarDISCO.ZOrder" non è consentito e verrà ignorato. [E:\repo\WinHubX\Project\WinHubX\WinHubX.csproj]
Forms\Base\FormMonitoraggio.resx : warning MSB3568: il nome di risorsa duplicato ">>label18.Name" non è consentito e verrà ignorato. [E:\repo\WinHubX\Project\WinHubX\WinHubX.csproj]
Forms\Base\FormMonitoraggio.resx : warning MSB3568: il nome di risorsa duplicato ">>label18.Type" non è consentito e verrà ignorato. [E:\repo\WinHubX\Project\WinHubX\WinHubX.csproj]
Forms\Base\FormMonitoraggio.resx : warning MSB3568: il nome di risorsa duplicato ">>label18.Parent" non è consentito e verrà ignorato. [E:\repo\WinHubX\Project\WinHubX\WinHubX.csproj]
Forms\Base\FormMonitoraggio.resx : warning MSB3568: il nome di risorsa duplicato ">>label18.ZOrder" non è consentito e verrà ignorato. [E:\repo\WinHubX\Project\WinHubX\WinHubX.csproj]
Forms\Base\FormMonitoraggio.resx : warning MSB3568: il nome di risorsa duplicato ">>label17.Name" non è consentito e verrà ignorato. [E:\repo\WinHubX\Project\WinHubX\WinHubX.csproj]
Forms\Base\FormMonitoraggio.resx : warning MSB3568: il nome di risorsa duplicato ">>label17.Type" non è consentito e verrà ignorato. [E:\repo\WinHubX\Project\WinHubX\WinHubX.csproj]
Forms\Base\FormMonitoraggio.resx : warning MSB3568: il nome di risorsa duplicato ">>label17.Parent" non è consentito e verrà ignorato. [E:\repo\WinHubX\Project\WinHubX\WinHubX.csproj]
Forms\Base\FormMonitoraggio.resx : warning MSB3568: il nome di risorsa duplicato ">>label17.ZOrder" non è consentito e verrà ignorato. [E:\repo\WinHubX\Project\WinHubX\WinHubX.csproj]
Forms\Base\FormMonitoraggio.resx : warning MSB3568: il nome di risorsa duplicato ">>label16.Name" non è consentito e verrà ignorato. [E:\repo\WinHubX\Project\WinHubX\WinHubX.csproj]
Forms\Base\FormMonitoraggio.resx : warning MSB3568: il nome di risorsa duplicato ">>label16.Type" non è consentito e verrà ignorato. [E:\repo\WinHubX\Project\WinHubX\WinHubX.csproj]
Forms\Base\FormMonitoraggio.resx : warning MSB3568: il nome di risorsa duplicato ">>label16.Parent" non è consentito e verrà ignorato. [E:\repo\WinHubX\Project\WinHubX\WinHubX.csproj]
Forms\Base\FormMonitoraggio.resx : warning MSB3568: il nome di risorsa duplicato ">>label16.ZOrder" non è consentito e verrà ignorato. [E:\repo\WinHubX\Project\WinHubX\WinHubX.csproj]
Forms\Base\FormMonitoraggio.resx : warning MSB3568: il nome di risorsa duplicato ">>cuiSwitch_gradicpu.Name" non è consentito e verrà ignorato. [E:\repo\WinHubX\Project\WinHubX\WinHubX.csproj]
Forms\Base\FormMonitoraggio.resx : warning MSB3568: il nome di risorsa duplicato ">>cuiSwitch_gradicpu.Type" non è consentito e verrà ignorato. [E:\repo\WinHubX\Project\WinHubX\WinHubX.csproj]
Forms\Base\FormMonitoraggio.resx : warning MSB3568: il nome di risorsa duplicato ">>cuiSwitch_gradicpu.Parent" non è consentito e verrà ignorato. [E:\repo\WinHubX\Project\WinHubX\WinHubX.csproj]
Forms\Base\FormMonitoraggio.resx : warning MSB3568: il nome di risorsa duplicato ">>cuiSwitch_gradicpu.ZOrder" non è consentito e verrà ignorato. [E:\repo\WinHubX\Project\WinHubX\WinHubX.csproj]
Forms\Base\FormMonitoraggio.resx : warning MSB3568: il nome di risorsa duplicato ">>limiteCPU.Name" non è consentito e verrà ignorato. [E:\repo\WinHubX\Project\WinHubX\WinHubX.csproj]
Forms\Base\FormMonitoraggio.resx : warning MSB3568: il nome di risorsa duplicato ">>limiteCPU.Type" non è consentito e verrà ignorato. [E:\repo\WinHubX\Project\WinHubX\WinHubX.csproj]
Forms\Base\FormMonitoraggio.resx : warning MSB3568: il nome di risorsa duplicato ">>limiteCPU.Parent" non è consentito e verrà ignorato. [E:\repo\WinHubX\Project\WinHubX\WinHubX.csproj]
Forms\Base\FormMonitoraggio.resx : warning MSB3568: il nome di risorsa duplicato ">>limiteCPU.ZOrder" non è consentito e verrà ignorato. [E:\repo\WinHubX\Project\WinHubX\WinHubX.csproj]
Forms\Base\FormMonitoraggio.resx : warning MSB3568: il nome di risorsa duplicato ">>puliziaautomaticoCPU.Name" non è consentito e verrà ignorato. [E:\repo\WinHubX\Project\WinHubX\WinHubX.csproj]
Forms\Base\FormMonitoraggio.resx : warning MSB3568: il nome di risorsa duplicato ">>puliziaautomaticoCPU.Type" non è consentito e verrà ignorato. [E:\repo\WinHubX\Project\WinHubX\WinHubX.csproj]
Forms\Base\FormMonitoraggio.resx : warning MSB3568: il nome di risorsa duplicato ">>puliziaautomaticoCPU.Parent" non è consentito e verrà ignorato. [E:\repo\WinHubX\Project\WinHubX\WinHubX.csproj]
Forms\Base\FormMonitoraggio.resx : warning MSB3568: il nome di risorsa duplicato ">>puliziaautomaticoCPU.ZOrder" non è consentito e verrà ignorato. [E:\repo\WinHubX\Project\WinHubX\WinHubX.csproj]
Forms\Base\FormMonitoraggio.resx : warning MSB3568: il nome di risorsa duplicato ">>label7.Name" non è consentito e verrà ignorato. [E:\repo\WinHubX\Project\WinHubX\WinHubX.csproj]
Forms\Base\FormMonitoraggio.resx : warning MSB3568: il nome di risorsa duplicato ">>label7.Type" non è consentito e verrà ignorato. [E:\repo\WinHubX\Project\WinHubX\WinHubX.csproj]
Forms\Base\FormMonitoraggio.resx : warning MSB3568: il nome di risorsa duplicato ">>label7.Parent" non è consentito e verrà ignorato. [E:\repo\WinHubX\Project\WinHubX\WinHubX.csproj]
Forms\Base\FormMonitoraggio.resx : warning MSB3568: il nome di risorsa duplicato ">>label7.ZOrder" non è consentito e verrà ignorato. [E:\repo\WinHubX\Project\WinHubX\WinHubX.csproj]
Forms\Base\FormMonitoraggio.resx : warning MSB3568: il nome di risorsa duplicato ">>label6.Name" non è consentito e verrà ignorato. [E:\repo\WinHubX\Project\WinHubX\WinHubX.csproj]
Forms\Base\FormMonitoraggio.resx : warning MSB3568: il nome di risorsa duplicato ">>label6.Type" non è consentito e verrà ignorato. [E:\repo\WinHubX\Project\WinHubX\WinHubX.csproj]
Forms\Base\FormMonitoraggio.resx : warning MSB3568: il nome di risorsa duplicato ">>label6.Parent" non è consentito e verrà ignorato. [E:\repo\WinHubX\Project\WinHubX\WinHubX.csproj]
Forms\Base\FormMonitoraggio.resx : warning MSB3568: il nome di risorsa duplicato ">>label6.ZOrder" non è consentito e verrà ignorato. [E:\repo\WinHubX\Project\WinHubX\WinHubX.csproj]
Forms\Base\FormMonitoraggio.resx : warning MSB3568: il nome di risorsa duplicato ">>label5.Name" non è consentito e verrà ignorato. [E:\repo\WinHubX\Project\WinHubX\WinHubX.csproj]
Forms\Base\FormMonitoraggio.resx : warning MSB3568: il nome di risorsa duplicato ">>label5.Type" non è consentito e verrà ignorato. [E:\repo\WinHubX\Project\WinHubX\WinHubX.csproj]
Forms\Base\FormMonitoraggio.resx : warning MSB3568: il nome di risorsa duplicato ">>label5.Parent" non è consentito e verrà ignorato. [E:\repo\WinHubX\Project\WinHubX\WinHubX.csproj]
Forms\Base\FormMonitoraggio.resx : warning MSB3568: il nome di risorsa duplicato ">>label5.ZOrder" non è consentito e verrà ignorato. [E:\repo\WinHubX\Project\WinHubX\WinHubX.csproj]
Forms\Base\FormMonitoraggio.resx : warning MSB3568: il nome di risorsa duplicato ">>btnPulisciCPU.Name" non è consentito e verrà ignorato. [E:\repo\WinHubX\Project\WinHubX\WinHubX.csproj]
Forms\Base\FormMonitoraggio.resx : warning MSB3568: il nome di risorsa duplicato ">>btnPulisciCPU.Type" non è consentito e verrà ignorato. [E:\repo\WinHubX\Project\WinHubX\WinHubX.csproj]
Forms\Base\FormMonitoraggio.resx : warning MSB3568: il nome di risorsa duplicato ">>btnPulisciCPU.Parent" non è consentito e verrà ignorato. [E:\repo\WinHubX\Project\WinHubX\WinHubX.csproj]
Forms\Base\FormMonitoraggio.resx : warning MSB3568: il nome di risorsa duplicato ">>btnPulisciCPU.ZOrder" non è consentito e verrà ignorato. [E:\repo\WinHubX\Project\WinHubX\WinHubX.csproj]
Forms\Base\FormMonitoraggio.resx : warning MSB3568: il nome di risorsa duplicato ">>labelCpuTemp.Name" non è consentito e verrà ignorato. [E:\repo\WinHubX\Project\WinHubX\WinHubX.csproj]
Forms\Base\FormMonitoraggio.resx : warning MSB3568: il nome di risorsa duplicato ">>labelCpuTemp.Type" non è consentito e verrà ignorato. [E:\repo\WinHubX\Project\WinHubX\WinHubX.csproj]
Forms\Base\FormMonitoraggio.resx : warning MSB3568: il nome di risorsa duplicato ">>labelCpuTemp.Parent" non è consentito e verrà ignorato. [E:\repo\WinHubX\Project\WinHubX\WinHubX.csproj]
Forms\Base\FormMonitoraggio.resx : warning MSB3568: il nome di risorsa duplicato ">>labelCpuTemp.ZOrder" non è consentito e verrà ignorato. [E:\repo\WinHubX\Project\WinHubX\WinHubX.csproj]
Forms\Base\FormMonitoraggio.resx : warning MSB3568: il nome di risorsa duplicato ">>BarCPUtext.Name" non è consentito e verrà ignorato. [E:\repo\WinHubX\Project\WinHubX\WinHubX.csproj]
Forms\Base\FormMonitoraggio.resx : warning MSB3568: il nome di risorsa duplicato ">>BarCPUtext.Type" non è consentito e verrà ignorato. [E:\repo\WinHubX\Project\WinHubX\WinHubX.csproj]
Forms\Base\FormMonitoraggio.resx : warning MSB3568: il nome di risorsa duplicato ">>BarCPUtext.Parent" non è consentito e verrà ignorato. [E:\repo\WinHubX\Project\WinHubX\WinHubX.csproj]
Forms\Base\FormMonitoraggio.resx : warning MSB3568: il nome di risorsa duplicato ">>BarCPUtext.ZOrder" non è consentito e verrà ignorato. [E:\repo\WinHubX\Project\WinHubX\WinHubX.csproj]
Forms\Base\FormMonitoraggio.resx : warning MSB3568: il nome di risorsa duplicato ">>pic_termcpu.Name" non è consentito e verrà ignorato. [E:\repo\WinHubX\Project\WinHubX\WinHubX.csproj]
Forms\Base\FormMonitoraggio.resx : warning MSB3568: il nome di risorsa duplicato ">>pic_termcpu.Type" non è consentito e verrà ignorato. [E:\repo\WinHubX\Project\WinHubX\WinHubX.csproj]
Forms\Base\FormMonitoraggio.resx : warning MSB3568: il nome di risorsa duplicato ">>pic_termcpu.Parent" non è consentito e verrà ignorato. [E:\repo\WinHubX\Project\WinHubX\WinHubX.csproj]
Forms\Base\FormMonitoraggio.resx : warning MSB3568: il nome di risorsa duplicato ">>pic_termcpu.ZOrder" non è consentito e verrà ignorato. [E:\repo\WinHubX\Project\WinHubX\WinHubX.csproj]
Forms\Base\FormMonitoraggio.resx : warning MSB3568: il nome di risorsa duplicato ">>BarCPU.Name" non è consentito e verrà ignorato. [E:\repo\WinHubX\Project\WinHubX\WinHubX.csproj]
Forms\Base\FormMonitoraggio.resx : warning MSB3568: il nome di risorsa duplicato ">>BarCPU.Type" non è consentito e verrà ignorato. [E:\repo\WinHubX\Project\WinHubX\WinHubX.csproj]
Forms\Base\FormMonitoraggio.resx : warning MSB3568: il nome di risorsa duplicato ">>BarCPU.Parent" non è consentito e verrà ignorato. [E:\repo\WinHubX\Project\WinHubX\WinHubX.csproj]
Forms\Base\FormMonitoraggio.resx : warning MSB3568: il nome di risorsa duplicato ">>BarCPU.ZOrder" non è consentito e verrà ignorato. [E:\repo\WinHubX\Project\WinHubX\WinHubX.csproj]
Forms\Base\FormMonitoraggio.resx : warning MSB3568: il nome di risorsa duplicato ">>label1.Name" non è consentito e verrà ignorato. [E:\repo\WinHubX\Project\WinHubX\WinHubX.csproj]
Forms\Base\FormMonitoraggio.resx : warning MSB3568: il nome di risorsa duplicato ">>label1.Type" non è consentito e verrà ignorato. [E:\repo\WinHubX\Project\WinHubX\WinHubX.csproj]
Forms\Base\FormMonitoraggio.resx : warning MSB3568: il nome di risorsa duplicato ">>label1.Parent" non è consentito e verrà ignorato. [E:\repo\WinHubX\Project\WinHubX\WinHubX.csproj]
Forms\Base\FormMonitoraggio.resx : warning MSB3568: il nome di risorsa duplicato ">>label1.ZOrder" non è consentito e verrà ignorato. [E:\repo\WinHubX\Project\WinHubX\WinHubX.csproj]
Forms\Base\FormMonitoraggio.resx : warning MSB3568: il nome di risorsa duplicato ">>label4.Name" non è consentito e verrà ignorato. [E:\repo\WinHubX\Project\WinHubX\WinHubX.csproj]
Forms\Base\FormMonitoraggio.resx : warning MSB3568: il nome di risorsa duplicato ">>label4.Type" non è consentito e verrà ignorato. [E:\repo\WinHubX\Project\WinHubX\WinHubX.csproj]
Forms\Base\FormMonitoraggio.resx : warning MSB3568: il nome di risorsa duplicato ">>label4.Parent" non è consentito e verrà ignorato. [E:\repo\WinHubX\Project\WinHubX\WinHubX.csproj]
Forms\Base\FormMonitoraggio.resx : warning MSB3568: il nome di risorsa duplicato ">>label4.ZOrder" non è consentito e verrà ignorato. [E:\repo\WinHubX\Project\WinHubX\WinHubX.csproj]
Forms\Base\FormMonitoraggio.resx : warning MSB3568: il nome di risorsa duplicato ">>limiteRAM.Name" non è consentito e verrà ignorato. [E:\repo\WinHubX\Project\WinHubX\WinHubX.csproj]
Forms\Base\FormMonitoraggio.resx : warning MSB3568: il nome di risorsa duplicato ">>limiteRAM.Type" non è consentito e verrà ignorato. [E:\repo\WinHubX\Project\WinHubX\WinHubX.csproj]
Forms\Base\FormMonitoraggio.resx : warning MSB3568: il nome di risorsa duplicato ">>limiteRAM.Parent" non è consentito e verrà ignorato. [E:\repo\WinHubX\Project\WinHubX\WinHubX.csproj]
Forms\Base\FormMonitoraggio.resx : warning MSB3568: il nome di risorsa duplicato ">>limiteRAM.ZOrder" non è consentito e verrà ignorato. [E:\repo\WinHubX\Project\WinHubX\WinHubX.csproj]
Forms\Base\FormMonitoraggio.resx : warning MSB3568: il nome di risorsa duplicato ">>puliziaautomaticRAM.Name" non è consentito e verrà ignorato. [E:\repo\WinHubX\Project\WinHubX\WinHubX.csproj]
Forms\Base\FormMonitoraggio.resx : warning MSB3568: il nome di risorsa duplicato ">>puliziaautomaticRAM.Type" non è consentito e verrà ignorato. [E:\repo\WinHubX\Project\WinHubX\WinHubX.csproj]
Forms\Base\FormMonitoraggio.resx : warning MSB3568: il nome di risorsa duplicato ">>puliziaautomaticRAM.Parent" non è consentito e verrà ignorato. [E:\repo\WinHubX\Project\WinHubX\WinHubX.csproj]
Forms\Base\FormMonitoraggio.resx : warning MSB3568: il nome di risorsa duplicato ">>puliziaautomaticRAM.ZOrder" non è consentito e verrà ignorato. [E:\repo\WinHubX\Project\WinHubX\WinHubX.csproj]
Forms\Base\FormMonitoraggio.resx : warning MSB3568: il nome di risorsa duplicato ">>label8.Name" non è consentito e verrà ignorato. [E:\repo\WinHubX\Project\WinHubX\WinHubX.csproj]
Forms\Base\FormMonitoraggio.resx : warning MSB3568: il nome di risorsa duplicato ">>label8.Type" non è consentito e verrà ignorato. [E:\repo\WinHubX\Project\WinHubX\WinHubX.csproj]
Forms\Base\FormMonitoraggio.resx : warning MSB3568: il nome di risorsa duplicato ">>label8.Parent" non è consentito e verrà ignorato. [E:\repo\WinHubX\Project\WinHubX\WinHubX.csproj]
Forms\Base\FormMonitoraggio.resx : warning MSB3568: il nome di risorsa duplicato ">>label8.ZOrder" non è consentito e verrà ignorato. [E:\repo\WinHubX\Project\WinHubX\WinHubX.csproj]
Forms\Base\FormMonitoraggio.resx : warning MSB3568: il nome di risorsa duplicato ">>label9.Name" non è consentito e verrà ignorato. [E:\repo\WinHubX\Project\WinHubX\WinHubX.csproj]
Forms\Base\FormMonitoraggio.resx : warning MSB3568: il nome di risorsa duplicato ">>label9.Type" non è consentito e verrà ignorato. [E:\repo\WinHubX\Project\WinHubX\WinHubX.csproj]
Forms\Base\FormMonitoraggio.resx : warning MSB3568: il nome di risorsa duplicato ">>label9.Parent" non è consentito e verrà ignorato. [E:\repo\WinHubX\Project\WinHubX\WinHubX.csproj]
Forms\Base\FormMonitoraggio.resx : warning MSB3568: il nome di risorsa duplicato ">>label9.ZOrder" non è consentito e verrà ignorato. [E:\repo\WinHubX\Project\WinHubX\WinHubX.csproj]
Forms\Base\FormMonitoraggio.resx : warning MSB3568: il nome di risorsa duplicato ">>label10.Name" non è consentito e verrà ignorato. [E:\repo\WinHubX\Project\WinHubX\WinHubX.csproj]
Forms\Base\FormMonitoraggio.resx : warning MSB3568: il nome di risorsa duplicato ">>label10.Type" non è consentito e verrà ignorato. [E:\repo\WinHubX\Project\WinHubX\WinHubX.csproj]
Forms\Base\FormMonitoraggio.resx : warning MSB3568: il nome di risorsa duplicato ">>label10.Parent" non è consentito e verrà ignorato. [E:\repo\WinHubX\Project\WinHubX\WinHubX.csproj]
Forms\Base\FormMonitoraggio.resx : warning MSB3568: il nome di risorsa duplicato ">>label10.ZOrder" non è consentito e verrà ignorato. [E:\repo\WinHubX\Project\WinHubX\WinHubX.csproj]
Forms\Base\FormMonitoraggio.resx : warning MSB3568: il nome di risorsa duplicato ">>btnPulisciRam.Name" non è consentito e verrà ignorato. [E:\repo\WinHubX\Project\WinHubX\WinHubX.csproj]
Forms\Base\FormMonitoraggio.resx : warning MSB3568: il nome di risorsa duplicato ">>btnPulisciRam.Type" non è consentito e verrà ignorato. [E:\repo\WinHubX\Project\WinHubX\WinHubX.csproj]
Forms\Base\FormMonitoraggio.resx : warning MSB3568: il nome di risorsa duplicato ">>btnPulisciRam.Parent" non è consentito e verrà ignorato. [E:\repo\WinHubX\Project\WinHubX\WinHubX.csproj]
Forms\Base\FormMonitoraggio.resx : warning MSB3568: il nome di risorsa duplicato ">>btnPulisciRam.ZOrder" non è consentito e verrà ignorato. [E:\repo\WinHubX\Project\WinHubX\WinHubX.csproj]
Forms\Base\FormMonitoraggio.resx : warning MSB3568: il nome di risorsa duplicato ">>BarRAMtext.Name" non è consentito e verrà ignorato. [E:\repo\WinHubX\Project\WinHubX\WinHubX.csproj]
Forms\Base\FormMonitoraggio.resx : warning MSB3568: il nome di risorsa duplicato ">>BarRAMtext.Type" non è consentito e verrà ignorato. [E:\repo\WinHubX\Project\WinHubX\WinHubX.csproj]
Forms\Base\FormMonitoraggio.resx : warning MSB3568: il nome di risorsa duplicato ">>BarRAMtext.Parent" non è consentito e verrà ignorato. [E:\repo\WinHubX\Project\WinHubX\WinHubX.csproj]
Forms\Base\FormMonitoraggio.resx : warning MSB3568: il nome di risorsa duplicato ">>BarRAMtext.ZOrder" non è consentito e verrà ignorato. [E:\repo\WinHubX\Project\WinHubX\WinHubX.csproj]
Forms\Base\FormMonitoraggio.resx : warning MSB3568: il nome di risorsa duplicato ">>BarRAM.Name" non è consentito e verrà ignorato. [E:\repo\WinHubX\Project\WinHubX\WinHubX.csproj]
Forms\Base\FormMonitoraggio.resx : warning MSB3568: il nome di risorsa duplicato ">>BarRAM.Type" non è consentito e verrà ignorato. [E:\repo\WinHubX\Project\WinHubX\WinHubX.csproj]
Forms\Base\FormMonitoraggio.resx : warning MSB3568: il nome di risorsa duplicato ">>BarRAM.Parent" non è consentito e verrà ignorato. [E:\repo\WinHubX\Project\WinHubX\WinHubX.csproj]
Forms\Base\FormMonitoraggio.resx : warning MSB3568: il nome di risorsa duplicato ">>BarRAM.ZOrder" non è consentito e verrà ignorato. [E:\repo\WinHubX\Project\WinHubX\WinHubX.csproj]
Forms\Base\FormMonitoraggio.resx : warning MSB3568: il nome di risorsa duplicato ">>label14.Name" non è consentito e verrà ignorato. [E:\repo\WinHubX\Project\WinHubX\WinHubX.csproj]
Forms\Base\FormMonitoraggio.resx : warning MSB3568: il nome di risorsa duplicato ">>label14.Type" non è consentito e verrà ignorato. [E:\repo\WinHubX\Project\WinHubX\WinHubX.csproj]
Forms\Base\FormMonitoraggio.resx : warning MSB3568: il nome di risorsa duplicato ">>label14.Parent" non è consentito e verrà ignorato. [E:\repo\WinHubX\Project\WinHubX\WinHubX.csproj]
Forms\Base\FormMonitoraggio.resx : warning MSB3568: il nome di risorsa duplicato ">>label14.ZOrder" non è consentito e verrà ignorato. [E:\repo\WinHubX\Project\WinHubX\WinHubX.csproj]
Forms\Base\FormMonitoraggio.resx : warning MSB3568: il nome di risorsa duplicato ">>label22.Name" non è consentito e verrà ignorato. [E:\repo\WinHubX\Project\WinHubX\WinHubX.csproj]
Forms\Base\FormMonitoraggio.resx : warning MSB3568: il nome di risorsa duplicato ">>label22.Type" non è consentito e verrà ignorato. [E:\repo\WinHubX\Project\WinHubX\WinHubX.csproj]
Forms\Base\FormMonitoraggio.resx : warning MSB3568: il nome di risorsa duplicato ">>label22.Parent" non è consentito e verrà ignorato. [E:\repo\WinHubX\Project\WinHubX\WinHubX.csproj]
Forms\Base\FormMonitoraggio.resx : warning MSB3568: il nome di risorsa duplicato ">>label22.ZOrder" non è consentito e verrà ignorato. [E:\repo\WinHubX\Project\WinHubX\WinHubX.csproj]
Forms\Base\FormMonitoraggio.resx : warning MSB3568: il nome di risorsa duplicato ">>label23.Name" non è consentito e verrà ignorato. [E:\repo\WinHubX\Project\WinHubX\WinHubX.csproj]
Forms\Base\FormMonitoraggio.resx : warning MSB3568: il nome di risorsa duplicato ">>label23.Type" non è consentito e verrà ignorato. [E:\repo\WinHubX\Project\WinHubX\WinHubX.csproj]
Forms\Base\FormMonitoraggio.resx : warning MSB3568: il nome di risorsa duplicato ">>label23.Parent" non è consentito e verrà ignorato. [E:\repo\WinHubX\Project\WinHubX\WinHubX.csproj]
Forms\Base\FormMonitoraggio.resx : warning MSB3568: il nome di risorsa duplicato ">>label23.ZOrder" non è consentito e verrà ignorato. [E:\repo\WinHubX\Project\WinHubX\WinHubX.csproj]
Forms\Base\FormMonitoraggio.resx : warning MSB3568: il nome di risorsa duplicato ">>cuiSwitch_gputemperatura.Name" non è consentito e verrà ignorato. [E:\repo\WinHubX\Project\WinHubX\WinHubX.csproj]
Forms\Base\FormMonitoraggio.resx : warning MSB3568: il nome di risorsa duplicato ">>cuiSwitch_gputemperatura.Type" non è consentito e verrà ignorato. [E:\repo\WinHubX\Project\WinHubX\WinHubX.csproj]
Forms\Base\FormMonitoraggio.resx : warning MSB3568: il nome di risorsa duplicato ">>cuiSwitch_gputemperatura.Parent" non è consentito e verrà ignorato. [E:\repo\WinHubX\Project\WinHubX\WinHubX.csproj]
Forms\Base\FormMonitoraggio.resx : warning MSB3568: il nome di risorsa duplicato ">>cuiSwitch_gputemperatura.ZOrder" non è consentito e verrà ignorato. [E:\repo\WinHubX\Project\WinHubX\WinHubX.csproj]
Forms\Base\FormMonitoraggio.resx : warning MSB3568: il nome di risorsa duplicato ">>label2.Name" non è consentito e verrà ignorato. [E:\repo\WinHubX\Project\WinHubX\WinHubX.csproj]
Forms\Base\FormMonitoraggio.resx : warning MSB3568: il nome di risorsa duplicato ">>label2.Type" non è consentito e verrà ignorato. [E:\repo\WinHubX\Project\WinHubX\WinHubX.csproj]
Forms\Base\FormMonitoraggio.resx : warning MSB3568: il nome di risorsa duplicato ">>label2.Parent" non è consentito e verrà ignorato. [E:\repo\WinHubX\Project\WinHubX\WinHubX.csproj]
Forms\Base\FormMonitoraggio.resx : warning MSB3568: il nome di risorsa duplicato ">>label2.ZOrder" non è consentito e verrà ignorato. [E:\repo\WinHubX\Project\WinHubX\WinHubX.csproj]
Forms\Base\FormMonitoraggio.resx : warning MSB3568: il nome di risorsa duplicato ">>BarGPUtext.Name" non è consentito e verrà ignorato. [E:\repo\WinHubX\Project\WinHubX\WinHubX.csproj]
Forms\Base\FormMonitoraggio.resx : warning MSB3568: il nome di risorsa duplicato ">>BarGPUtext.Type" non è consentito e verrà ignorato. [E:\repo\WinHubX\Project\WinHubX\WinHubX.csproj]
Forms\Base\FormMonitoraggio.resx : warning MSB3568: il nome di risorsa duplicato ">>BarGPUtext.Parent" non è consentito e verrà ignorato. [E:\repo\WinHubX\Project\WinHubX\WinHubX.csproj]
Forms\Base\FormMonitoraggio.resx : warning MSB3568: il nome di risorsa duplicato ">>BarGPUtext.ZOrder" non è consentito e verrà ignorato. [E:\repo\WinHubX\Project\WinHubX\WinHubX.csproj]
Forms\Base\FormMonitoraggio.resx : warning MSB3568: il nome di risorsa duplicato ">>BarGPU.Name" non è consentito e verrà ignorato. [E:\repo\WinHubX\Project\WinHubX\WinHubX.csproj]
Forms\Base\FormMonitoraggio.resx : warning MSB3568: il nome di risorsa duplicato ">>BarGPU.Type" non è consentito e verrà ignorato. [E:\repo\WinHubX\Project\WinHubX\WinHubX.csproj]
Forms\Base\FormMonitoraggio.resx : warning MSB3568: il nome di risorsa duplicato ">>BarGPU.Parent" non è consentito e verrà ignorato. [E:\repo\WinHubX\Project\WinHubX\WinHubX.csproj]
Forms\Base\FormMonitoraggio.resx : warning MSB3568: il nome di risorsa duplicato ">>BarGPU.ZOrder" non è consentito e verrà ignorato. [E:\repo\WinHubX\Project\WinHubX\WinHubX.csproj]
Forms\Base\FormMonitoraggio.resx : warning MSB3568: il nome di risorsa duplicato ">>labelGpuTemp.Name" non è consentito e verrà ignorato. [E:\repo\WinHubX\Project\WinHubX\WinHubX.csproj]
Forms\Base\FormMonitoraggio.resx : warning MSB3568: il nome di risorsa duplicato ">>labelGpuTemp.Type" non è consentito e verrà ignorato. [E:\repo\WinHubX\Project\WinHubX\WinHubX.csproj]
Forms\Base\FormMonitoraggio.resx : warning MSB3568: il nome di risorsa duplicato ">>labelGpuTemp.Parent" non è consentito e verrà ignorato. [E:\repo\WinHubX\Project\WinHubX\WinHubX.csproj]
Forms\Base\FormMonitoraggio.resx : warning MSB3568: il nome di risorsa duplicato ">>labelGpuTemp.ZOrder" non è consentito e verrà ignorato. [E:\repo\WinHubX\Project\WinHubX\WinHubX.csproj]
Forms\Base\FormMonitoraggio.resx : warning MSB3568: il nome di risorsa duplicato ">>pic_termgpu.Name" non è consentito e verrà ignorato. [E:\repo\WinHubX\Project\WinHubX\WinHubX.csproj]
Forms\Base\FormMonitoraggio.resx : warning MSB3568: il nome di risorsa duplicato ">>pic_termgpu.Type" non è consentito e verrà ignorato. [E:\repo\WinHubX\Project\WinHubX\WinHubX.csproj]
Forms\Base\FormMonitoraggio.resx : warning MSB3568: il nome di risorsa duplicato ">>pic_termgpu.Parent" non è consentito e verrà ignorato. [E:\repo\WinHubX\Project\WinHubX\WinHubX.csproj]
Forms\Base\FormMonitoraggio.resx : warning MSB3568: il nome di risorsa duplicato ">>pic_termgpu.ZOrder" non è consentito e verrà ignorato. [E:\repo\WinHubX\Project\WinHubX\WinHubX.csproj]
Forms\Base\FormMonitoraggio.resx : warning MSB3568: il nome di risorsa duplicato ">>label19.Name" non è consentito e verrà ignorato. [E:\repo\WinHubX\Project\WinHubX\WinHubX.csproj]
Forms\Base\FormMonitoraggio.resx : warning MSB3568: il nome di risorsa duplicato ">>label19.Type" non è consentito e verrà ignorato. [E:\repo\WinHubX\Project\WinHubX\WinHubX.csproj]
Forms\Base\FormMonitoraggio.resx : warning MSB3568: il nome di risorsa duplicato ">>label19.Parent" non è consentito e verrà ignorato. [E:\repo\WinHubX\Project\WinHubX\WinHubX.csproj]
Forms\Base\FormMonitoraggio.resx : warning MSB3568: il nome di risorsa duplicato ">>label19.ZOrder" non è consentito e verrà ignorato. [E:\repo\WinHubX\Project\WinHubX\WinHubX.csproj]
Forms\Base\FormMonitoraggio.resx : warning MSB3568: il nome di risorsa duplicato ">>label20.Name" non è consentito e verrà ignorato. [E:\repo\WinHubX\Project\WinHubX\WinHubX.csproj]
Forms\Base\FormMonitoraggio.resx : warning MSB3568: il nome di risorsa duplicato ">>label20.Type" non è consentito e verrà ignorato. [E:\repo\WinHubX\Project\WinHubX\WinHubX.csproj]
Forms\Base\FormMonitoraggio.resx : warning MSB3568: il nome di risorsa duplicato ">>label20.Parent" non è consentito e verrà ignorato. [E:\repo\WinHubX\Project\WinHubX\WinHubX.csproj]
Forms\Base\FormMonitoraggio.resx : warning MSB3568: il nome di risorsa duplicato ">>label20.ZOrder" non è consentito e verrà ignorato. [E:\repo\WinHubX\Project\WinHubX\WinHubX.csproj]
Forms\Base\FormMonitoraggio.resx : warning MSB3568: il nome di risorsa duplicato ">>label13.Name" non è consentito e verrà ignorato. [E:\repo\WinHubX\Project\WinHubX\WinHubX.csproj]
Forms\Base\FormMonitoraggio.resx : warning MSB3568: il nome di risorsa duplicato ">>label13.Type" non è consentito e verrà ignorato. [E:\repo\WinHubX\Project\WinHubX\WinHubX.csproj]
Forms\Base\FormMonitoraggio.resx : warning MSB3568: il nome di risorsa duplicato ">>label13.Parent" non è consentito e verrà ignorato. [E:\repo\WinHubX\Project\WinHubX\WinHubX.csproj]
Forms\Base\FormMonitoraggio.resx : warning MSB3568: il nome di risorsa duplicato ">>label13.ZOrder" non è consentito e verrà ignorato. [E:\repo\WinHubX\Project\WinHubX\WinHubX.csproj]
Forms\Base\FormMonitoraggio.resx : warning MSB3568: il nome di risorsa duplicato ">>labelReteUtilizzo.Name" non è consentito e verrà ignorato. [E:\repo\WinHubX\Project\WinHubX\WinHubX.csproj]
Forms\Base\FormMonitoraggio.resx : warning MSB3568: il nome di risorsa duplicato ">>labelReteUtilizzo.Type" non è consentito e verrà ignorato. [E:\repo\WinHubX\Project\WinHubX\WinHubX.csproj]
Forms\Base\FormMonitoraggio.resx : warning MSB3568: il nome di risorsa duplicato ">>labelReteUtilizzo.Parent" non è consentito e verrà ignorato. [E:\repo\WinHubX\Project\WinHubX\WinHubX.csproj]
Forms\Base\FormMonitoraggio.resx : warning MSB3568: il nome di risorsa duplicato ">>labelReteUtilizzo.ZOrder" non è consentito e verrà ignorato. [E:\repo\WinHubX\Project\WinHubX\WinHubX.csproj]
Forms\Base\FormMonitoraggio.resx : warning MSB3568: il nome di risorsa duplicato ">>progressbarRete.Name" non è consentito e verrà ignorato. [E:\repo\WinHubX\Project\WinHubX\WinHubX.csproj]
Forms\Base\FormMonitoraggio.resx : warning MSB3568: il nome di risorsa duplicato ">>progressbarRete.Type" non è consentito e verrà ignorato. [E:\repo\WinHubX\Project\WinHubX\WinHubX.csproj]
Forms\Base\FormMonitoraggio.resx : warning MSB3568: il nome di risorsa duplicato ">>progressbarRete.Parent" non è consentito e verrà ignorato. [E:\repo\WinHubX\Project\WinHubX\WinHubX.csproj]
Forms\Base\FormMonitoraggio.resx : warning MSB3568: il nome di risorsa duplicato ">>progressbarRete.ZOrder" non è consentito e verrà ignorato. [E:\repo\WinHubX\Project\WinHubX\WinHubX.csproj]
Forms\Base\FormMonitoraggio.resx : warning MSB3568: il nome di risorsa duplicato ">>lblDonwload.Name" non è consentito e verrà ignorato. [E:\repo\WinHubX\Project\WinHubX\WinHubX.csproj]
Forms\Base\FormMonitoraggio.resx : warning MSB3568: il nome di risorsa duplicato ">>lblDonwload.Type" non è consentito e verrà ignorato. [E:\repo\WinHubX\Project\WinHubX\WinHubX.csproj]
Forms\Base\FormMonitoraggio.resx : warning MSB3568: il nome di risorsa duplicato ">>lblDonwload.Parent" non è consentito e verrà ignorato. [E:\repo\WinHubX\Project\WinHubX\WinHubX.csproj]
Forms\Base\FormMonitoraggio.resx : warning MSB3568: il nome di risorsa duplicato ">>lblDonwload.ZOrder" non è consentito e verrà ignorato. [E:\repo\WinHubX\Project\WinHubX\WinHubX.csproj]
Forms\Base\FormMonitoraggio.resx : warning MSB3568: il nome di risorsa duplicato ">>lblUpload.Name" non è consentito e verrà ignorato. [E:\repo\WinHubX\Project\WinHubX\WinHubX.csproj]
Forms\Base\FormMonitoraggio.resx : warning MSB3568: il nome di risorsa duplicato ">>lblUpload.Type" non è consentito e verrà ignorato. [E:\repo\WinHubX\Project\WinHubX\WinHubX.csproj]
Forms\Base\FormMonitoraggio.resx : warning MSB3568: il nome di risorsa duplicato ">>lblUpload.Parent" non è consentito e verrà ignorato. [E:\repo\WinHubX\Project\WinHubX\WinHubX.csproj]
Forms\Base\FormMonitoraggio.resx : warning MSB3568: il nome di risorsa duplicato ">>lblUpload.ZOrder" non è consentito e verrà ignorato. [E:\repo\WinHubX\Project\WinHubX\WinHubX.csproj]
Forms\Base\FormMonitoraggio.resx : warning MSB3568: il nome di risorsa duplicato ">>labelVelocitaRete.Name" non è consentito e verrà ignorato. [E:\repo\WinHubX\Project\WinHubX\WinHubX.csproj]
Forms\Base\FormMonitoraggio.resx : warning MSB3568: il nome di risorsa duplicato ">>labelVelocitaRete.Type" non è consentito e verrà ignorato. [E:\repo\WinHubX\Project\WinHubX\WinHubX.csproj]
Forms\Base\FormMonitoraggio.resx : warning MSB3568: il nome di risorsa duplicato ">>labelVelocitaRete.Parent" non è consentito e verrà ignorato. [E:\repo\WinHubX\Project\WinHubX\WinHubX.csproj]
Forms\Base\FormMonitoraggio.resx : warning MSB3568: il nome di risorsa duplicato ">>labelVelocitaRete.ZOrder" non è consentito e verrà ignorato. [E:\repo\WinHubX\Project\WinHubX\WinHubX.csproj]
Forms\Base\FormMonitoraggio.resx : warning MSB3568: il nome di risorsa duplicato ">>label15.Name" non è consentito e verrà ignorato. [E:\repo\WinHubX\Project\WinHubX\WinHubX.csproj]
Forms\Base\FormMonitoraggio.resx : warning MSB3568: il nome di risorsa duplicato ">>label15.Type" non è consentito e verrà ignorato. [E:\repo\WinHubX\Project\WinHubX\WinHubX.csproj]
Forms\Base\FormMonitoraggio.resx : warning MSB3568: il nome di risorsa duplicato ">>label15.Parent" non è consentito e verrà ignorato. [E:\repo\WinHubX\Project\WinHubX\WinHubX.csproj]
Forms\Base\FormMonitoraggio.resx : warning MSB3568: il nome di risorsa duplicato ">>label15.ZOrder" non è consentito e verrà ignorato. [E:\repo\WinHubX\Project\WinHubX\WinHubX.csproj]
Forms\Base\FormSettaggi.resx : warning MSB3568: il nome di risorsa duplicato ">>cuiFileDropper1White.Name" non è consentito e verrà ignorato. [E:\repo\WinHubX\Project\WinHubX\WinHubX.csproj]
Forms\Base\FormSettaggi.resx : warning MSB3568: il nome di risorsa duplicato ">>cuiFileDropper1White.Type" non è consentito e verrà ignorato. [E:\repo\WinHubX\Project\WinHubX\WinHubX.csproj]
Forms\Base\FormSettaggi.resx : warning MSB3568: il nome di risorsa duplicato ">>cuiFileDropper1White.Parent" non è consentito e verrà ignorato. [E:\repo\WinHubX\Project\WinHubX\WinHubX.csproj]
Forms\Base\FormSettaggi.resx : warning MSB3568: il nome di risorsa duplicato ">>cuiFileDropper1White.ZOrder" non è consentito e verrà ignorato. [E:\repo\WinHubX\Project\WinHubX\WinHubX.csproj]
Forms\ImpostazioniApp\FormImpostazioniApp.resx : warning MSB3568: il nome di risorsa duplicato ">>pictureBox7.Name" non è consentito e verrà ignorato. [E:\repo\WinHubX\Project\WinHubX\WinHubX.csproj]
Forms\ImpostazioniApp\FormImpostazioniApp.resx : warning MSB3568: il nome di risorsa duplicato ">>pictureBox7.Type" non è consentito e verrà ignorato. [E:\repo\WinHubX\Project\WinHubX\WinHubX.csproj]
Forms\ImpostazioniApp\FormImpostazioniApp.resx : warning MSB3568: il nome di risorsa duplicato ">>pictureBox7.Parent" non è consentito e verrà ignorato. [E:\repo\WinHubX\Project\WinHubX\WinHubX.csproj]
Forms\ImpostazioniApp\FormImpostazioniApp.resx : warning MSB3568: il nome di risorsa duplicato ">>pictureBox7.ZOrder" non è consentito e verrà ignorato. [E:\repo\WinHubX\Project\WinHubX\WinHubX.csproj]
Forms\ImpostazioniApp\FormImpostazioniApp.resx : warning MSB3568: il nome di risorsa duplicato ">>pictureBox6.Name" non è consentito e verrà ignorato. [E:\repo\WinHubX\Project\WinHubX\WinHubX.csproj]
Forms\ImpostazioniApp\FormImpostazioniApp.resx : warning MSB3568: il nome di risorsa duplicato ">>pictureBox6.Type" non è consentito e verrà ignorato. [E:\repo\WinHubX\Project\WinHubX\WinHubX.csproj]
Forms\ImpostazioniApp\FormImpostazioniApp.resx : warning MSB3568: il nome di risorsa duplicato ">>pictureBox6.Parent" non è consentito e verrà ignorato. [E:\repo\WinHubX\Project\WinHubX\WinHubX.csproj]
Forms\ImpostazioniApp\FormImpostazioniApp.resx : warning MSB3568: il nome di risorsa duplicato ">>pictureBox6.ZOrder" non è consentito e verrà ignorato. [E:\repo\WinHubX\Project\WinHubX\WinHubX.csproj]
Forms\ImpostazioniApp\FormImpostazioniApp.resx : warning MSB3568: il nome di risorsa duplicato ">>pictureBox2.Name" non è consentito e verrà ignorato. [E:\repo\WinHubX\Project\WinHubX\WinHubX.csproj]
Forms\ImpostazioniApp\FormImpostazioniApp.resx : warning MSB3568: il nome di risorsa duplicato ">>pictureBox2.Type" non è consentito e verrà ignorato. [E:\repo\WinHubX\Project\WinHubX\WinHubX.csproj]
Forms\ImpostazioniApp\FormImpostazioniApp.resx : warning MSB3568: il nome di risorsa duplicato ">>pictureBox2.Parent" non è consentito e verrà ignorato. [E:\repo\WinHubX\Project\WinHubX\WinHubX.csproj]
Forms\ImpostazioniApp\FormImpostazioniApp.resx : warning MSB3568: il nome di risorsa duplicato ">>pictureBox2.ZOrder" non è consentito e verrà ignorato. [E:\repo\WinHubX\Project\WinHubX\WinHubX.csproj]
Forms\ImpostazioniApp\FormImpostazioniApp.resx : warning MSB3568: il nome di risorsa duplicato ">>label8.Name" non è consentito e verrà ignorato. [E:\repo\WinHubX\Project\WinHubX\WinHubX.csproj]
Forms\ImpostazioniApp\FormImpostazioniApp.resx : warning MSB3568: il nome di risorsa duplicato ">>label8.Type" non è consentito e verrà ignorato. [E:\repo\WinHubX\Project\WinHubX\WinHubX.csproj]
Forms\ImpostazioniApp\FormImpostazioniApp.resx : warning MSB3568: il nome di risorsa duplicato ">>label8.Parent" non è consentito e verrà ignorato. [E:\repo\WinHubX\Project\WinHubX\WinHubX.csproj]
Forms\ImpostazioniApp\FormImpostazioniApp.resx : warning MSB3568: il nome di risorsa duplicato ">>label8.ZOrder" non è consentito e verrà ignorato. [E:\repo\WinHubX\Project\WinHubX\WinHubX.csproj]
Forms\ImpostazioniApp\FormImpostazioniApp.resx : warning MSB3568: il nome di risorsa duplicato ">>pictureBox10.Name" non è consentito e verrà ignorato. [E:\repo\WinHubX\Project\WinHubX\WinHubX.csproj]
Forms\ImpostazioniApp\FormImpostazioniApp.resx : warning MSB3568: il nome di risorsa duplicato ">>pictureBox10.Type" non è consentito e verrà ignorato. [E:\repo\WinHubX\Project\WinHubX\WinHubX.csproj]
Forms\ImpostazioniApp\FormImpostazioniApp.resx : warning MSB3568: il nome di risorsa duplicato ">>pictureBox10.Parent" non è consentito e verrà ignorato. [E:\repo\WinHubX\Project\WinHubX\WinHubX.csproj]
Forms\ImpostazioniApp\FormImpostazioniApp.resx : warning MSB3568: il nome di risorsa duplicato ">>pictureBox10.ZOrder" non è consentito e verrà ignorato. [E:\repo\WinHubX\Project\WinHubX\WinHubX.csproj]
Forms\ImpostazioniApp\FormImpostazioniApp.resx : warning MSB3568: il nome di risorsa duplicato ">>pictureBox5.Name" non è consentito e verrà ignorato. [E:\repo\WinHubX\Project\WinHubX\WinHubX.csproj]
Forms\ImpostazioniApp\FormImpostazioniApp.resx : warning MSB3568: il nome di risorsa duplicato ">>pictureBox5.Type" non è consentito e verrà ignorato. [E:\repo\WinHubX\Project\WinHubX\WinHubX.csproj]
Forms\ImpostazioniApp\FormImpostazioniApp.resx : warning MSB3568: il nome di risorsa duplicato ">>pictureBox5.Parent" non è consentito e verrà ignorato. [E:\repo\WinHubX\Project\WinHubX\WinHubX.csproj]
Forms\ImpostazioniApp\FormImpostazioniApp.resx : warning MSB3568: il nome di risorsa duplicato ">>pictureBox5.ZOrder" non è consentito e verrà ignorato. [E:\repo\WinHubX\Project\WinHubX\WinHubX.csproj]
Forms\ImpostazioniApp\FormImpostazioniApp.resx : warning MSB3568: il nome di risorsa duplicato ">>pictureBox4.Name" non è consentito e verrà ignorato. [E:\repo\WinHubX\Project\WinHubX\WinHubX.csproj]
Forms\ImpostazioniApp\FormImpostazioniApp.resx : warning MSB3568: il nome di risorsa duplicato ">>pictureBox4.Type" non è consentito e verrà ignorato. [E:\repo\WinHubX\Project\WinHubX\WinHubX.csproj]
Forms\ImpostazioniApp\FormImpostazioniApp.resx : warning MSB3568: il nome di risorsa duplicato ">>pictureBox4.Parent" non è consentito e verrà ignorato. [E:\repo\WinHubX\Project\WinHubX\WinHubX.csproj]
Forms\ImpostazioniApp\FormImpostazioniApp.resx : warning MSB3568: il nome di risorsa duplicato ">>pictureBox4.ZOrder" non è consentito e verrà ignorato. [E:\repo\WinHubX\Project\WinHubX\WinHubX.csproj]
Forms\ImpostazioniApp\FormImpostazioniApp.resx : warning MSB3568: il nome di risorsa duplicato ">>pictureBox3.Name" non è consentito e verrà ignorato. [E:\repo\WinHubX\Project\WinHubX\WinHubX.csproj]
Forms\ImpostazioniApp\FormImpostazioniApp.resx : warning MSB3568: il nome di risorsa duplicato ">>pictureBox3.Type" non è consentito e verrà ignorato. [E:\repo\WinHubX\Project\WinHubX\WinHubX.csproj]
Forms\ImpostazioniApp\FormImpostazioniApp.resx : warning MSB3568: il nome di risorsa duplicato ">>pictureBox3.Parent" non è consentito e verrà ignorato. [E:\repo\WinHubX\Project\WinHubX\WinHubX.csproj]
Forms\ImpostazioniApp\FormImpostazioniApp.resx : warning MSB3568: il nome di risorsa duplicato ">>pictureBox3.ZOrder" non è consentito e verrà ignorato. [E:\repo\WinHubX\Project\WinHubX\WinHubX.csproj]
Forms\ImpostazioniApp\FormImpostazioniApp.resx : warning MSB3568: il nome di risorsa duplicato ">>radioButton_sistemalingua.Name" non è consentito e verrà ignorato. [E:\repo\WinHubX\Project\WinHubX\WinHubX.csproj]
Forms\ImpostazioniApp\FormImpostazioniApp.resx : warning MSB3568: il nome di risorsa duplicato ">>radioButton_sistemalingua.Type" non è consentito e verrà ignorato. [E:\repo\WinHubX\Project\WinHubX\WinHubX.csproj]
Forms\ImpostazioniApp\FormImpostazioniApp.resx : warning MSB3568: il nome di risorsa duplicato ">>radioButton_sistemalingua.Parent" non è consentito e verrà ignorato. [E:\repo\WinHubX\Project\WinHubX\WinHubX.csproj]
Forms\ImpostazioniApp\FormImpostazioniApp.resx : warning MSB3568: il nome di risorsa duplicato ">>radioButton_sistemalingua.ZOrder" non è consentito e verrà ignorato. [E:\repo\WinHubX\Project\WinHubX\WinHubX.csproj]
Forms\ImpostazioniApp\FormImpostazioniApp.resx : warning MSB3568: il nome di risorsa duplicato ">>radioButton_ingleselingua.Name" non è consentito e verrà ignorato. [E:\repo\WinHubX\Project\WinHubX\WinHubX.csproj]
Forms\ImpostazioniApp\FormImpostazioniApp.resx : warning MSB3568: il nome di risorsa duplicato ">>radioButton_ingleselingua.Type" non è consentito e verrà ignorato. [E:\repo\WinHubX\Project\WinHubX\WinHubX.csproj]
Forms\ImpostazioniApp\FormImpostazioniApp.resx : warning MSB3568: il nome di risorsa duplicato ">>radioButton_ingleselingua.Parent" non è consentito e verrà ignorato. [E:\repo\WinHubX\Project\WinHubX\WinHubX.csproj]
Forms\ImpostazioniApp\FormImpostazioniApp.resx : warning MSB3568: il nome di risorsa duplicato ">>radioButton_ingleselingua.ZOrder" non è consentito e verrà ignorato. [E:\repo\WinHubX\Project\WinHubX\WinHubX.csproj]
Forms\ImpostazioniApp\FormImpostazioniApp.resx : warning MSB3568: il nome di risorsa duplicato ">>label1.Name" non è consentito e verrà ignorato. [E:\repo\WinHubX\Project\WinHubX\WinHubX.csproj]
Forms\ImpostazioniApp\FormImpostazioniApp.resx : warning MSB3568: il nome di risorsa duplicato ">>label1.Type" non è consentito e verrà ignorato. [E:\repo\WinHubX\Project\WinHubX\WinHubX.csproj]
Forms\ImpostazioniApp\FormImpostazioniApp.resx : warning MSB3568: il nome di risorsa duplicato ">>label1.Parent" non è consentito e verrà ignorato. [E:\repo\WinHubX\Project\WinHubX\WinHubX.csproj]
Forms\ImpostazioniApp\FormImpostazioniApp.resx : warning MSB3568: il nome di risorsa duplicato ">>label1.ZOrder" non è consentito e verrà ignorato. [E:\repo\WinHubX\Project\WinHubX\WinHubX.csproj]
Forms\ImpostazioniApp\FormImpostazioniApp.resx : warning MSB3568: il nome di risorsa duplicato ">>radioButton_italianolinuga.Name" non è consentito e verrà ignorato. [E:\repo\WinHubX\Project\WinHubX\WinHubX.csproj]
Forms\ImpostazioniApp\FormImpostazioniApp.resx : warning MSB3568: il nome di risorsa duplicato ">>radioButton_italianolinuga.Type" non è consentito e verrà ignorato. [E:\repo\WinHubX\Project\WinHubX\WinHubX.csproj]
Forms\ImpostazioniApp\FormImpostazioniApp.resx : warning MSB3568: il nome di risorsa duplicato ">>radioButton_italianolinuga.Parent" non è consentito e verrà ignorato. [E:\repo\WinHubX\Project\WinHubX\WinHubX.csproj]
Forms\ImpostazioniApp\FormImpostazioniApp.resx : warning MSB3568: il nome di risorsa duplicato ">>radioButton_italianolinuga.ZOrder" non è consentito e verrà ignorato. [E:\repo\WinHubX\Project\WinHubX\WinHubX.csproj]
Forms\ImpostazioniApp\FormImpostazioniApp.resx : warning MSB3568: il nome di risorsa duplicato ">>pictureBox1.Name" non è consentito e verrà ignorato. [E:\repo\WinHubX\Project\WinHubX\WinHubX.csproj]
Forms\ImpostazioniApp\FormImpostazioniApp.resx : warning MSB3568: il nome di risorsa duplicato ">>pictureBox1.Type" non è consentito e verrà ignorato. [E:\repo\WinHubX\Project\WinHubX\WinHubX.csproj]
Forms\ImpostazioniApp\FormImpostazioniApp.resx : warning MSB3568: il nome di risorsa duplicato ">>pictureBox1.Parent" non è consentito e verrà ignorato. [E:\repo\WinHubX\Project\WinHubX\WinHubX.csproj]
Forms\ImpostazioniApp\FormImpostazioniApp.resx : warning MSB3568: il nome di risorsa duplicato ">>pictureBox1.ZOrder" non è consentito e verrà ignorato. [E:\repo\WinHubX\Project\WinHubX\WinHubX.csproj]
E:\repo\WinHubX\Project\WinHubX\Forms\Settaggi\FormUtility.cs(21,66): warning CS8622: Il supporto dei valori Null dei tipi riferimento nel tipo di parametro 'sender' di 'void FormUtility.checkedListBox1_MouseMove(object sender, MouseEventArgs e)' non corrisponde al delegato di destinazione 'MouseEventHandler', probabilmente a causa degli attributi del supporto dei valori Null. [E:\repo\WinHubX\Project\WinHubX\WinHubX.csproj]
E:\repo\WinHubX\Project\WinHubX\Forms\Settaggi\FormUtility.cs(22,63): warning CS8622: Il supporto dei valori Null dei tipi riferimento nel tipo di parametro 'sender' di 'void FormUtility.checkedListBox2_MouseMove(object sender, MouseEventArgs e)' non corrisponde al delegato di destinazione 'MouseEventHandler', probabilmente a causa degli attributi del supporto dei valori Null. [E:\repo\WinHubX\Project\WinHubX\WinHubX.csproj]
E:\repo\WinHubX\Project\WinHubX\Forms\CreaISO\FormCreaISO.cs(68,21): warning CS8602: Dereferenziamento di un possibile riferimento Null. [E:\repo\WinHubX\Project\WinHubX\WinHubX.csproj]
E:\repo\WinHubX\Project\WinHubX\Forms\Base\Form1.cs(38,37): warning CS8625: Non è possibile convertire il valore letterale Null in tipo riferimento che non ammette i valori Null. [E:\repo\WinHubX\Project\WinHubX\WinHubX.csproj]
E:\repo\WinHubX\Project\WinHubX\Forms\Base\Form1.cs(83,16): warning CS8618: L'elemento campo 'notifyIcon' non nullable deve contenere un valore non Null all'uscita dal costruttore. Prendere in considerazione l'aggiunta del modificatore 'required' o la dichiarazione di campo come nullable. [E:\repo\WinHubX\Project\WinHubX\WinHubX.csproj]
E:\repo\WinHubX\Project\WinHubX\Forms\Base\Form1.cs(83,16): warning CS8618: L'elemento campo 'trayIconContextMenu' non nullable deve contenere un valore non Null all'uscita dal costruttore. Prendere in considerazione l'aggiunta del modificatore 'required' o la dichiarazione di campo come nullable. [E:\repo\WinHubX\Project\WinHubX\WinHubX.csproj]
E:\repo\WinHubX\Project\WinHubX\Forms\Settaggi\FormUtility.cs(85,38): warning CS8600: Conversione del valore letterale Null o di un possibile valore Null in un tipo che non ammette i valori Null. [E:\repo\WinHubX\Project\WinHubX\WinHubX.csproj]
E:\repo\WinHubX\Project\WinHubX\Forms\Settaggi\FormUtility.cs(89,36): warning CS8600: Conversione del valore letterale Null o di un possibile valore Null in un tipo che non ammette i valori Null. [E:\repo\WinHubX\Project\WinHubX\WinHubX.csproj]
E:\repo\WinHubX\Project\WinHubX\Forms\Settaggi\FormUtility.cs(108,37): warning CS8600: Conversione del valore letterale Null o di un possibile valore Null in un tipo che non ammette i valori Null. [E:\repo\WinHubX\Project\WinHubX\WinHubX.csproj]
E:\repo\WinHubX\Project\WinHubX\Forms\Base\Form1.cs(181,32): warning CS8601: Possibile assegnazione di riferimento Null. [E:\repo\WinHubX\Project\WinHubX\WinHubX.csproj]
E:\repo\WinHubX\Project\WinHubX\Forms\Base\Form1.cs(185,32): warning CS8625: Non è possibile convertire il valore letterale Null in tipo riferimento che non ammette i valori Null. [E:\repo\WinHubX\Project\WinHubX\WinHubX.csproj]
E:\repo\WinHubX\Project\WinHubX\Forms\Settaggi\FormUtility.cs(280,37): warning CS8604: Possibile argomento di riferimento Null per il parametro 'value' in 'void RegistryKey.SetValue(string? name, object value, RegistryValueKind valueKind)'. [E:\repo\WinHubX\Project\WinHubX\WinHubX.csproj]
E:\repo\WinHubX\Project\WinHubX\Forms\Base\Form1.cs(224,38): warning CS8600: Conversione del valore letterale Null o di un possibile valore Null in un tipo che non ammette i valori Null. [E:\repo\WinHubX\Project\WinHubX\WinHubX.csproj]
E:\repo\WinHubX\Project\WinHubX\Forms\Base\Form1.cs(228,36): warning CS8600: Conversione del valore letterale Null o di un possibile valore Null in un tipo che non ammette i valori Null. [E:\repo\WinHubX\Project\WinHubX\WinHubX.csproj]
E:\repo\WinHubX\Project\WinHubX\Forms\Base\Form1.cs(266,42): warning CS8600: Conversione del valore letterale Null o di un possibile valore Null in un tipo che non ammette i valori Null. [E:\repo\WinHubX\Project\WinHubX\WinHubX.csproj]
E:\repo\WinHubX\Project\WinHubX\Forms\Base\Form1.cs(270,40): warning CS8600: Conversione del valore letterale Null o di un possibile valore Null in un tipo che non ammette i valori Null. [E:\repo\WinHubX\Project\WinHubX\WinHubX.csproj]
E:\repo\WinHubX\Project\WinHubX\Forms\CreaISO\FormCreaISO.cs(191,48): warning CS8600: Conversione del valore letterale Null o di un possibile valore Null in un tipo che non ammette i valori Null. [E:\repo\WinHubX\Project\WinHubX\WinHubX.csproj]
E:\repo\WinHubX\Project\WinHubX\Forms\CreaISO\FormCreaISO.cs(209,32): warning CS8625: Non è possibile convertire il valore letterale Null in tipo riferimento che non ammette i valori Null. [E:\repo\WinHubX\Project\WinHubX\WinHubX.csproj]
E:\repo\WinHubX\Project\WinHubX\Forms\Settaggi\FormUtility.cs(310,17): warning CS8602: Dereferenziamento di un possibile riferimento Null. [E:\repo\WinHubX\Project\WinHubX\WinHubX.csproj]
E:\repo\WinHubX\Project\WinHubX\Forms\Settaggi\FormUtility.cs(339,21): warning CS8602: Dereferenziamento di un possibile riferimento Null. [E:\repo\WinHubX\Project\WinHubX\WinHubX.csproj]
E:\repo\WinHubX\Project\WinHubX\Forms\Settaggi\FormUtility.cs(356,45): warning CS8600: Conversione del valore letterale Null o di un possibile valore Null in un tipo che non ammette i valori Null. [E:\repo\WinHubX\Project\WinHubX\WinHubX.csproj]
E:\repo\WinHubX\Project\WinHubX\Forms\CreaISO\FormCreazioneISO.cs(22,16): warning CS8618: L'elemento campo '_cancellationTokenSource' non nullable deve contenere un valore non Null all'uscita dal costruttore. Prendere in considerazione l'aggiunta del modificatore 'required' o la dichiarazione di campo come nullable. [E:\repo\WinHubX\Project\WinHubX\WinHubX.csproj]
E:\repo\WinHubX\Project\WinHubX\Forms\CreaISO\FormCreaISO.cs(301,40): warning CS8625: Non è possibile convertire il valore letterale Null in tipo riferimento che non ammette i valori Null. [E:\repo\WinHubX\Project\WinHubX\WinHubX.csproj]
E:\repo\WinHubX\Project\WinHubX\Forms\Base\Form1.cs(398,47): warning CS8625: Non è possibile convertire il valore letterale Null in tipo riferimento che non ammette i valori Null. [E:\repo\WinHubX\Project\WinHubX\WinHubX.csproj]
E:\repo\WinHubX\Project\WinHubX\Forms\Base\Form1.cs(399,40): warning CS8625: Non è possibile convertire il valore letterale Null in tipo riferimento che non ammette i valori Null. [E:\repo\WinHubX\Project\WinHubX\WinHubX.csproj]
E:\repo\WinHubX\Project\WinHubX\Forms\CreaISO\FormCreaISO.cs(349,20): warning CS8603: Possibile restituzione di riferimento Null. [E:\repo\WinHubX\Project\WinHubX\WinHubX.csproj]
E:\repo\WinHubX\Project\WinHubX\Forms\Base\FormHome.cs(340,38): warning CS8600: Conversione del valore letterale Null o di un possibile valore Null in un tipo che non ammette i valori Null. [E:\repo\WinHubX\Project\WinHubX\WinHubX.csproj]
E:\repo\WinHubX\Project\WinHubX\Forms\Base\Form1.cs(500,32): warning CS8625: Non è possibile convertire il valore letterale Null in tipo riferimento che non ammette i valori Null. [E:\repo\WinHubX\Project\WinHubX\WinHubX.csproj]
E:\repo\WinHubX\Project\WinHubX\Forms\Base\FormHome.cs(397,33): warning CS8602: Dereferenziamento di un possibile riferimento Null. [E:\repo\WinHubX\Project\WinHubX\WinHubX.csproj]
E:\repo\WinHubX\Project\WinHubX\Forms\Base\FormHome.cs(545,13): warning CS8601: Possibile assegnazione di riferimento Null. [E:\repo\WinHubX\Project\WinHubX\WinHubX.csproj]
E:\repo\WinHubX\Project\WinHubX\Forms\Base\FormHome.cs(546,13): warning CS8601: Possibile assegnazione di riferimento Null. [E:\repo\WinHubX\Project\WinHubX\WinHubX.csproj]
E:\repo\WinHubX\Project\WinHubX\Forms\Base\FormHome.cs(643,13): warning CS4014: Non è possibile attendere la chiamata, pertanto l'esecuzione del metodo corrente continuerà prima del completamento della chiamata. Provare ad applicare l'operatore 'await' al risultato della chiamata. [E:\repo\WinHubX\Project\WinHubX\WinHubX.csproj]
E:\repo\WinHubX\Project\WinHubX\Forms\DebloatAvanzato\FormServizi.cs(26,47): warning CS8600: Conversione del valore letterale Null o di un possibile valore Null in un tipo che non ammette i valori Null. [E:\repo\WinHubX\Project\WinHubX\WinHubX.csproj]
E:\repo\WinHubX\Project\WinHubX\Forms\DebloatAvanzato\FormServizi.cs(28,41): warning CS8602: Dereferenziamento di un possibile riferimento Null. [E:\repo\WinHubX\Project\WinHubX\WinHubX.csproj]
E:\repo\WinHubX\Project\WinHubX\Forms\CreaISO\FormCreazioneISO.cs(267,113): warning CS8604: Possibile argomento di riferimento Null per il parametro 'progress' in 'void FormCreazioneISO.ExtractDirectory(DiscDirectoryInfo directory, string targetPath, ref int extractedFiles, int totalFiles, IProgress<int> progress, CancellationToken token)'. [E:\repo\WinHubX\Project\WinHubX\WinHubX.csproj]
E:\repo\WinHubX\Project\WinHubX\Forms\DebloatAvanzato\FormServizi.cs(64,47): warning CS8600: Conversione del valore letterale Null o di un possibile valore Null in un tipo che non ammette i valori Null. [E:\repo\WinHubX\Project\WinHubX\WinHubX.csproj]
E:\repo\WinHubX\Project\WinHubX\Forms\DebloatAvanzato\FormServizi.cs(70,46): warning CS8600: Conversione del valore letterale Null o di un possibile valore Null in un tipo che non ammette i valori Null. [E:\repo\WinHubX\Project\WinHubX\WinHubX.csproj]
E:\repo\WinHubX\Project\WinHubX\Forms\DebloatAvanzato\FormServizi.cs(71,40): warning CS8602: Dereferenziamento di un possibile riferimento Null. [E:\repo\WinHubX\Project\WinHubX\WinHubX.csproj]
E:\repo\WinHubX\Project\WinHubX\Forms\DebloatAvanzato\FormServizi.cs(96,57): warning CS8602: Dereferenziamento di un possibile riferimento Null. [E:\repo\WinHubX\Project\WinHubX\WinHubX.csproj]
E:\repo\WinHubX\Project\WinHubX\Forms\DebloatAvanzato\AppItemControl.cs(14,16): warning CS8618: L'elemento proprietà 'NomeTecnico' non nullable deve contenere un valore non Null all'uscita dal costruttore. Prendere in considerazione l'aggiunta del modificatore 'required' o la dichiarazione di proprietà come nullable. [E:\repo\WinHubX\Project\WinHubX\WinHubX.csproj]
E:\repo\WinHubX\Project\WinHubX\Forms\Base\FormDebloat.cs(124,39): warning CS8601: Possibile assegnazione di riferimento Null. [E:\repo\WinHubX\Project\WinHubX\WinHubX.csproj]
E:\repo\WinHubX\Project\WinHubX\Forms\CreaISO\FormCreazioneISO.cs(499,47): warning CS8604: Possibile argomento di riferimento Null per il parametro 'path' in 'DirectoryInfo Directory.CreateDirectory(string path)'. [E:\repo\WinHubX\Project\WinHubX\WinHubX.csproj]
E:\repo\WinHubX\Project\WinHubX\Forms\CreaISO\FormCreazioneISO.cs(502,47): warning CS8604: Possibile argomento di riferimento Null per il parametro 'path' in 'DirectoryInfo Directory.CreateDirectory(string path)'. [E:\repo\WinHubX\Project\WinHubX\WinHubX.csproj]
E:\repo\WinHubX\Project\WinHubX\Forms\Base\FormSettaggi.cs(148,30): warning CS8600: Conversione del valore letterale Null o di un possibile valore Null in un tipo che non ammette i valori Null. [E:\repo\WinHubX\Project\WinHubX\WinHubX.csproj]
E:\repo\WinHubX\Project\WinHubX\Forms\Base\FormSettaggi.cs(153,43): warning CS8622: Il supporto dei valori Null dei tipi riferimento nel tipo di parametro 'sender' di 'void FormSettaggi.PictureBox3_Click_BackToTweaks(object sender, EventArgs e)' non corrisponde al delegato di destinazione 'EventHandler', probabilmente a causa degli attributi del supporto dei valori Null. [E:\repo\WinHubX\Project\WinHubX\WinHubX.csproj]
E:\repo\WinHubX\Project\WinHubX\Forms\Base\FormSettaggi.cs(154,43): warning CS8622: Il supporto dei valori Null dei tipi riferimento nel tipo di parametro 'sender' di 'void FormSettaggi.PictureBox3_Click_BackToTweaks(object sender, EventArgs e)' non corrisponde al delegato di destinazione 'EventHandler', probabilmente a causa degli attributi del supporto dei valori Null. [E:\repo\WinHubX\Project\WinHubX\WinHubX.csproj]
E:\repo\WinHubX\Project\WinHubX\Forms\Base\FormSettaggi.cs(158,25): warning CS8600: Conversione del valore letterale Null o di un possibile valore Null in un tipo che non ammette i valori Null. [E:\repo\WinHubX\Project\WinHubX\WinHubX.csproj]
E:\repo\WinHubX\Project\WinHubX\Forms\Base\FormSettaggi.cs(159,13): warning CS8602: Dereferenziamento di un possibile riferimento Null. [E:\repo\WinHubX\Project\WinHubX\WinHubX.csproj]
E:\repo\WinHubX\Project\WinHubX\Forms\Base\FormSettaggi.cs(168,30): warning CS8600: Conversione del valore letterale Null o di un possibile valore Null in un tipo che non ammette i valori Null. [E:\repo\WinHubX\Project\WinHubX\WinHubX.csproj]
E:\repo\WinHubX\Project\WinHubX\Forms\Base\FormDebloat.cs(360,44): warning CS8600: Conversione del valore letterale Null o di un possibile valore Null in un tipo che non ammette i valori Null. [E:\repo\WinHubX\Project\WinHubX\WinHubX.csproj]
E:\repo\WinHubX\Project\WinHubX\Forms\Base\FormSettaggi.cs(198,40): warning CS8600: Conversione del valore letterale Null o di un possibile valore Null in un tipo che non ammette i valori Null. [E:\repo\WinHubX\Project\WinHubX\WinHubX.csproj]
E:\repo\WinHubX\Project\WinHubX\Forms\Base\FormSettaggi.cs(211,36): warning CS8600: Conversione del valore letterale Null o di un possibile valore Null in un tipo che non ammette i valori Null. [E:\repo\WinHubX\Project\WinHubX\WinHubX.csproj]
E:\repo\WinHubX\Project\WinHubX\Forms\CreaISO\FormCreazioneISO.cs(829,47): warning CS8602: Dereferenziamento di un possibile riferimento Null. [E:\repo\WinHubX\Project\WinHubX\WinHubX.csproj]
E:\repo\WinHubX\Project\WinHubX\Forms\Base\FormDebloat.cs(481,54): warning CS4014: Non è possibile attendere la chiamata, pertanto l'esecuzione del metodo corrente continuerà prima del completamento della chiamata. Provare ad applicare l'operatore 'await' al risultato della chiamata. [E:\repo\WinHubX\Project\WinHubX\WinHubX.csproj]
E:\repo\WinHubX\Project\WinHubX\Forms\Base\FormDebloat.cs(493,20): warning CS8603: Possibile restituzione di riferimento Null. [E:\repo\WinHubX\Project\WinHubX\WinHubX.csproj]
E:\repo\WinHubX\Project\WinHubX\Forms\Settaggi\FormUtility.cs(384,48): warning CS8600: Conversione del valore letterale Null o di un possibile valore Null in un tipo che non ammette i valori Null. [E:\repo\WinHubX\Project\WinHubX\WinHubX.csproj]
E:\repo\WinHubX\Project\WinHubX\Forms\Settaggi\FormUtility.cs(388,48): warning CS8600: Conversione del valore letterale Null o di un possibile valore Null in un tipo che non ammette i valori Null. [E:\repo\WinHubX\Project\WinHubX\WinHubX.csproj]
E:\repo\WinHubX\Project\WinHubX\Forms\Settaggi\FormUtility.cs(392,50): warning CS8600: Conversione del valore letterale Null o di un possibile valore Null in un tipo che non ammette i valori Null. [E:\repo\WinHubX\Project\WinHubX\WinHubX.csproj]
E:\repo\WinHubX\Project\WinHubX\Forms\Settaggi\FormUtility.cs(400,65): warning CS8600: Conversione del valore letterale Null o di un possibile valore Null in un tipo che non ammette i valori Null. [E:\repo\WinHubX\Project\WinHubX\WinHubX.csproj]
E:\repo\WinHubX\Project\WinHubX\Forms\Settaggi\FormUtility.cs(426,48): warning CS8600: Conversione del valore letterale Null o di un possibile valore Null in un tipo che non ammette i valori Null. [E:\repo\WinHubX\Project\WinHubX\WinHubX.csproj]
E:\repo\WinHubX\Project\WinHubX\Forms\Settaggi\FormUtility.cs(430,48): warning CS8600: Conversione del valore letterale Null o di un possibile valore Null in un tipo che non ammette i valori Null. [E:\repo\WinHubX\Project\WinHubX\WinHubX.csproj]
E:\repo\WinHubX\Project\WinHubX\Forms\Settaggi\FormUtility.cs(434,50): warning CS8600: Conversione del valore letterale Null o di un possibile valore Null in un tipo che non ammette i valori Null. [E:\repo\WinHubX\Project\WinHubX\WinHubX.csproj]
E:\repo\WinHubX\Project\WinHubX\Forms\Settaggi\FormUtility.cs(438,50): warning CS8600: Conversione del valore letterale Null o di un possibile valore Null in un tipo che non ammette i valori Null. [E:\repo\WinHubX\Project\WinHubX\WinHubX.csproj]
E:\repo\WinHubX\Project\WinHubX\Forms\Settaggi\FormUtility.cs(461,48): warning CS8600: Conversione del valore letterale Null o di un possibile valore Null in un tipo che non ammette i valori Null. [E:\repo\WinHubX\Project\WinHubX\WinHubX.csproj]
E:\repo\WinHubX\Project\WinHubX\Forms\Settaggi\FormUtility.cs(466,48): warning CS8600: Conversione del valore letterale Null o di un possibile valore Null in un tipo che non ammette i valori Null. [E:\repo\WinHubX\Project\WinHubX\WinHubX.csproj]
E:\repo\WinHubX\Project\WinHubX\Forms\Settaggi\FormUtility.cs(487,54): warning CS8600: Conversione del valore letterale Null o di un possibile valore Null in un tipo che non ammette i valori Null. [E:\repo\WinHubX\Project\WinHubX\WinHubX.csproj]
E:\repo\WinHubX\Project\WinHubX\Forms\Settaggi\FormUtility.cs(492,54): warning CS8600: Conversione del valore letterale Null o di un possibile valore Null in un tipo che non ammette i valori Null. [E:\repo\WinHubX\Project\WinHubX\WinHubX.csproj]
E:\repo\WinHubX\Project\WinHubX\Forms\Settaggi\FormUtility.cs(496,52): warning CS8600: Conversione del valore letterale Null o di un possibile valore Null in un tipo che non ammette i valori Null. [E:\repo\WinHubX\Project\WinHubX\WinHubX.csproj]
E:\repo\WinHubX\Project\WinHubX\Forms\Settaggi\FormUtility.cs(501,52): warning CS8600: Conversione del valore letterale Null o di un possibile valore Null in un tipo che non ammette i valori Null. [E:\repo\WinHubX\Project\WinHubX\WinHubX.csproj]
E:\repo\WinHubX\Project\WinHubX\Forms\Settaggi\FormUtility.cs(522,61): warning CS8600: Conversione del valore letterale Null o di un possibile valore Null in un tipo che non ammette i valori Null. [E:\repo\WinHubX\Project\WinHubX\WinHubX.csproj]
E:\repo\WinHubX\Project\WinHubX\Forms\Settaggi\FormUtility.cs(527,61): warning CS8600: Conversione del valore letterale Null o di un possibile valore Null in un tipo che non ammette i valori Null. [E:\repo\WinHubX\Project\WinHubX\WinHubX.csproj]
E:\repo\WinHubX\Project\WinHubX\Forms\Settaggi\FormUtility.cs(531,56): warning CS8600: Conversione del valore letterale Null o di un possibile valore Null in un tipo che non ammette i valori Null. [E:\repo\WinHubX\Project\WinHubX\WinHubX.csproj]
E:\repo\WinHubX\Project\WinHubX\Forms\Settaggi\FormUtility.cs(536,56): warning CS8600: Conversione del valore letterale Null o di un possibile valore Null in un tipo che non ammette i valori Null. [E:\repo\WinHubX\Project\WinHubX\WinHubX.csproj]
E:\repo\WinHubX\Project\WinHubX\Forms\Settaggi\FormUtility.cs(559,48): warning CS8600: Conversione del valore letterale Null o di un possibile valore Null in un tipo che non ammette i valori Null. [E:\repo\WinHubX\Project\WinHubX\WinHubX.csproj]
E:\repo\WinHubX\Project\WinHubX\Forms\Settaggi\FormUtility.cs(563,48): warning CS8600: Conversione del valore letterale Null o di un possibile valore Null in un tipo che non ammette i valori Null. [E:\repo\WinHubX\Project\WinHubX\WinHubX.csproj]
E:\repo\WinHubX\Project\WinHubX\Forms\Settaggi\FormUtility.cs(591,21): warning CS8602: Dereferenziamento di un possibile riferimento Null. [E:\repo\WinHubX\Project\WinHubX\WinHubX.csproj]
E:\repo\WinHubX\Project\WinHubX\Forms\Settaggi\FormUtility.cs(656,25): warning CS8602: Dereferenziamento di un possibile riferimento Null. [E:\repo\WinHubX\Project\WinHubX\WinHubX.csproj]
E:\repo\WinHubX\Project\WinHubX\Forms\Settaggi\FormUtility.cs(798,66): warning CS8600: Conversione del valore letterale Null o di un possibile valore Null in un tipo che non ammette i valori Null. [E:\repo\WinHubX\Project\WinHubX\WinHubX.csproj]
E:\repo\WinHubX\Project\WinHubX\Forms\Settaggi\FormUtility.cs(1043,48): warning CS8600: Conversione del valore letterale Null o di un possibile valore Null in un tipo che non ammette i valori Null. [E:\repo\WinHubX\Project\WinHubX\WinHubX.csproj]
E:\repo\WinHubX\Project\WinHubX\Forms\Settaggi\FormUtility.cs(1058,48): warning CS8600: Conversione del valore letterale Null o di un possibile valore Null in un tipo che non ammette i valori Null. [E:\repo\WinHubX\Project\WinHubX\WinHubX.csproj]
E:\repo\WinHubX\Project\WinHubX\Forms\Settaggi\FormUtility.cs(1202,62): warning CS8600: Conversione del valore letterale Null o di un possibile valore Null in un tipo che non ammette i valori Null. [E:\repo\WinHubX\Project\WinHubX\WinHubX.csproj]
E:\repo\WinHubX\Project\WinHubX\Forms\Settaggi\FormUtility.cs(1203,62): warning CS8600: Conversione del valore letterale Null o di un possibile valore Null in un tipo che non ammette i valori Null. [E:\repo\WinHubX\Project\WinHubX\WinHubX.csproj]
E:\repo\WinHubX\Project\WinHubX\Forms\Settaggi\FormUtility.cs(1235,53): warning CS8600: Conversione del valore letterale Null o di un possibile valore Null in un tipo che non ammette i valori Null. [E:\repo\WinHubX\Project\WinHubX\WinHubX.csproj]
E:\repo\WinHubX\Project\WinHubX\Forms\Settaggi\FormUtility.cs(1243,62): warning CS8600: Conversione del valore letterale Null o di un possibile valore Null in un tipo che non ammette i valori Null. [E:\repo\WinHubX\Project\WinHubX\WinHubX.csproj]
E:\repo\WinHubX\Project\WinHubX\Forms\Settaggi\FormUtility.cs(1270,59): warning CS8600: Conversione del valore letterale Null o di un possibile valore Null in un tipo che non ammette i valori Null. [E:\repo\WinHubX\Project\WinHubX\WinHubX.csproj]
E:\repo\WinHubX\Project\WinHubX\Forms\Settaggi\FormUtility.cs(1281,59): warning CS8600: Conversione del valore letterale Null o di un possibile valore Null in un tipo che non ammette i valori Null. [E:\repo\WinHubX\Project\WinHubX\WinHubX.csproj]
E:\repo\WinHubX\Project\WinHubX\Forms\Settaggi\FormUtility.cs(1309,54): warning CS8600: Conversione del valore letterale Null o di un possibile valore Null in un tipo che non ammette i valori Null. [E:\repo\WinHubX\Project\WinHubX\WinHubX.csproj]
E:\repo\WinHubX\Project\WinHubX\Forms\Settaggi\FormUtility.cs(1314,52): warning CS8600: Conversione del valore letterale Null o di un possibile valore Null in un tipo che non ammette i valori Null. [E:\repo\WinHubX\Project\WinHubX\WinHubX.csproj]
E:\repo\WinHubX\Project\WinHubX\Forms\Settaggi\FormUtility.cs(1318,54): warning CS8600: Conversione del valore letterale Null o di un possibile valore Null in un tipo che non ammette i valori Null. [E:\repo\WinHubX\Project\WinHubX\WinHubX.csproj]
E:\repo\WinHubX\Project\WinHubX\Forms\Settaggi\FormUtility.cs(1324,52): warning CS8600: Conversione del valore letterale Null o di un possibile valore Null in un tipo che non ammette i valori Null. [E:\repo\WinHubX\Project\WinHubX\WinHubX.csproj]
E:\repo\WinHubX\Project\WinHubX\Forms\Settaggi\FormUtility.cs(1398,21): warning CS8602: Dereferenziamento di un possibile riferimento Null. [E:\repo\WinHubX\Project\WinHubX\WinHubX.csproj]
E:\repo\WinHubX\Project\WinHubX\Forms\Settaggi\FormUtility.cs(1463,25): warning CS8602: Dereferenziamento di un possibile riferimento Null. [E:\repo\WinHubX\Project\WinHubX\WinHubX.csproj]
E:\repo\WinHubX\Project\WinHubX\Forms\Settaggi\FormUtility.cs(1498,25): warning CS8602: Dereferenziamento di un possibile riferimento Null. [E:\repo\WinHubX\Project\WinHubX\WinHubX.csproj]
E:\repo\WinHubX\Project\WinHubX\Forms\Settaggi\FormUtility.cs(1595,62): warning CS8600: Conversione del valore letterale Null o di un possibile valore Null in un tipo che non ammette i valori Null. [E:\repo\WinHubX\Project\WinHubX\WinHubX.csproj]
E:\repo\WinHubX\Project\WinHubX\Forms\Base\FormWin.cs(19,16): warning CS8618: L'elemento campo 'selectedOS' non nullable deve contenere un valore non Null all'uscita dal costruttore. Prendere in considerazione l'aggiunta del modificatore 'required' o la dichiarazione di campo come nullable. [E:\repo\WinHubX\Project\WinHubX\WinHubX.csproj]
E:\repo\WinHubX\Project\WinHubX\Forms\Base\FormWin.cs(19,16): warning CS8618: L'elemento campo 'selectedVersion' non nullable deve contenere un valore non Null all'uscita dal costruttore. Prendere in considerazione l'aggiunta del modificatore 'required' o la dichiarazione di campo come nullable. [E:\repo\WinHubX\Project\WinHubX\WinHubX.csproj]
E:\repo\WinHubX\Project\WinHubX\Forms\Base\FormWin.cs(19,16): warning CS8618: L'elemento campo 'selectedLanguage' non nullable deve contenere un valore non Null all'uscita dal costruttore. Prendere in considerazione l'aggiunta del modificatore 'required' o la dichiarazione di campo come nullable. [E:\repo\WinHubX\Project\WinHubX\WinHubX.csproj]
E:\repo\WinHubX\Project\WinHubX\Forms\Settaggi\FormUtility.cs(1666,35): warning CS8600: Conversione del valore letterale Null o di un possibile valore Null in un tipo che non ammette i valori Null. [E:\repo\WinHubX\Project\WinHubX\WinHubX.csproj]
E:\repo\WinHubX\Project\WinHubX\Forms\Settaggi\FormUtility.cs(1667,41): warning CS8602: Dereferenziamento di un possibile riferimento Null. [E:\repo\WinHubX\Project\WinHubX\WinHubX.csproj]
E:\repo\WinHubX\Project\WinHubX\Forms\Settaggi\FormUtility.cs(1672,52): warning CS8622: Il supporto dei valori Null dei tipi riferimento nel tipo di parametro 'sender' di 'void FormUtility.DisabilitaUtility_ItemCheck(object sender, ItemCheckEventArgs e)' non corrisponde al delegato di destinazione 'ItemCheckEventHandler', probabilmente a causa degli attributi del supporto dei valori Null. [E:\repo\WinHubX\Project\WinHubX\WinHubX.csproj]
E:\repo\WinHubX\Project\WinHubX\Forms\Settaggi\FormUtility.cs(1674,52): warning CS8622: Il supporto dei valori Null dei tipi riferimento nel tipo di parametro 'sender' di 'void FormUtility.DisabilitaUtility_ItemCheck(object sender, ItemCheckEventArgs e)' non corrisponde al delegato di destinazione 'ItemCheckEventHandler', probabilmente a causa degli attributi del supporto dei valori Null. [E:\repo\WinHubX\Project\WinHubX\WinHubX.csproj]
E:\repo\WinHubX\Project\WinHubX\Forms\Settaggi\FormUtility.cs(1683,35): warning CS8600: Conversione del valore letterale Null o di un possibile valore Null in un tipo che non ammette i valori Null. [E:\repo\WinHubX\Project\WinHubX\WinHubX.csproj]
E:\repo\WinHubX\Project\WinHubX\Forms\Settaggi\FormUtility.cs(1684,38): warning CS8602: Dereferenziamento di un possibile riferimento Null. [E:\repo\WinHubX\Project\WinHubX\WinHubX.csproj]
E:\repo\WinHubX\Project\WinHubX\Forms\Settaggi\FormUtility.cs(1689,49): warning CS8622: Il supporto dei valori Null dei tipi riferimento nel tipo di parametro 'sender' di 'void FormUtility.AbilitaUtility_ItemCheck(object sender, ItemCheckEventArgs e)' non corrisponde al delegato di destinazione 'ItemCheckEventHandler', probabilmente a causa degli attributi del supporto dei valori Null. [E:\repo\WinHubX\Project\WinHubX\WinHubX.csproj]
E:\repo\WinHubX\Project\WinHubX\Forms\Settaggi\FormUtility.cs(1691,49): warning CS8622: Il supporto dei valori Null dei tipi riferimento nel tipo di parametro 'sender' di 'void FormUtility.AbilitaUtility_ItemCheck(object sender, ItemCheckEventArgs e)' non corrisponde al delegato di destinazione 'ItemCheckEventHandler', probabilmente a causa degli attributi del supporto dei valori Null. [E:\repo\WinHubX\Project\WinHubX\WinHubX.csproj]
E:\repo\WinHubX\Project\WinHubX\Forms\Base\FormWin.cs(48,13): warning SYSLIB0014: 'ServicePointManager' è obsoleto: 'WebRequest, HttpWebRequest, ServicePoint, and WebClient are obsolete. Use HttpClient instead. Settings on ServicePointManager no longer affect SslStream or HttpClient.' (https://aka.ms/dotnet-warnings/SYSLIB0014) [E:\repo\WinHubX\Project\WinHubX\WinHubX.csproj]
E:\repo\WinHubX\Project\WinHubX\Forms\Base\FormOffice.cs(24,16): warning CS8618: L'elemento campo 'officeVersions' non nullable deve contenere un valore non Null all'uscita dal costruttore. Prendere in considerazione l'aggiunta del modificatore 'required' o la dichiarazione di campo come nullable. [E:\repo\WinHubX\Project\WinHubX\WinHubX.csproj]
E:\repo\WinHubX\Project\WinHubX\Forms\Base\FormOffice.cs(24,16): warning CS8618: L'elemento campo 'selectedOfficeVersion' non nullable deve contenere un valore non Null all'uscita dal costruttore. Prendere in considerazione l'aggiunta del modificatore 'required' o la dichiarazione di campo come nullable. [E:\repo\WinHubX\Project\WinHubX\WinHubX.csproj]
E:\repo\WinHubX\Project\WinHubX\Forms\Base\FormOffice.cs(24,16): warning CS8618: L'elemento campo 'selectedLanguage' non nullable deve contenere un valore non Null all'uscita dal costruttore. Prendere in considerazione l'aggiunta del modificatore 'required' o la dichiarazione di campo come nullable. [E:\repo\WinHubX\Project\WinHubX\WinHubX.csproj]
E:\repo\WinHubX\Project\WinHubX\Forms\Base\FormOffice.cs(24,16): warning CS8618: L'elemento campo 'selectedInstallationType' non nullable deve contenere un valore non Null all'uscita dal costruttore. Prendere in considerazione l'aggiunta del modificatore 'required' o la dichiarazione di campo come nullable. [E:\repo\WinHubX\Project\WinHubX\WinHubX.csproj]
E:\repo\WinHubX\Project\WinHubX\Forms\Base\FormOffice.cs(24,16): warning CS8618: L'elemento campo '_cts' non nullable deve contenere un valore non Null all'uscita dal costruttore. Prendere in considerazione l'aggiunta del modificatore 'required' o la dichiarazione di campo come nullable. [E:\repo\WinHubX\Project\WinHubX\WinHubX.csproj]
E:\repo\WinHubX\Project\WinHubX\Forms\Base\FormOffice.cs(98,13): warning SYSLIB0014: 'ServicePointManager' è obsoleto: 'WebRequest, HttpWebRequest, ServicePoint, and WebClient are obsolete. Use HttpClient instead. Settings on ServicePointManager no longer affect SslStream or HttpClient.' (https://aka.ms/dotnet-warnings/SYSLIB0014) [E:\repo\WinHubX\Project\WinHubX\WinHubX.csproj]
E:\repo\WinHubX\Project\WinHubX\Forms\Base\FormOffice.cs(110,42): warning CS8602: Dereferenziamento di un possibile riferimento Null. [E:\repo\WinHubX\Project\WinHubX\WinHubX.csproj]
E:\repo\WinHubX\Project\WinHubX\Forms\Base\FormOffice.cs(110,42): warning CS8600: Conversione del valore letterale Null o di un possibile valore Null in un tipo che non ammette i valori Null. [E:\repo\WinHubX\Project\WinHubX\WinHubX.csproj]
E:\repo\WinHubX\Project\WinHubX\Forms\Base\FormOffice.cs(120,48): warning CS8604: Possibile argomento di riferimento Null per il parametro 'url' in 'Task FormOffice.ExecuteScriptFromUrl(string url)'. [E:\repo\WinHubX\Project\WinHubX\WinHubX.csproj]
E:\repo\WinHubX\Project\WinHubX\Forms\Base\FormOffice.cs(240,24): warning CS8602: Dereferenziamento di un possibile riferimento Null. [E:\repo\WinHubX\Project\WinHubX\WinHubX.csproj]
E:\repo\WinHubX\Project\WinHubX\Forms\Base\FormOffice.cs(240,24): warning CS8602: Dereferenziamento di un possibile riferimento Null. [E:\repo\WinHubX\Project\WinHubX\WinHubX.csproj]
E:\repo\WinHubX\Project\WinHubX\Forms\Base\FormWin.cs(263,17): warning SYSLIB0014: 'ServicePointManager' è obsoleto: 'WebRequest, HttpWebRequest, ServicePoint, and WebClient are obsolete. Use HttpClient instead. Settings on ServicePointManager no longer affect SslStream or HttpClient.' (https://aka.ms/dotnet-warnings/SYSLIB0014) [E:\repo\WinHubX\Project\WinHubX\WinHubX.csproj]
E:\repo\WinHubX\Project\WinHubX\Forms\Base\FormWin.cs(299,30): warning CS8600: Conversione del valore letterale Null o di un possibile valore Null in un tipo che non ammette i valori Null. [E:\repo\WinHubX\Project\WinHubX\WinHubX.csproj]
E:\repo\WinHubX\Project\WinHubX\Forms\CreaISO\FormCreazioneISO.cs(920,43): warning CS8600: Conversione del valore letterale Null o di un possibile valore Null in un tipo che non ammette i valori Null. [E:\repo\WinHubX\Project\WinHubX\WinHubX.csproj]
E:\repo\WinHubX\Project\WinHubX\Forms\CreaISO\FormCreazioneISO.cs(954,55): warning CS8600: Conversione del valore letterale Null o di un possibile valore Null in un tipo che non ammette i valori Null. [E:\repo\WinHubX\Project\WinHubX\WinHubX.csproj]
E:\repo\WinHubX\Project\WinHubX\Forms\CreaISO\FormCreazioneISO.cs(978,59): warning CS8602: Dereferenziamento di un possibile riferimento Null. [E:\repo\WinHubX\Project\WinHubX\WinHubX.csproj]
E:\repo\WinHubX\Project\WinHubX\Forms\CreaISO\FormCreazioneISO.cs(1005,55): warning CS8602: Dereferenziamento di un possibile riferimento Null. [E:\repo\WinHubX\Project\WinHubX\WinHubX.csproj]
E:\repo\WinHubX\Project\WinHubX\Forms\CreaISO\FormCreazioneISO.cs(1026,59): warning CS8602: Dereferenziamento di un possibile riferimento Null. [E:\repo\WinHubX\Project\WinHubX\WinHubX.csproj]
E:\repo\WinHubX\Project\WinHubX\Forms\Base\FormMonitoraggio.cs(42,16): warning CS8618: L'elemento campo 'networkInterfaces' non nullable deve contenere un valore non Null all'uscita dal costruttore. Prendere in considerazione l'aggiunta del modificatore 'required' o la dichiarazione di campo come nullable. [E:\repo\WinHubX\Project\WinHubX\WinHubX.csproj]
E:\repo\WinHubX\Project\WinHubX\Forms\Base\FormMonitoraggio.cs(42,16): warning CS8618: L'elemento campo '_computer' non nullable deve contenere un valore non Null all'uscita dal costruttore. Prendere in considerazione l'aggiunta del modificatore 'required' o la dichiarazione di campo come nullable. [E:\repo\WinHubX\Project\WinHubX\WinHubX.csproj]
E:\repo\WinHubX\Project\WinHubX\Forms\Base\FormMonitoraggio.cs(42,16): warning CS8618: L'elemento campo '_monitoringTimer' non nullable deve contenere un valore non Null all'uscita dal costruttore. Prendere in considerazione l'aggiunta del modificatore 'required' o la dichiarazione di campo come nullable. [E:\repo\WinHubX\Project\WinHubX\WinHubX.csproj]
E:\repo\WinHubX\Project\WinHubX\Forms\Base\FormMonitoraggio.cs(42,16): warning CS8618: L'elemento campo '_tempMonitorTimer' non nullable deve contenere un valore non Null all'uscita dal costruttore. Prendere in considerazione l'aggiunta del modificatore 'required' o la dichiarazione di campo come nullable. [E:\repo\WinHubX\Project\WinHubX\WinHubX.csproj]
E:\repo\WinHubX\Project\WinHubX\Forms\Base\FormMonitoraggio.cs(42,16): warning CS8618: L'elemento campo '_cpuCounter' non nullable deve contenere un valore non Null all'uscita dal costruttore. Prendere in considerazione l'aggiunta del modificatore 'required' o la dichiarazione di campo come nullable. [E:\repo\WinHubX\Project\WinHubX\WinHubX.csproj]
E:\repo\WinHubX\Project\WinHubX\Forms\Base\FormMonitoraggio.cs(42,16): warning CS8618: L'elemento campo '_notifyIcon' non nullable deve contenere un valore non Null all'uscita dal costruttore. Prendere in considerazione l'aggiunta del modificatore 'required' o la dichiarazione di campo come nullable. [E:\repo\WinHubX\Project\WinHubX\WinHubX.csproj]
E:\repo\WinHubX\Project\WinHubX\Forms\Base\FormMonitoraggio.cs(100,38): warning CS8622: Il supporto dei valori Null dei tipi riferimento nel tipo di parametro 'sender' di 'void FormMonitoraggio.MonitoringTimer_Tick(object sender, EventArgs e)' non corrisponde al delegato di destinazione 'EventHandler', probabilmente a causa degli attributi del supporto dei valori Null. [E:\repo\WinHubX\Project\WinHubX\WinHubX.csproj]
E:\repo\WinHubX\Project\WinHubX\Forms\Base\FormMonitoraggio.cs(104,39): warning CS8622: Il supporto dei valori Null dei tipi riferimento nel tipo di parametro 'sender' di 'void FormMonitoraggio.TempMonitorTimer_Tick(object sender, EventArgs e)' non corrisponde al delegato di destinazione 'EventHandler', probabilmente a causa degli attributi del supporto dei valori Null. [E:\repo\WinHubX\Project\WinHubX\WinHubX.csproj]
E:\repo\WinHubX\Project\WinHubX\Forms\Base\FormOffice.cs(343,30): warning CS8600: Conversione del valore letterale Null o di un possibile valore Null in un tipo che non ammette i valori Null. [E:\repo\WinHubX\Project\WinHubX\WinHubX.csproj]
E:\repo\WinHubX\Project\WinHubX\Forms\Settaggi\FormUpdate.cs(22,65): warning CS8622: Il supporto dei valori Null dei tipi riferimento nel tipo di parametro 'sender' di 'void FormUpdate.checkedListBox1_MouseMove(object sender, MouseEventArgs e)' non corrisponde al delegato di destinazione 'MouseEventHandler', probabilmente a causa degli attributi del supporto dei valori Null. [E:\repo\WinHubX\Project\WinHubX\WinHubX.csproj]
E:\repo\WinHubX\Project\WinHubX\Forms\Settaggi\FormUpdate.cs(23,62): warning CS8622: Il supporto dei valori Null dei tipi riferimento nel tipo di parametro 'sender' di 'void FormUpdate.checkedListBox2_MouseMove(object sender, MouseEventArgs e)' non corrisponde al delegato di destinazione 'MouseEventHandler', probabilmente a causa degli attributi del supporto dei valori Null. [E:\repo\WinHubX\Project\WinHubX\WinHubX.csproj]
E:\repo\WinHubX\Project\WinHubX\Forms\Base\FormMonitoraggio.cs(129,47): warning CS8604: Possibile argomento di riferimento Null per il parametro 'path' in 'DirectoryInfo Directory.CreateDirectory(string path)'. [E:\repo\WinHubX\Project\WinHubX\WinHubX.csproj]
E:\repo\WinHubX\Project\WinHubX\Forms\Base\FormMonitoraggio.cs(135,41): warning CS8602: Dereferenziamento di un possibile riferimento Null. [E:\repo\WinHubX\Project\WinHubX\WinHubX.csproj]
E:\repo\WinHubX\Project\WinHubX\Forms\Settaggi\FormUpdate.cs(113,38): warning CS8600: Conversione del valore letterale Null o di un possibile valore Null in un tipo che non ammette i valori Null. [E:\repo\WinHubX\Project\WinHubX\WinHubX.csproj]
E:\repo\WinHubX\Project\WinHubX\Forms\Settaggi\FormUpdate.cs(117,36): warning CS8600: Conversione del valore letterale Null o di un possibile valore Null in un tipo che non ammette i valori Null. [E:\repo\WinHubX\Project\WinHubX\WinHubX.csproj]
E:\repo\WinHubX\Project\WinHubX\Forms\CreaISO\FormCreazioneISO.cs(1069,64): warning CS8600: Conversione del valore letterale Null o di un possibile valore Null in un tipo che non ammette i valori Null. [E:\repo\WinHubX\Project\WinHubX\WinHubX.csproj]
E:\repo\WinHubX\Project\WinHubX\Forms\CreaISO\FormCreazioneISO.cs(1122,43): warning CS8600: Conversione del valore letterale Null o di un possibile valore Null in un tipo che non ammette i valori Null. [E:\repo\WinHubX\Project\WinHubX\WinHubX.csproj]
E:\repo\WinHubX\Project\WinHubX\Forms\CreaISO\FormCreazioneISO.cs(1124,59): warning CS8604: Possibile argomento di riferimento Null per il parametro 'path' in 'DirectoryInfo Directory.CreateDirectory(string path)'. [E:\repo\WinHubX\Project\WinHubX\WinHubX.csproj]
E:\repo\WinHubX\Project\WinHubX\Forms\Base\FormOffice.cs(378,42): warning CS8602: Dereferenziamento di un possibile riferimento Null. [E:\repo\WinHubX\Project\WinHubX\WinHubX.csproj]
E:\repo\WinHubX\Project\WinHubX\Forms\Base\FormOffice.cs(403,37): warning CS8601: Possibile assegnazione di riferimento Null. [E:\repo\WinHubX\Project\WinHubX\WinHubX.csproj]
E:\repo\WinHubX\Project\WinHubX\Forms\Base\FormOffice.cs(419,32): warning CS8601: Possibile assegnazione di riferimento Null. [E:\repo\WinHubX\Project\WinHubX\WinHubX.csproj]
E:\repo\WinHubX\Project\WinHubX\Forms\Settaggi\FormUpdate.cs(223,17): warning CS8602: Dereferenziamento di un possibile riferimento Null. [E:\repo\WinHubX\Project\WinHubX\WinHubX.csproj]
E:\repo\WinHubX\Project\WinHubX\Forms\Base\FormOffice.cs(435,37): warning CS8601: Possibile assegnazione di riferimento Null. [E:\repo\WinHubX\Project\WinHubX\WinHubX.csproj]
E:\repo\WinHubX\Project\WinHubX\Forms\Base\FormOffice.cs(457,35): warning CS8600: Conversione del valore letterale Null o di un possibile valore Null in un tipo che non ammette i valori Null. [E:\repo\WinHubX\Project\WinHubX\WinHubX.csproj]
E:\repo\WinHubX\Project\WinHubX\Forms\Settaggi\FormUpdate.cs(305,17): warning CS8602: Dereferenziamento di un possibile riferimento Null. [E:\repo\WinHubX\Project\WinHubX\WinHubX.csproj]
E:\repo\WinHubX\Project\WinHubX\Forms\Settaggi\FormUpdate.cs(329,17): warning CS8602: Dereferenziamento di un possibile riferimento Null. [E:\repo\WinHubX\Project\WinHubX\WinHubX.csproj]
E:\repo\WinHubX\Project\WinHubX\Forms\DriverRST\FormDriverRST.cs(64,28): warning CS8603: Possibile restituzione di riferimento Null. [E:\repo\WinHubX\Project\WinHubX\WinHubX.csproj]
E:\repo\WinHubX\Project\WinHubX\Forms\DriverRST\FormDriverRST.cs(71,24): warning CS8603: Possibile restituzione di riferimento Null. [E:\repo\WinHubX\Project\WinHubX\WinHubX.csproj]
E:\repo\WinHubX\Project\WinHubX\Forms\Settaggi\FormUpdate.cs(420,17): warning CS8602: Dereferenziamento di un possibile riferimento Null. [E:\repo\WinHubX\Project\WinHubX\WinHubX.csproj]
E:\repo\WinHubX\Project\WinHubX\Impostazioni\ThemeManager.cs(307,27): warning CS8600: Conversione del valore letterale Null o di un possibile valore Null in un tipo che non ammette i valori Null. [E:\repo\WinHubX\Project\WinHubX\WinHubX.csproj]
E:\repo\WinHubX\Project\WinHubX\Forms\Base\FormOffice.cs(508,31): warning CS8600: Conversione del valore letterale Null o di un possibile valore Null in un tipo che non ammette i valori Null. [E:\repo\WinHubX\Project\WinHubX\WinHubX.csproj]
E:\repo\WinHubX\Project\WinHubX\Forms\Base\FormOffice.cs(509,31): warning CS8600: Conversione del valore letterale Null o di un possibile valore Null in un tipo che non ammette i valori Null. [E:\repo\WinHubX\Project\WinHubX\WinHubX.csproj]
E:\repo\WinHubX\Project\WinHubX\Forms\Base\FormOffice.cs(525,30): warning CS8600: Conversione del valore letterale Null o di un possibile valore Null in un tipo che non ammette i valori Null. [E:\repo\WinHubX\Project\WinHubX\WinHubX.csproj]
E:\repo\WinHubX\Project\WinHubX\Forms\Base\FormOffice.cs(529,27): warning CS8600: Conversione del valore letterale Null o di un possibile valore Null in un tipo che non ammette i valori Null. [E:\repo\WinHubX\Project\WinHubX\WinHubX.csproj]
E:\repo\WinHubX\Project\WinHubX\Forms\Base\FormOffice.cs(534,31): warning CS8600: Conversione del valore letterale Null o di un possibile valore Null in un tipo che non ammette i valori Null. [E:\repo\WinHubX\Project\WinHubX\WinHubX.csproj]
E:\repo\WinHubX\Project\WinHubX\Forms\Base\FormOffice.cs(537,31): warning CS8600: Conversione del valore letterale Null o di un possibile valore Null in un tipo che non ammette i valori Null. [E:\repo\WinHubX\Project\WinHubX\WinHubX.csproj]
E:\repo\WinHubX\Project\WinHubX\Forms\Base\FormOffice.cs(573,27): warning CS8600: Conversione del valore letterale Null o di un possibile valore Null in un tipo che non ammette i valori Null. [E:\repo\WinHubX\Project\WinHubX\WinHubX.csproj]
E:\repo\WinHubX\Project\WinHubX\Forms\Base\FormOffice.cs(600,74): warning CS8625: Non è possibile convertire il valore letterale Null in tipo riferimento che non ammette i valori Null. [E:\repo\WinHubX\Project\WinHubX\WinHubX.csproj]
E:\repo\WinHubX\Project\WinHubX\Forms\Base\FormOffice.cs(606,74): warning CS8625: Non è possibile convertire il valore letterale Null in tipo riferimento che non ammette i valori Null. [E:\repo\WinHubX\Project\WinHubX\WinHubX.csproj]
E:\repo\WinHubX\Project\WinHubX\Forms\CreaISO\FormCreazioneISO.cs(1311,54): warning CS8600: Conversione del valore letterale Null o di un possibile valore Null in un tipo che non ammette i valori Null. [E:\repo\WinHubX\Project\WinHubX\WinHubX.csproj]
E:\repo\WinHubX\Project\WinHubX\Forms\CreaISO\FormCreazioneISO.cs(1313,37): warning CS8602: Dereferenziamento di un possibile riferimento Null. [E:\repo\WinHubX\Project\WinHubX\WinHubX.csproj]
E:\repo\WinHubX\Project\WinHubX\Forms\Base\FormOffice.cs(643,38): warning CS8600: Conversione del valore letterale Null o di un possibile valore Null in un tipo che non ammette i valori Null. [E:\repo\WinHubX\Project\WinHubX\WinHubX.csproj]
E:\repo\WinHubX\Project\WinHubX\Forms\Base\FormOffice.cs(705,74): warning CS8625: Non è possibile convertire il valore letterale Null in tipo riferimento che non ammette i valori Null. [E:\repo\WinHubX\Project\WinHubX\WinHubX.csproj]
E:\repo\WinHubX\Project\WinHubX\Forms\Base\FormOffice.cs(719,38): warning CS8602: Dereferenziamento di un possibile riferimento Null. [E:\repo\WinHubX\Project\WinHubX\WinHubX.csproj]
E:\repo\WinHubX\Project\WinHubX\Forms\Base\FormOffice.cs(723,74): warning CS8625: Non è possibile convertire il valore letterale Null in tipo riferimento che non ammette i valori Null. [E:\repo\WinHubX\Project\WinHubX\WinHubX.csproj]
E:\repo\WinHubX\Project\WinHubX\Forms\Settaggi\FormUpdate.cs(482,25): warning CS8602: Dereferenziamento di un possibile riferimento Null. [E:\repo\WinHubX\Project\WinHubX\WinHubX.csproj]
E:\repo\WinHubX\Project\WinHubX\Forms\Settaggi\FormUpdate.cs(597,25): warning CS8602: Dereferenziamento di un possibile riferimento Null. [E:\repo\WinHubX\Project\WinHubX\WinHubX.csproj]
E:\repo\WinHubX\Project\WinHubX\Forms\Settaggi\FormUpdate.cs(705,35): warning CS8600: Conversione del valore letterale Null o di un possibile valore Null in un tipo che non ammette i valori Null. [E:\repo\WinHubX\Project\WinHubX\WinHubX.csproj]
E:\repo\WinHubX\Project\WinHubX\Forms\Settaggi\FormUpdate.cs(706,38): warning CS8602: Dereferenziamento di un possibile riferimento Null. [E:\repo\WinHubX\Project\WinHubX\WinHubX.csproj]
E:\repo\WinHubX\Project\WinHubX\Forms\Settaggi\FormUpdate.cs(711,48): warning CS8622: Il supporto dei valori Null dei tipi riferimento nel tipo di parametro 'sender' di 'void FormUpdate.AbilitaUpdate_ItemCheck(object sender, ItemCheckEventArgs e)' non corrisponde al delegato di destinazione 'ItemCheckEventHandler', probabilmente a causa degli attributi del supporto dei valori Null. [E:\repo\WinHubX\Project\WinHubX\WinHubX.csproj]
E:\repo\WinHubX\Project\WinHubX\Forms\Settaggi\FormUpdate.cs(713,48): warning CS8622: Il supporto dei valori Null dei tipi riferimento nel tipo di parametro 'sender' di 'void FormUpdate.AbilitaUpdate_ItemCheck(object sender, ItemCheckEventArgs e)' non corrisponde al delegato di destinazione 'ItemCheckEventHandler', probabilmente a causa degli attributi del supporto dei valori Null. [E:\repo\WinHubX\Project\WinHubX\WinHubX.csproj]
E:\repo\WinHubX\Project\WinHubX\Forms\Settaggi\FormUpdate.cs(722,35): warning CS8600: Conversione del valore letterale Null o di un possibile valore Null in un tipo che non ammette i valori Null. [E:\repo\WinHubX\Project\WinHubX\WinHubX.csproj]
E:\repo\WinHubX\Project\WinHubX\Forms\Settaggi\FormUpdate.cs(723,41): warning CS8602: Dereferenziamento di un possibile riferimento Null. [E:\repo\WinHubX\Project\WinHubX\WinHubX.csproj]
E:\repo\WinHubX\Project\WinHubX\Forms\Settaggi\FormUpdate.cs(728,51): warning CS8622: Il supporto dei valori Null dei tipi riferimento nel tipo di parametro 'sender' di 'void FormUpdate.DisabilitaUpdate_ItemCheck(object sender, ItemCheckEventArgs e)' non corrisponde al delegato di destinazione 'ItemCheckEventHandler', probabilmente a causa degli attributi del supporto dei valori Null. [E:\repo\WinHubX\Project\WinHubX\WinHubX.csproj]
E:\repo\WinHubX\Project\WinHubX\Forms\Settaggi\FormUpdate.cs(730,51): warning CS8622: Il supporto dei valori Null dei tipi riferimento nel tipo di parametro 'sender' di 'void FormUpdate.DisabilitaUpdate_ItemCheck(object sender, ItemCheckEventArgs e)' non corrisponde al delegato di destinazione 'ItemCheckEventHandler', probabilmente a causa degli attributi del supporto dei valori Null. [E:\repo\WinHubX\Project\WinHubX\WinHubX.csproj]
E:\repo\WinHubX\Project\WinHubX\Forms\Base\FormMonitoraggio.cs(582,41): warning CS4014: Non è possibile attendere la chiamata, pertanto l'esecuzione del metodo corrente continuerà prima del completamento della chiamata. Provare ad applicare l'operatore 'await' al risultato della chiamata. [E:\repo\WinHubX\Project\WinHubX\WinHubX.csproj]
E:\repo\WinHubX\Project\WinHubX\Impostazioni\Dipendenze.cs(97,32): warning CS8600: Conversione del valore letterale Null o di un possibile valore Null in un tipo che non ammette i valori Null. [E:\repo\WinHubX\Project\WinHubX\WinHubX.csproj]
E:\repo\WinHubX\Project\WinHubX\Impostazioni\Dipendenze.cs(99,41): warning CS8602: Dereferenziamento di un possibile riferimento Null. [E:\repo\WinHubX\Project\WinHubX\WinHubX.csproj]
E:\repo\WinHubX\Project\WinHubX\Impostazioni\Dipendenze.cs(44,23): warning CS8618: L'elemento proprietà 'Nome' non nullable deve contenere un valore non Null all'uscita dal costruttore. Prendere in considerazione l'aggiunta del modificatore 'required' o la dichiarazione di proprietà come nullable. [E:\repo\WinHubX\Project\WinHubX\WinHubX.csproj]
E:\repo\WinHubX\Project\WinHubX\Impostazioni\Dipendenze.cs(45,63): warning CS8618: L'elemento proprietà 'Lingue' non nullable deve contenere un valore non Null all'uscita dal costruttore. Prendere in considerazione l'aggiunta del modificatore 'required' o la dichiarazione di proprietà come nullable. [E:\repo\WinHubX\Project\WinHubX\WinHubX.csproj]
E:\repo\WinHubX\Project\WinHubX\Impostazioni\Dipendenze.cs(38,23): warning CS8618: L'elemento proprietà 'Windows' non nullable deve contenere un valore non Null all'uscita dal costruttore. Prendere in considerazione l'aggiunta del modificatore 'required' o la dichiarazione di proprietà come nullable. [E:\repo\WinHubX\Project\WinHubX\WinHubX.csproj]
E:\repo\WinHubX\Project\WinHubX\Impostazioni\Dipendenze.cs(39,23): warning CS8618: L'elemento proprietà 'Office' non nullable deve contenere un valore non Null all'uscita dal costruttore. Prendere in considerazione l'aggiunta del modificatore 'required' o la dichiarazione di proprietà come nullable. [E:\repo\WinHubX\Project\WinHubX\WinHubX.csproj]
E:\repo\WinHubX\Project\WinHubX\Impostazioni\Dipendenze.cs(31,23): warning CS8618: L'elemento proprietà 'CPU' non nullable deve contenere un valore non Null all'uscita dal costruttore. Prendere in considerazione l'aggiunta del modificatore 'required' o la dichiarazione di proprietà come nullable. [E:\repo\WinHubX\Project\WinHubX\WinHubX.csproj]
E:\repo\WinHubX\Project\WinHubX\Impostazioni\Dipendenze.cs(32,23): warning CS8618: L'elemento proprietà 'RAM' non nullable deve contenere un valore non Null all'uscita dal costruttore. Prendere in considerazione l'aggiunta del modificatore 'required' o la dichiarazione di proprietà come nullable. [E:\repo\WinHubX\Project\WinHubX\WinHubX.csproj]
E:\repo\WinHubX\Project\WinHubX\Impostazioni\Dipendenze.cs(33,23): warning CS8618: L'elemento proprietà 'Disk' non nullable deve contenere un valore non Null all'uscita dal costruttore. Prendere in considerazione l'aggiunta del modificatore 'required' o la dichiarazione di proprietà come nullable. [E:\repo\WinHubX\Project\WinHubX\WinHubX.csproj]
E:\repo\WinHubX\Project\WinHubX\Impostazioni\Dipendenze.cs(22,23): warning CS8618: L'elemento proprietà 'Timestamp' non nullable deve contenere un valore non Null all'uscita dal costruttore. Prendere in considerazione l'aggiunta del modificatore 'required' o la dichiarazione di proprietà come nullable. [E:\repo\WinHubX\Project\WinHubX\WinHubX.csproj]
E:\repo\WinHubX\Project\WinHubX\Impostazioni\Dipendenze.cs(23,23): warning CS8618: L'elemento proprietà 'OperatingSystem' non nullable deve contenere un valore non Null all'uscita dal costruttore. Prendere in considerazione l'aggiunta del modificatore 'required' o la dichiarazione di proprietà come nullable. [E:\repo\WinHubX\Project\WinHubX\WinHubX.csproj]
E:\repo\WinHubX\Project\WinHubX\Impostazioni\Dipendenze.cs(24,23): warning CS8618: L'elemento proprietà 'Architettura' non nullable deve contenere un valore non Null all'uscita dal costruttore. Prendere in considerazione l'aggiunta del modificatore 'required' o la dichiarazione di proprietà come nullable. [E:\repo\WinHubX\Project\WinHubX\WinHubX.csproj]
E:\repo\WinHubX\Project\WinHubX\Impostazioni\Dipendenze.cs(25,25): warning CS8618: L'elemento proprietà 'Hardware' non nullable deve contenere un valore non Null all'uscita dal costruttore. Prendere in considerazione l'aggiunta del modificatore 'required' o la dichiarazione di proprietà come nullable. [E:\repo\WinHubX\Project\WinHubX\WinHubX.csproj]
E:\repo\WinHubX\Project\WinHubX\Impostazioni\Dipendenze.cs(26,27): warning CS8618: L'elemento proprietà 'Activation' non nullable deve contenere un valore non Null all'uscita dal costruttore. Prendere in considerazione l'aggiunta del modificatore 'required' o la dichiarazione di proprietà come nullable. [E:\repo\WinHubX\Project\WinHubX\WinHubX.csproj]
E:\repo\WinHubX\Project\WinHubX\Impostazioni\Dipendenze.cs(15,30): warning CS8618: L'elemento proprietà 'LastDownloadedFile' non nullable deve contenere un valore non Null all'uscita dal costruttore. Prendere in considerazione l'aggiunta del modificatore 'required' o la dichiarazione di proprietà come nullable. [E:\repo\WinHubX\Project\WinHubX\WinHubX.csproj]
E:\repo\WinHubX\Project\WinHubX\Impostazioni\Dipendenze.cs(17,30): warning CS8618: L'elemento proprietà 'InstallationType' non nullable deve contenere un valore non Null all'uscita dal costruttore. Prendere in considerazione l'aggiunta del modificatore 'required' o la dichiarazione di proprietà come nullable. [E:\repo\WinHubX\Project\WinHubX\WinHubX.csproj]
E:\repo\WinHubX\Project\WinHubX\Forms\Base\FormOffice.cs(817,78): warning CS8625: Non è possibile convertire il valore letterale Null in tipo riferimento che non ammette i valori Null. [E:\repo\WinHubX\Project\WinHubX\WinHubX.csproj]
E:\repo\WinHubX\Project\WinHubX\Program.cs(87,36): warning CS8600: Conversione del valore letterale Null o di un possibile valore Null in un tipo che non ammette i valori Null. [E:\repo\WinHubX\Project\WinHubX\WinHubX.csproj]
E:\repo\WinHubX\Project\WinHubX\Program.cs(9,36): warning CS8618: L'elemento campo 'Config' non nullable deve contenere un valore non Null all'uscita dal costruttore. Prendere in considerazione l'aggiunta del modificatore 'required' o la dichiarazione di campo come nullable. [E:\repo\WinHubX\Project\WinHubX\WinHubX.csproj]
E:\repo\WinHubX\Project\WinHubX\Forms\CreaISO\AppState.cs(6,54): warning CS8625: Non è possibile convertire il valore letterale Null in tipo riferimento che non ammette i valori Null. [E:\repo\WinHubX\Project\WinHubX\WinHubX.csproj]
E:\repo\WinHubX\Project\WinHubX\Forms\CreaISO\AppState.cs(7,61): warning CS8625: Non è possibile convertire il valore letterale Null in tipo riferimento che non ammette i valori Null. [E:\repo\WinHubX\Project\WinHubX\WinHubX.csproj]
E:\repo\WinHubX\Project\WinHubX\Forms\ImpostazioniApp\FormImpostazioniApp.cs(20,40): warning CS8625: Non è possibile convertire il valore letterale Null in tipo riferimento che non ammette i valori Null. [E:\repo\WinHubX\Project\WinHubX\WinHubX.csproj]
E:\repo\WinHubX\Project\WinHubX\Forms\ImpostazioniApp\FormImpostazioniApp.cs(21,42): warning CS8625: Non è possibile convertire il valore letterale Null in tipo riferimento che non ammette i valori Null. [E:\repo\WinHubX\Project\WinHubX\WinHubX.csproj]
E:\repo\WinHubX\Project\WinHubX\Forms\ImpostazioniApp\FormImpostazioniApp.cs(22,45): warning CS8625: Non è possibile convertire il valore letterale Null in tipo riferimento che non ammette i valori Null. [E:\repo\WinHubX\Project\WinHubX\WinHubX.csproj]
E:\repo\WinHubX\Project\WinHubX\Forms\Settaggi\FormRipristinoSO.cs(18,16): warning CS8618: L'elemento campo 'countdownTimer' non nullable deve contenere un valore non Null all'uscita dal costruttore. Prendere in considerazione l'aggiunta del modificatore 'required' o la dichiarazione di campo come nullable. [E:\repo\WinHubX\Project\WinHubX\WinHubX.csproj]
E:\repo\WinHubX\Project\WinHubX\Forms\Settaggi\FormRipristinoSO.cs(18,16): warning CS8618: L'elemento campo 'cancellationTokenSource' non nullable deve contenere un valore non Null all'uscita dal costruttore. Prendere in considerazione l'aggiunta del modificatore 'required' o la dichiarazione di campo come nullable. [E:\repo\WinHubX\Project\WinHubX\WinHubX.csproj]
E:\repo\WinHubX\Project\WinHubX\Forms\Settaggi\FormRipristinoSO.cs(64,9): warning CS8619: Il supporto dei valori Null dei tipi riferimento nel valore di tipo '(string, string?)' non corrisponde al tipo di destinazione '(string Label, string Command)'. [E:\repo\WinHubX\Project\WinHubX\WinHubX.csproj]
E:\repo\WinHubX\Project\WinHubX\Forms\Base\FormOffice.cs(962,30): warning CS8600: Conversione del valore letterale Null o di un possibile valore Null in un tipo che non ammette i valori Null. [E:\repo\WinHubX\Project\WinHubX\WinHubX.csproj]
E:\repo\WinHubX\Project\WinHubX\Forms\Base\FormOffice.cs(967,43): warning CS8622: Il supporto dei valori Null dei tipi riferimento nel tipo di parametro 'sender' di 'void FormOffice.PictureBox3_Click_BackToOffice(object sender, EventArgs e)' non corrisponde al delegato di destinazione 'EventHandler', probabilmente a causa degli attributi del supporto dei valori Null. [E:\repo\WinHubX\Project\WinHubX\WinHubX.csproj]
E:\repo\WinHubX\Project\WinHubX\Forms\Base\FormOffice.cs(968,43): warning CS8622: Il supporto dei valori Null dei tipi riferimento nel tipo di parametro 'sender' di 'void FormOffice.PictureBox3_Click_BackToOffice(object sender, EventArgs e)' non corrisponde al delegato di destinazione 'EventHandler', probabilmente a causa degli attributi del supporto dei valori Null. [E:\repo\WinHubX\Project\WinHubX\WinHubX.csproj]
E:\repo\WinHubX\Project\WinHubX\Forms\Base\FormOffice.cs(972,25): warning CS8600: Conversione del valore letterale Null o di un possibile valore Null in un tipo che non ammette i valori Null. [E:\repo\WinHubX\Project\WinHubX\WinHubX.csproj]
E:\repo\WinHubX\Project\WinHubX\Forms\Base\FormOffice.cs(973,13): warning CS8602: Dereferenziamento di un possibile riferimento Null. [E:\repo\WinHubX\Project\WinHubX\WinHubX.csproj]
E:\repo\WinHubX\Project\WinHubX\Forms\Settaggi\FormRipristinoSO.cs(176,48): warning CS8622: Il supporto dei valori Null dei tipi riferimento nel tipo di parametro 'sender' di 'void FormRipristinoSO.UpdateCountdown(object sender, EventArgs e)' non corrisponde al delegato di destinazione 'EventHandler', probabilmente a causa degli attributi del supporto dei valori Null. [E:\repo\WinHubX\Project\WinHubX\WinHubX.csproj]
E:\repo\WinHubX\Project\WinHubX\Forms\ImpostazioniApp\FormImpostazioniApp.cs(363,38): warning CS8600: Conversione del valore letterale Null o di un possibile valore Null in un tipo che non ammette i valori Null. [E:\repo\WinHubX\Project\WinHubX\WinHubX.csproj]
E:\repo\WinHubX\Project\WinHubX\Forms\ImpostazioniApp\FormImpostazioniApp.cs(364,40): warning CS8602: Dereferenziamento di un possibile riferimento Null. [E:\repo\WinHubX\Project\WinHubX\WinHubX.csproj]
E:\repo\WinHubX\Project\WinHubX\Forms\ImpostazioniApp\FormImpostazioniApp.cs(367,38): warning CS8600: Conversione del valore letterale Null o di un possibile valore Null in un tipo che non ammette i valori Null. [E:\repo\WinHubX\Project\WinHubX\WinHubX.csproj]
E:\repo\WinHubX\Project\WinHubX\Forms\ImpostazioniApp\FormImpostazioniApp.cs(369,48): warning CS8602: Dereferenziamento di un possibile riferimento Null. [E:\repo\WinHubX\Project\WinHubX\WinHubX.csproj]
E:\repo\WinHubX\Project\WinHubX\Forms\ImpostazioniApp\FormImpostazioniApp.cs(475,27): warning CS8618: L'elemento proprietà 'LatestVersion' non nullable deve contenere un valore non Null all'uscita dal costruttore. Prendere in considerazione l'aggiunta del modificatore 'required' o la dichiarazione di proprietà come nullable. [E:\repo\WinHubX\Project\WinHubX\WinHubX.csproj]
E:\repo\WinHubX\Project\WinHubX\Forms\ImpostazioniApp\FormImpostazioniApp.cs(476,27): warning CS8618: L'elemento proprietà 'UpdateUrl' non nullable deve contenere un valore non Null all'uscita dal costruttore. Prendere in considerazione l'aggiunta del modificatore 'required' o la dichiarazione di proprietà come nullable. [E:\repo\WinHubX\Project\WinHubX\WinHubX.csproj]
E:\repo\WinHubX\Project\WinHubX\Forms\ImpostazioniApp\FormImpostazioniApp.cs(477,27): warning CS8618: L'elemento proprietà 'ReleaseNotes' non nullable deve contenere un valore non Null all'uscita dal costruttore. Prendere in considerazione l'aggiunta del modificatore 'required' o la dichiarazione di proprietà come nullable. [E:\repo\WinHubX\Project\WinHubX\WinHubX.csproj]
E:\repo\WinHubX\Project\WinHubX\Forms\InstallaComponenti\FormInstallaComponenti.cs(39,41): warning CS8600: Conversione del valore letterale Null o di un possibile valore Null in un tipo che non ammette i valori Null. [E:\repo\WinHubX\Project\WinHubX\WinHubX.csproj]
E:\repo\WinHubX\Project\WinHubX\Forms\InstallaComponenti\FormInstallaComponenti.cs(43,34): warning CS8604: Possibile argomento di riferimento Null per il parametro 'hardwareInfo' in 'Task FormInstallaComponenti.DefenderOn(HardwareInfo hardwareInfo)'. [E:\repo\WinHubX\Project\WinHubX\WinHubX.csproj]
E:\repo\WinHubX\Project\WinHubX\Forms\Personalizzazione office\PersonalizzazioneOffice.cs(31,30): warning CS8600: Conversione del valore letterale Null o di un possibile valore Null in un tipo che non ammette i valori Null. [E:\repo\WinHubX\Project\WinHubX\WinHubX.csproj]
E:\repo\WinHubX\Project\WinHubX\Forms\InstallaComponenti\FormInstallaComponenti.cs(172,20): warning CS8603: Possibile restituzione di riferimento Null. [E:\repo\WinHubX\Project\WinHubX\WinHubX.csproj]
E:\repo\WinHubX\Project\WinHubX\Forms\Personalizzazione office\PersonalizzazioneOffice.cs(81,36): warning CS8600: Conversione del valore letterale Null o di un possibile valore Null in un tipo che non ammette i valori Null. [E:\repo\WinHubX\Project\WinHubX\WinHubX.csproj]
E:\repo\WinHubX\Project\WinHubX\Forms\Personalizzazione office\PersonalizzazioneOffice.cs(82,35): warning CS8600: Conversione del valore letterale Null o di un possibile valore Null in un tipo che non ammette i valori Null. [E:\repo\WinHubX\Project\WinHubX\WinHubX.csproj]
E:\repo\WinHubX\Project\WinHubX\Forms\Personalizzazione office\PersonalizzazioneOffice.cs(95,31): warning CS8600: Conversione del valore letterale Null o di un possibile valore Null in un tipo che non ammette i valori Null. [E:\repo\WinHubX\Project\WinHubX\WinHubX.csproj]
E:\repo\WinHubX\Project\WinHubX\Forms\Personalizzazione office\PersonalizzazioneOffice.cs(110,31): warning CS8600: Conversione del valore letterale Null o di un possibile valore Null in un tipo che non ammette i valori Null. [E:\repo\WinHubX\Project\WinHubX\WinHubX.csproj]
E:\repo\WinHubX\Project\WinHubX\Forms\Personalizzazione office\PersonalizzazioneOffice.cs(140,32): warning CS8600: Conversione del valore letterale Null o di un possibile valore Null in un tipo che non ammette i valori Null. [E:\repo\WinHubX\Project\WinHubX\WinHubX.csproj]
E:\repo\WinHubX\Project\WinHubX\Forms\Personalizzazione office\PersonalizzazioneOffice.cs(170,17): warning CS8602: Dereferenziamento di un possibile riferimento Null. [E:\repo\WinHubX\Project\WinHubX\WinHubX.csproj]
E:\repo\WinHubX\Project\WinHubX\Forms\Personalizzazione office\PersonalizzazioneOffice.cs(194,21): warning CS8602: Dereferenziamento di un possibile riferimento Null. [E:\repo\WinHubX\Project\WinHubX\WinHubX.csproj]
E:\repo\WinHubX\Project\WinHubX\Forms\Settaggi\FormExplorer.cs(26,50): warning CS8600: Conversione del valore letterale Null o di un possibile valore Null in un tipo che non ammette i valori Null. [E:\repo\WinHubX\Project\WinHubX\WinHubX.csproj]
E:\repo\WinHubX\Project\WinHubX\Forms\Settaggi\FormExplorer.cs(58,50): warning CS8600: Conversione del valore letterale Null o di un possibile valore Null in un tipo che non ammette i valori Null. [E:\repo\WinHubX\Project\WinHubX\WinHubX.csproj]
E:\repo\WinHubX\Project\WinHubX\Forms\Personalizzazione office\PersonalizzazioneOffice.cs(367,42): warning CS8600: Conversione del valore letterale Null o di un possibile valore Null in un tipo che non ammette i valori Null. [E:\repo\WinHubX\Project\WinHubX\WinHubX.csproj]
E:\repo\WinHubX\Project\WinHubX\Forms\Personalizzazione office\PersonalizzazioneOffice.cs(394,44): warning CS8604: Possibile argomento di riferimento Null per il parametro 'path1' in 'string Path.Combine(string path1, string path2)'. [E:\repo\WinHubX\Project\WinHubX\WinHubX.csproj]
E:\repo\WinHubX\Project\WinHubX\Forms\Personalizzazione office\PersonalizzazioneOffice.cs(412,31): warning CS8600: Conversione del valore letterale Null o di un possibile valore Null in un tipo che non ammette i valori Null. [E:\repo\WinHubX\Project\WinHubX\WinHubX.csproj]
E:\repo\WinHubX\Project\WinHubX\Forms\Personalizzazione office\PersonalizzazioneOffice.cs(458,37): warning CS8622: Il supporto dei valori Null dei tipi riferimento nel tipo di parametro 'sender' di 'void PersonalizzazioneOffice.PictureBox_Click(object sender, EventArgs e)' non corrisponde al delegato di destinazione 'EventHandler', probabilmente a causa degli attributi del supporto dei valori Null. [E:\repo\WinHubX\Project\WinHubX\WinHubX.csproj]
E:\repo\WinHubX\Project\WinHubX\Forms\Personalizzazione office\PersonalizzazioneOffice.cs(459,38): warning CS8622: Il supporto dei valori Null dei tipi riferimento nel tipo di parametro 'sender' di 'void PersonalizzazioneOffice.PictureBox_Click(object sender, EventArgs e)' non corrisponde al delegato di destinazione 'EventHandler', probabilmente a causa degli attributi del supporto dei valori Null. [E:\repo\WinHubX\Project\WinHubX\WinHubX.csproj]
E:\repo\WinHubX\Project\WinHubX\Forms\Personalizzazione office\PersonalizzazioneOffice.cs(460,43): warning CS8622: Il supporto dei valori Null dei tipi riferimento nel tipo di parametro 'sender' di 'void PersonalizzazioneOffice.PictureBox_Click(object sender, EventArgs e)' non corrisponde al delegato di destinazione 'EventHandler', probabilmente a causa degli attributi del supporto dei valori Null. [E:\repo\WinHubX\Project\WinHubX\WinHubX.csproj]
E:\repo\WinHubX\Project\WinHubX\Forms\Personalizzazione office\PersonalizzazioneOffice.cs(461,39): warning CS8622: Il supporto dei valori Null dei tipi riferimento nel tipo di parametro 'sender' di 'void PersonalizzazioneOffice.PictureBox_Click(object sender, EventArgs e)' non corrisponde al delegato di destinazione 'EventHandler', probabilmente a causa degli attributi del supporto dei valori Null. [E:\repo\WinHubX\Project\WinHubX\WinHubX.csproj]
E:\repo\WinHubX\Project\WinHubX\Forms\Personalizzazione office\PersonalizzazioneOffice.cs(462,39): warning CS8622: Il supporto dei valori Null dei tipi riferimento nel tipo di parametro 'sender' di 'void PersonalizzazioneOffice.PictureBox_Click(object sender, EventArgs e)' non corrisponde al delegato di destinazione 'EventHandler', probabilmente a causa degli attributi del supporto dei valori Null. [E:\repo\WinHubX\Project\WinHubX\WinHubX.csproj]
E:\repo\WinHubX\Project\WinHubX\Forms\Personalizzazione office\PersonalizzazioneOffice.cs(463,41): warning CS8622: Il supporto dei valori Null dei tipi riferimento nel tipo di parametro 'sender' di 'void PersonalizzazioneOffice.PictureBox_Click(object sender, EventArgs e)' non corrisponde al delegato di destinazione 'EventHandler', probabilmente a causa degli attributi del supporto dei valori Null. [E:\repo\WinHubX\Project\WinHubX\WinHubX.csproj]
E:\repo\WinHubX\Project\WinHubX\Forms\Personalizzazione office\PersonalizzazioneOffice.cs(464,40): warning CS8622: Il supporto dei valori Null dei tipi riferimento nel tipo di parametro 'sender' di 'void PersonalizzazioneOffice.PictureBox_Click(object sender, EventArgs e)' non corrisponde al delegato di destinazione 'EventHandler', probabilmente a causa degli attributi del supporto dei valori Null. [E:\repo\WinHubX\Project\WinHubX\WinHubX.csproj]
E:\repo\WinHubX\Project\WinHubX\Forms\Personalizzazione office\PersonalizzazioneOffice.cs(465,38): warning CS8622: Il supporto dei valori Null dei tipi riferimento nel tipo di parametro 'sender' di 'void PersonalizzazioneOffice.PictureBox_Click(object sender, EventArgs e)' non corrisponde al delegato di destinazione 'EventHandler', probabilmente a causa degli attributi del supporto dei valori Null. [E:\repo\WinHubX\Project\WinHubX\WinHubX.csproj]
E:\repo\WinHubX\Project\WinHubX\Forms\Personalizzazione office\PersonalizzazioneOffice.cs(466,40): warning CS8622: Il supporto dei valori Null dei tipi riferimento nel tipo di parametro 'sender' di 'void PersonalizzazioneOffice.PictureBox_Click(object sender, EventArgs e)' non corrisponde al delegato di destinazione 'EventHandler', probabilmente a causa degli attributi del supporto dei valori Null. [E:\repo\WinHubX\Project\WinHubX\WinHubX.csproj]
E:\repo\WinHubX\Project\WinHubX\Forms\Personalizzazione office\PersonalizzazioneOffice.cs(467,42): warning CS8622: Il supporto dei valori Null dei tipi riferimento nel tipo di parametro 'sender' di 'void PersonalizzazioneOffice.PictureBox_Click(object sender, EventArgs e)' non corrisponde al delegato di destinazione 'EventHandler', probabilmente a causa degli attributi del supporto dei valori Null. [E:\repo\WinHubX\Project\WinHubX\WinHubX.csproj]
E:\repo\WinHubX\Project\WinHubX\Forms\Settaggi\FormPersonalizzazione.cs(320,38): warning CS8600: Conversione del valore letterale Null o di un possibile valore Null in un tipo che non ammette i valori Null. [E:\repo\WinHubX\Project\WinHubX\WinHubX.csproj]
E:\repo\WinHubX\Project\WinHubX\Forms\Settaggi\FormPersonalizzazione.cs(364,24): warning CS8602: Dereferenziamento di un possibile riferimento Null. [E:\repo\WinHubX\Project\WinHubX\WinHubX.csproj]
E:\repo\WinHubX\Project\WinHubX\Forms\Settaggi\FormPersonalizzazione.cs(364,24): warning CS8602: Dereferenziamento di un possibile riferimento Null. [E:\repo\WinHubX\Project\WinHubX\WinHubX.csproj]
E:\repo\WinHubX\Project\WinHubX\Forms\Settaggi\FormPrivacy.cs(23,66): warning CS8622: Il supporto dei valori Null dei tipi riferimento nel tipo di parametro 'sender' di 'void FormPrivacy.checkedListBox1_MouseMove(object sender, MouseEventArgs e)' non corrisponde al delegato di destinazione 'MouseEventHandler', probabilmente a causa degli attributi del supporto dei valori Null. [E:\repo\WinHubX\Project\WinHubX\WinHubX.csproj]
E:\repo\WinHubX\Project\WinHubX\Forms\Settaggi\FormPrivacy.cs(24,63): warning CS8622: Il supporto dei valori Null dei tipi riferimento nel tipo di parametro 'sender' di 'void FormPrivacy.checkedListBox2_MouseMove(object sender, MouseEventArgs e)' non corrisponde al delegato di destinazione 'MouseEventHandler', probabilmente a causa degli attributi del supporto dei valori Null. [E:\repo\WinHubX\Project\WinHubX\WinHubX.csproj]
E:\repo\WinHubX\Project\WinHubX\Forms\Personalizzazione office\FormAggiungiRimuoviAppOffice.cs(46,16): warning CS8618: L'elemento campo 'officeVersion' non nullable deve contenere un valore non Null all'uscita dal costruttore. Prendere in considerazione l'aggiunta del modificatore 'required' o la dichiarazione di campo come nullable. [E:\repo\WinHubX\Project\WinHubX\WinHubX.csproj]
E:\repo\WinHubX\Project\WinHubX\Forms\Personalizzazione office\FormAggiungiRimuoviAppOffice.cs(46,16): warning CS8618: L'elemento campo 'platform' non nullable deve contenere un valore non Null all'uscita dal costruttore. Prendere in considerazione l'aggiunta del modificatore 'required' o la dichiarazione di campo come nullable. [E:\repo\WinHubX\Project\WinHubX\WinHubX.csproj]
E:\repo\WinHubX\Project\WinHubX\Forms\Personalizzazione office\FormAggiungiRimuoviAppOffice.cs(46,16): warning CS8618: L'elemento campo 'product' non nullable deve contenere un valore non Null all'uscita dal costruttore. Prendere in considerazione l'aggiunta del modificatore 'required' o la dichiarazione di campo come nullable. [E:\repo\WinHubX\Project\WinHubX\WinHubX.csproj]
E:\repo\WinHubX\Project\WinHubX\Forms\Personalizzazione office\FormAggiungiRimuoviAppOffice.cs(46,16): warning CS8618: L'elemento campo 'culture' non nullable deve contenere un valore non Null all'uscita dal costruttore. Prendere in considerazione l'aggiunta del modificatore 'required' o la dichiarazione di campo come nullable. [E:\repo\WinHubX\Project\WinHubX\WinHubX.csproj]
E:\repo\WinHubX\Project\WinHubX\Forms\Personalizzazione office\FormAggiungiRimuoviAppOffice.cs(78,29): warning CS8601: Possibile assegnazione di riferimento Null. [E:\repo\WinHubX\Project\WinHubX\WinHubX.csproj]
E:\repo\WinHubX\Project\WinHubX\Forms\Personalizzazione office\FormAggiungiRimuoviAppOffice.cs(84,33): warning CS8601: Possibile assegnazione di riferimento Null. [E:\repo\WinHubX\Project\WinHubX\WinHubX.csproj]
E:\repo\WinHubX\Project\WinHubX\Forms\Settaggi\FormPrivacy.cs(88,38): warning CS8600: Conversione del valore letterale Null o di un possibile valore Null in un tipo che non ammette i valori Null. [E:\repo\WinHubX\Project\WinHubX\WinHubX.csproj]
E:\repo\WinHubX\Project\WinHubX\Forms\Settaggi\FormPersonalizzazione.cs(432,44): warning CS8600: Conversione del valore letterale Null o di un possibile valore Null in un tipo che non ammette i valori Null. [E:\repo\WinHubX\Project\WinHubX\WinHubX.csproj]
E:\repo\WinHubX\Project\WinHubX\Forms\Settaggi\FormPersonalizzazione.cs(456,51): warning CS8600: Conversione del valore letterale Null o di un possibile valore Null in un tipo che non ammette i valori Null. [E:\repo\WinHubX\Project\WinHubX\WinHubX.csproj]
E:\repo\WinHubX\Project\WinHubX\Forms\Settaggi\FormPersonalizzazione.cs(598,42): warning CS8600: Conversione del valore letterale Null o di un possibile valore Null in un tipo che non ammette i valori Null. [E:\repo\WinHubX\Project\WinHubX\WinHubX.csproj]
E:\repo\WinHubX\Project\WinHubX\Forms\Settaggi\FormPersonalizzazione.cs(669,35): warning CS8600: Conversione del valore letterale Null o di un possibile valore Null in un tipo che non ammette i valori Null. [E:\repo\WinHubX\Project\WinHubX\WinHubX.csproj]
E:\repo\WinHubX\Project\WinHubX\Forms\Settaggi\FormPersonalizzazione.cs(679,38): warning CS8600: Conversione del valore letterale Null o di un possibile valore Null in un tipo che non ammette i valori Null. [E:\repo\WinHubX\Project\WinHubX\WinHubX.csproj]
E:\repo\WinHubX\Project\WinHubX\Forms\Settaggi\FormPersonalizzazione.cs(683,36): warning CS8600: Conversione del valore letterale Null o di un possibile valore Null in un tipo che non ammette i valori Null. [E:\repo\WinHubX\Project\WinHubX\WinHubX.csproj]
E:\repo\WinHubX\Project\WinHubX\Forms\Personalizzazione office\FormAggiungiRimuoviAppOffice.cs(127,54): warning CS8600: Conversione del valore letterale Null o di un possibile valore Null in un tipo che non ammette i valori Null. [E:\repo\WinHubX\Project\WinHubX\WinHubX.csproj]
E:\repo\WinHubX\Project\WinHubX\Forms\Personalizzazione office\FormAggiungiRimuoviAppOffice.cs(186,51): warning CS8600: Conversione del valore letterale Null o di un possibile valore Null in un tipo che non ammette i valori Null. [E:\repo\WinHubX\Project\WinHubX\WinHubX.csproj]
E:\repo\WinHubX\Project\WinHubX\Forms\Personalizzazione office\FormAggiungiRimuoviAppOffice.cs(220,58): warning CS8600: Conversione del valore letterale Null o di un possibile valore Null in un tipo che non ammette i valori Null. [E:\repo\WinHubX\Project\WinHubX\WinHubX.csproj]
E:\repo\WinHubX\Project\WinHubX\Forms\Settaggi\FormPersonalizzazione.cs(726,42): warning CS8600: Conversione del valore letterale Null o di un possibile valore Null in un tipo che non ammette i valori Null. [E:\repo\WinHubX\Project\WinHubX\WinHubX.csproj]
E:\repo\WinHubX\Project\WinHubX\Forms\Settaggi\FormPersonalizzazione.cs(744,42): warning CS8600: Conversione del valore letterale Null o di un possibile valore Null in un tipo che non ammette i valori Null. [E:\repo\WinHubX\Project\WinHubX\WinHubX.csproj]
E:\repo\WinHubX\Project\WinHubX\Forms\Settaggi\FormPrivacy.cs(207,37): warning CS8600: Conversione del valore letterale Null o di un possibile valore Null in un tipo che non ammette i valori Null. [E:\repo\WinHubX\Project\WinHubX\WinHubX.csproj]
E:\repo\WinHubX\Project\WinHubX\Forms\Personalizzazione office\FormAggiungiRimuoviAppOffice.cs(342,24): warning CS8603: Possibile restituzione di riferimento Null. [E:\repo\WinHubX\Project\WinHubX\WinHubX.csproj]
E:\repo\WinHubX\Project\WinHubX\Forms\Personalizzazione office\FormAggiungiRimuoviAppOffice.cs(346,24): warning CS8603: Possibile restituzione di riferimento Null. [E:\repo\WinHubX\Project\WinHubX\WinHubX.csproj]
E:\repo\WinHubX\Project\WinHubX\Forms\Personalizzazione office\FormAggiungiRimuoviAppOffice.cs(385,24): warning CS8603: Possibile restituzione di riferimento Null. [E:\repo\WinHubX\Project\WinHubX\WinHubX.csproj]
E:\repo\WinHubX\Project\WinHubX\Forms\Personalizzazione office\FormAggiungiRimuoviAppOffice.cs(588,42): warning CS8602: Dereferenziamento di un possibile riferimento Null. [E:\repo\WinHubX\Project\WinHubX\WinHubX.csproj]
E:\repo\WinHubX\Project\WinHubX\Forms\Personalizzazione office\FormAggiungiRimuoviAppOffice.cs(650,20): warning CS8603: Possibile restituzione di riferimento Null. [E:\repo\WinHubX\Project\WinHubX\WinHubX.csproj]
E:\repo\WinHubX\Project\WinHubX\Forms\Personalizzazione office\FormAggiungiRimuoviAppOffice.cs(663,48): warning CS8600: Conversione del valore letterale Null o di un possibile valore Null in un tipo che non ammette i valori Null. [E:\repo\WinHubX\Project\WinHubX\WinHubX.csproj]
E:\repo\WinHubX\Project\WinHubX\Forms\Personalizzazione office\FormAggiungiRimuoviAppOffice.cs(667,57): warning CS8600: Conversione del valore letterale Null o di un possibile valore Null in un tipo che non ammette i valori Null. [E:\repo\WinHubX\Project\WinHubX\WinHubX.csproj]
E:\repo\WinHubX\Project\WinHubX\Forms\Personalizzazione office\FormAggiungiRimuoviAppOffice.cs(673,65): warning CS8600: Conversione del valore letterale Null o di un possibile valore Null in un tipo che non ammette i valori Null. [E:\repo\WinHubX\Project\WinHubX\WinHubX.csproj]
E:\repo\WinHubX\Project\WinHubX\Forms\Personalizzazione office\FormAggiungiRimuoviAppOffice.cs(710,65): warning CS8602: Dereferenziamento di un possibile riferimento Null. [E:\repo\WinHubX\Project\WinHubX\WinHubX.csproj]
E:\repo\WinHubX\Project\WinHubX\Forms\Personalizzazione office\FormAggiungiRimuoviAppOffice.cs(716,43): warning CS8601: Possibile assegnazione di riferimento Null. [E:\repo\WinHubX\Project\WinHubX\WinHubX.csproj]
E:\repo\WinHubX\Project\WinHubX\Forms\Personalizzazione office\FormAggiungiRimuoviAppOffice.cs(735,93): warning CS8600: Conversione del valore letterale Null o di un possibile valore Null in un tipo che non ammette i valori Null. [E:\repo\WinHubX\Project\WinHubX\WinHubX.csproj]
E:\repo\WinHubX\Project\WinHubX\Forms\Settaggi\FormDefender.cs(21,67): warning CS8622: Il supporto dei valori Null dei tipi riferimento nel tipo di parametro 'sender' di 'void FormDefender.checkedListBox1_MouseMove(object sender, MouseEventArgs e)' non corrisponde al delegato di destinazione 'MouseEventHandler', probabilmente a causa degli attributi del supporto dei valori Null. [E:\repo\WinHubX\Project\WinHubX\WinHubX.csproj]
E:\repo\WinHubX\Project\WinHubX\Forms\Settaggi\FormDefender.cs(22,64): warning CS8622: Il supporto dei valori Null dei tipi riferimento nel tipo di parametro 'sender' di 'void FormDefender.checkedListBox2_MouseMove(object sender, MouseEventArgs e)' non corrisponde al delegato di destinazione 'MouseEventHandler', probabilmente a causa degli attributi del supporto dei valori Null. [E:\repo\WinHubX\Project\WinHubX\WinHubX.csproj]
E:\repo\WinHubX\Project\WinHubX\Forms\Settaggi\FormDefender.cs(103,38): warning CS8600: Conversione del valore letterale Null o di un possibile valore Null in un tipo che non ammette i valori Null. [E:\repo\WinHubX\Project\WinHubX\WinHubX.csproj]
E:\repo\WinHubX\Project\WinHubX\Forms\Settaggi\FormDefender.cs(107,36): warning CS8600: Conversione del valore letterale Null o di un possibile valore Null in un tipo che non ammette i valori Null. [E:\repo\WinHubX\Project\WinHubX\WinHubX.csproj]
E:\repo\WinHubX\Project\WinHubX\Forms\Settaggi\FormDefender.cs(276,44): warning CS8600: Conversione del valore letterale Null o di un possibile valore Null in un tipo che non ammette i valori Null. [E:\repo\WinHubX\Project\WinHubX\WinHubX.csproj]
E:\repo\WinHubX\Project\WinHubX\Forms\Settaggi\FormDefender.cs(280,44): warning CS8600: Conversione del valore letterale Null o di un possibile valore Null in un tipo che non ammette i valori Null. [E:\repo\WinHubX\Project\WinHubX\WinHubX.csproj]
E:\repo\WinHubX\Project\WinHubX\Forms\Settaggi\FormDefender.cs(295,42): warning CS8600: Conversione del valore letterale Null o di un possibile valore Null in un tipo che non ammette i valori Null. [E:\repo\WinHubX\Project\WinHubX\WinHubX.csproj]
E:\repo\WinHubX\Project\WinHubX\Forms\Settaggi\FormDefender.cs(301,50): warning CS8600: Conversione del valore letterale Null o di un possibile valore Null in un tipo che non ammette i valori Null. [E:\repo\WinHubX\Project\WinHubX\WinHubX.csproj]
E:\repo\WinHubX\Project\WinHubX\Forms\Settaggi\FormDefender.cs(302,71): warning CS8604: Possibile argomento di riferimento Null per il parametro 'identity' in 'RegistryAccessRule.RegistryAccessRule(IdentityReference identity, RegistryRights registryRights, AccessControlType type)'. [E:\repo\WinHubX\Project\WinHubX\WinHubX.csproj]
E:\repo\WinHubX\Project\WinHubX\Forms\Settaggi\FormDefender.cs(342,13): warning CS8602: Dereferenziamento di un possibile riferimento Null. [E:\repo\WinHubX\Project\WinHubX\WinHubX.csproj]
E:\repo\WinHubX\Project\WinHubX\Forms\Settaggi\FormDefender.cs(355,13): warning CS8602: Dereferenziamento di un possibile riferimento Null. [E:\repo\WinHubX\Project\WinHubX\WinHubX.csproj]
E:\repo\WinHubX\Project\WinHubX\Forms\Settaggi\FormPrivacy.cs(302,48): warning CS8600: Conversione del valore letterale Null o di un possibile valore Null in un tipo che non ammette i valori Null. [E:\repo\WinHubX\Project\WinHubX\WinHubX.csproj]
E:\repo\WinHubX\Project\WinHubX\Forms\Settaggi\FormPrivacy.cs(307,48): warning CS8600: Conversione del valore letterale Null o di un possibile valore Null in un tipo che non ammette i valori Null. [E:\repo\WinHubX\Project\WinHubX\WinHubX.csproj]
E:\repo\WinHubX\Project\WinHubX\Forms\Settaggi\FormPrivacy.cs(395,50): warning CS8600: Conversione del valore letterale Null o di un possibile valore Null in un tipo che non ammette i valori Null. [E:\repo\WinHubX\Project\WinHubX\WinHubX.csproj]
E:\repo\WinHubX\Project\WinHubX\Forms\Settaggi\FormPrivacy.cs(400,50): warning CS8600: Conversione del valore letterale Null o di un possibile valore Null in un tipo che non ammette i valori Null. [E:\repo\WinHubX\Project\WinHubX\WinHubX.csproj]
E:\repo\WinHubX\Project\WinHubX\Forms\Settaggi\FormPrivacy.cs(405,50): warning CS8600: Conversione del valore letterale Null o di un possibile valore Null in un tipo che non ammette i valori Null. [E:\repo\WinHubX\Project\WinHubX\WinHubX.csproj]
E:\repo\WinHubX\Project\WinHubX\Forms\Settaggi\FormPrivacy.cs(411,50): warning CS8600: Conversione del valore letterale Null o di un possibile valore Null in un tipo che non ammette i valori Null. [E:\repo\WinHubX\Project\WinHubX\WinHubX.csproj]
E:\repo\WinHubX\Project\WinHubX\Forms\Settaggi\FormPrivacy.cs(515,50): warning CS8600: Conversione del valore letterale Null o di un possibile valore Null in un tipo che non ammette i valori Null. [E:\repo\WinHubX\Project\WinHubX\WinHubX.csproj]
E:\repo\WinHubX\Project\WinHubX\Forms\Settaggi\FormPrivacy.cs(521,50): warning CS8600: Conversione del valore letterale Null o di un possibile valore Null in un tipo che non ammette i valori Null. [E:\repo\WinHubX\Project\WinHubX\WinHubX.csproj]
E:\repo\WinHubX\Project\WinHubX\Forms\Settaggi\FormPrivacy.cs(527,50): warning CS8600: Conversione del valore letterale Null o di un possibile valore Null in un tipo che non ammette i valori Null. [E:\repo\WinHubX\Project\WinHubX\WinHubX.csproj]
E:\repo\WinHubX\Project\WinHubX\Forms\Settaggi\FormPrivacy.cs(532,50): warning CS8600: Conversione del valore letterale Null o di un possibile valore Null in un tipo che non ammette i valori Null. [E:\repo\WinHubX\Project\WinHubX\WinHubX.csproj]
E:\repo\WinHubX\Project\WinHubX\Forms\Settaggi\FormPrivacy.cs(537,50): warning CS8600: Conversione del valore letterale Null o di un possibile valore Null in un tipo che non ammette i valori Null. [E:\repo\WinHubX\Project\WinHubX\WinHubX.csproj]
E:\repo\WinHubX\Project\WinHubX\Forms\Settaggi\FormPrivacy.cs(542,50): warning CS8600: Conversione del valore letterale Null o di un possibile valore Null in un tipo che non ammette i valori Null. [E:\repo\WinHubX\Project\WinHubX\WinHubX.csproj]
E:\repo\WinHubX\Project\WinHubX\Forms\Settaggi\FormPrivacy.cs(564,48): warning CS8600: Conversione del valore letterale Null o di un possibile valore Null in un tipo che non ammette i valori Null. [E:\repo\WinHubX\Project\WinHubX\WinHubX.csproj]
E:\repo\WinHubX\Project\WinHubX\Forms\Settaggi\FormPrivacy.cs(569,48): warning CS8600: Conversione del valore letterale Null o di un possibile valore Null in un tipo che non ammette i valori Null. [E:\repo\WinHubX\Project\WinHubX\WinHubX.csproj]
E:\repo\WinHubX\Project\WinHubX\Forms\Settaggi\FormPrivacy.cs(605,48): warning CS8600: Conversione del valore letterale Null o di un possibile valore Null in un tipo che non ammette i valori Null. [E:\repo\WinHubX\Project\WinHubX\WinHubX.csproj]
E:\repo\WinHubX\Project\WinHubX\Forms\Settaggi\FormPrivacy.cs(611,48): warning CS8600: Conversione del valore letterale Null o di un possibile valore Null in un tipo che non ammette i valori Null. [E:\repo\WinHubX\Project\WinHubX\WinHubX.csproj]
E:\repo\WinHubX\Project\WinHubX\Forms\Settaggi\FormPrivacy.cs(640,48): warning CS8600: Conversione del valore letterale Null o di un possibile valore Null in un tipo che non ammette i valori Null. [E:\repo\WinHubX\Project\WinHubX\WinHubX.csproj]
E:\repo\WinHubX\Project\WinHubX\Forms\Settaggi\FormPrivacy.cs(645,48): warning CS8600: Conversione del valore letterale Null o di un possibile valore Null in un tipo che non ammette i valori Null. [E:\repo\WinHubX\Project\WinHubX\WinHubX.csproj]
E:\repo\WinHubX\Project\WinHubX\Forms\Settaggi\FormPrivacy.cs(682,48): warning CS8600: Conversione del valore letterale Null o di un possibile valore Null in un tipo che non ammette i valori Null. [E:\repo\WinHubX\Project\WinHubX\WinHubX.csproj]
E:\repo\WinHubX\Project\WinHubX\Forms\Settaggi\FormPrivacy.cs(687,48): warning CS8600: Conversione del valore letterale Null o di un possibile valore Null in un tipo che non ammette i valori Null. [E:\repo\WinHubX\Project\WinHubX\WinHubX.csproj]
E:\repo\WinHubX\Project\WinHubX\Forms\Settaggi\FormPrivacy.cs(709,48): warning CS8600: Conversione del valore letterale Null o di un possibile valore Null in un tipo che non ammette i valori Null. [E:\repo\WinHubX\Project\WinHubX\WinHubX.csproj]
E:\repo\WinHubX\Project\WinHubX\Forms\Settaggi\FormPrivacy.cs(714,48): warning CS8600: Conversione del valore letterale Null o di un possibile valore Null in un tipo che non ammette i valori Null. [E:\repo\WinHubX\Project\WinHubX\WinHubX.csproj]
E:\repo\WinHubX\Project\WinHubX\Forms\Settaggi\FormPrivacy.cs(755,48): warning CS8600: Conversione del valore letterale Null o di un possibile valore Null in un tipo che non ammette i valori Null. [E:\repo\WinHubX\Project\WinHubX\WinHubX.csproj]
E:\repo\WinHubX\Project\WinHubX\Forms\Settaggi\FormPrivacy.cs(760,48): warning CS8600: Conversione del valore letterale Null o di un possibile valore Null in un tipo che non ammette i valori Null. [E:\repo\WinHubX\Project\WinHubX\WinHubX.csproj]
E:\repo\WinHubX\Project\WinHubX\Forms\Settaggi\FormPrivacy.cs(782,48): warning CS8600: Conversione del valore letterale Null o di un possibile valore Null in un tipo che non ammette i valori Null. [E:\repo\WinHubX\Project\WinHubX\WinHubX.csproj]
E:\repo\WinHubX\Project\WinHubX\Forms\Settaggi\FormPrivacy.cs(787,48): warning CS8600: Conversione del valore letterale Null o di un possibile valore Null in un tipo che non ammette i valori Null. [E:\repo\WinHubX\Project\WinHubX\WinHubX.csproj]
E:\repo\WinHubX\Project\WinHubX\Forms\Settaggi\FormPrivacy.cs(810,48): warning CS8600: Conversione del valore letterale Null o di un possibile valore Null in un tipo che non ammette i valori Null. [E:\repo\WinHubX\Project\WinHubX\WinHubX.csproj]
E:\repo\WinHubX\Project\WinHubX\Forms\Settaggi\FormPrivacy.cs(815,48): warning CS8600: Conversione del valore letterale Null o di un possibile valore Null in un tipo che non ammette i valori Null. [E:\repo\WinHubX\Project\WinHubX\WinHubX.csproj]
E:\repo\WinHubX\Project\WinHubX\Forms\Settaggi\FormPrivacy.cs(850,48): warning CS8600: Conversione del valore letterale Null o di un possibile valore Null in un tipo che non ammette i valori Null. [E:\repo\WinHubX\Project\WinHubX\WinHubX.csproj]
E:\repo\WinHubX\Project\WinHubX\Forms\Settaggi\FormPrivacy.cs(861,48): warning CS8600: Conversione del valore letterale Null o di un possibile valore Null in un tipo che non ammette i valori Null. [E:\repo\WinHubX\Project\WinHubX\WinHubX.csproj]
E:\repo\WinHubX\Project\WinHubX\Forms\Settaggi\FormPrivacy.cs(944,59): warning CS8600: Conversione del valore letterale Null o di un possibile valore Null in un tipo che non ammette i valori Null. [E:\repo\WinHubX\Project\WinHubX\WinHubX.csproj]
E:\repo\WinHubX\Project\WinHubX\Forms\Settaggi\FormPrivacy.cs(949,59): warning CS8600: Conversione del valore letterale Null o di un possibile valore Null in un tipo che non ammette i valori Null. [E:\repo\WinHubX\Project\WinHubX\WinHubX.csproj]
E:\repo\WinHubX\Project\WinHubX\Forms\Settaggi\FormPrivacy.cs(953,59): warning CS8600: Conversione del valore letterale Null o di un possibile valore Null in un tipo che non ammette i valori Null. [E:\repo\WinHubX\Project\WinHubX\WinHubX.csproj]
E:\repo\WinHubX\Project\WinHubX\Forms\Settaggi\FormPrivacy.cs(958,59): warning CS8600: Conversione del valore letterale Null o di un possibile valore Null in un tipo che non ammette i valori Null. [E:\repo\WinHubX\Project\WinHubX\WinHubX.csproj]
E:\repo\WinHubX\Project\WinHubX\Forms\Settaggi\FormPrivacy.cs(962,51): warning CS8600: Conversione del valore letterale Null o di un possibile valore Null in un tipo che non ammette i valori Null. [E:\repo\WinHubX\Project\WinHubX\WinHubX.csproj]
E:\repo\WinHubX\Project\WinHubX\Forms\Settaggi\FormPrivacy.cs(967,51): warning CS8600: Conversione del valore letterale Null o di un possibile valore Null in un tipo che non ammette i valori Null. [E:\repo\WinHubX\Project\WinHubX\WinHubX.csproj]
E:\repo\WinHubX\Project\WinHubX\Forms\Settaggi\FormPrivacy.cs(971,60): warning CS8600: Conversione del valore letterale Null o di un possibile valore Null in un tipo che non ammette i valori Null. [E:\repo\WinHubX\Project\WinHubX\WinHubX.csproj]
E:\repo\WinHubX\Project\WinHubX\Forms\Settaggi\FormPrivacy.cs(976,60): warning CS8600: Conversione del valore letterale Null o di un possibile valore Null in un tipo che non ammette i valori Null. [E:\repo\WinHubX\Project\WinHubX\WinHubX.csproj]
E:\repo\WinHubX\Project\WinHubX\Forms\Settaggi\FormPrivacy.cs(1074,52): warning CS8600: Conversione del valore letterale Null o di un possibile valore Null in un tipo che non ammette i valori Null. [E:\repo\WinHubX\Project\WinHubX\WinHubX.csproj]
E:\repo\WinHubX\Project\WinHubX\Forms\Settaggi\FormPrivacy.cs(1164,48): warning CS8600: Conversione del valore letterale Null o di un possibile valore Null in un tipo che non ammette i valori Null. [E:\repo\WinHubX\Project\WinHubX\WinHubX.csproj]
E:\repo\WinHubX\Project\WinHubX\Forms\Settaggi\FormPrivacy.cs(1169,48): warning CS8600: Conversione del valore letterale Null o di un possibile valore Null in un tipo che non ammette i valori Null. [E:\repo\WinHubX\Project\WinHubX\WinHubX.csproj]
E:\repo\WinHubX\Project\WinHubX\Forms\Settaggi\FormPrivacy.cs(1202,48): warning CS8600: Conversione del valore letterale Null o di un possibile valore Null in un tipo che non ammette i valori Null. [E:\repo\WinHubX\Project\WinHubX\WinHubX.csproj]
E:\repo\WinHubX\Project\WinHubX\Forms\Settaggi\FormPrivacy.cs(1206,48): warning CS8600: Conversione del valore letterale Null o di un possibile valore Null in un tipo che non ammette i valori Null. [E:\repo\WinHubX\Project\WinHubX\WinHubX.csproj]
E:\repo\WinHubX\Project\WinHubX\Forms\Settaggi\FormPrivacy.cs(1234,48): warning CS8600: Conversione del valore letterale Null o di un possibile valore Null in un tipo che non ammette i valori Null. [E:\repo\WinHubX\Project\WinHubX\WinHubX.csproj]
E:\repo\WinHubX\Project\WinHubX\Forms\Settaggi\FormPrivacy.cs(1238,48): warning CS8600: Conversione del valore letterale Null o di un possibile valore Null in un tipo che non ammette i valori Null. [E:\repo\WinHubX\Project\WinHubX\WinHubX.csproj]
E:\repo\WinHubX\Project\WinHubX\Forms\Settaggi\FormPrivacy.cs(1296,48): warning CS8600: Conversione del valore letterale Null o di un possibile valore Null in un tipo che non ammette i valori Null. [E:\repo\WinHubX\Project\WinHubX\WinHubX.csproj]
E:\repo\WinHubX\Project\WinHubX\Forms\Settaggi\FormPrivacy.cs(1300,48): warning CS8600: Conversione del valore letterale Null o di un possibile valore Null in un tipo che non ammette i valori Null. [E:\repo\WinHubX\Project\WinHubX\WinHubX.csproj]
E:\repo\WinHubX\Project\WinHubX\Forms\Settaggi\FormPrivacy.cs(1378,48): warning CS8600: Conversione del valore letterale Null o di un possibile valore Null in un tipo che non ammette i valori Null. [E:\repo\WinHubX\Project\WinHubX\WinHubX.csproj]
E:\repo\WinHubX\Project\WinHubX\Forms\Settaggi\FormPrivacy.cs(1389,48): warning CS8600: Conversione del valore letterale Null o di un possibile valore Null in un tipo che non ammette i valori Null. [E:\repo\WinHubX\Project\WinHubX\WinHubX.csproj]
E:\repo\WinHubX\Project\WinHubX\Forms\Settaggi\FormPrivacy.cs(1434,48): warning CS8600: Conversione del valore letterale Null o di un possibile valore Null in un tipo che non ammette i valori Null. [E:\repo\WinHubX\Project\WinHubX\WinHubX.csproj]
E:\repo\WinHubX\Project\WinHubX\Forms\Settaggi\FormPrivacy.cs(1448,48): warning CS8600: Conversione del valore letterale Null o di un possibile valore Null in un tipo che non ammette i valori Null. [E:\repo\WinHubX\Project\WinHubX\WinHubX.csproj]
E:\repo\WinHubX\Project\WinHubX\Forms\Settaggi\FormPrivacy.cs(1483,48): warning CS8600: Conversione del valore letterale Null o di un possibile valore Null in un tipo che non ammette i valori Null. [E:\repo\WinHubX\Project\WinHubX\WinHubX.csproj]
E:\repo\WinHubX\Project\WinHubX\Forms\Settaggi\FormPrivacy.cs(1496,48): warning CS8600: Conversione del valore letterale Null o di un possibile valore Null in un tipo che non ammette i valori Null. [E:\repo\WinHubX\Project\WinHubX\WinHubX.csproj]
E:\repo\WinHubX\Project\WinHubX\Forms\Settaggi\FormPrivacy.cs(1548,59): warning CS8600: Conversione del valore letterale Null o di un possibile valore Null in un tipo che non ammette i valori Null. [E:\repo\WinHubX\Project\WinHubX\WinHubX.csproj]
E:\repo\WinHubX\Project\WinHubX\Forms\Settaggi\FormPrivacy.cs(1553,59): warning CS8600: Conversione del valore letterale Null o di un possibile valore Null in un tipo che non ammette i valori Null. [E:\repo\WinHubX\Project\WinHubX\WinHubX.csproj]
E:\repo\WinHubX\Project\WinHubX\Forms\Settaggi\FormPrivacy.cs(1557,59): warning CS8600: Conversione del valore letterale Null o di un possibile valore Null in un tipo che non ammette i valori Null. [E:\repo\WinHubX\Project\WinHubX\WinHubX.csproj]
E:\repo\WinHubX\Project\WinHubX\Forms\Settaggi\FormPrivacy.cs(1562,59): warning CS8600: Conversione del valore letterale Null o di un possibile valore Null in un tipo che non ammette i valori Null. [E:\repo\WinHubX\Project\WinHubX\WinHubX.csproj]
E:\repo\WinHubX\Project\WinHubX\Forms\Settaggi\FormPrivacy.cs(1566,51): warning CS8600: Conversione del valore letterale Null o di un possibile valore Null in un tipo che non ammette i valori Null. [E:\repo\WinHubX\Project\WinHubX\WinHubX.csproj]
E:\repo\WinHubX\Project\WinHubX\Forms\Settaggi\FormPrivacy.cs(1571,51): warning CS8600: Conversione del valore letterale Null o di un possibile valore Null in un tipo che non ammette i valori Null. [E:\repo\WinHubX\Project\WinHubX\WinHubX.csproj]
E:\repo\WinHubX\Project\WinHubX\Forms\Settaggi\FormPrivacy.cs(1575,60): warning CS8600: Conversione del valore letterale Null o di un possibile valore Null in un tipo che non ammette i valori Null. [E:\repo\WinHubX\Project\WinHubX\WinHubX.csproj]
E:\repo\WinHubX\Project\WinHubX\Forms\Settaggi\FormPrivacy.cs(1580,60): warning CS8600: Conversione del valore letterale Null o di un possibile valore Null in un tipo che non ammette i valori Null. [E:\repo\WinHubX\Project\WinHubX\WinHubX.csproj]
E:\repo\WinHubX\Project\WinHubX\Forms\Settaggi\FormPrivacy.cs(1668,46): warning CS8600: Conversione del valore letterale Null o di un possibile valore Null in un tipo che non ammette i valori Null. [E:\repo\WinHubX\Project\WinHubX\WinHubX.csproj]
E:\repo\WinHubX\Project\WinHubX\Forms\Settaggi\FormPrivacy.cs(1688,35): warning CS8600: Conversione del valore letterale Null o di un possibile valore Null in un tipo che non ammette i valori Null. [E:\repo\WinHubX\Project\WinHubX\WinHubX.csproj]
E:\repo\WinHubX\Project\WinHubX\Forms\Settaggi\FormPrivacy.cs(1692,35): warning CS8600: Conversione del valore letterale Null o di un possibile valore Null in un tipo che non ammette i valori Null. [E:\repo\WinHubX\Project\WinHubX\WinHubX.csproj]
E:\repo\WinHubX\Project\WinHubX\Forms\Settaggi\FormPrivacy.cs(1715,35): warning CS8600: Conversione del valore letterale Null o di un possibile valore Null in un tipo che non ammette i valori Null. [E:\repo\WinHubX\Project\WinHubX\WinHubX.csproj]
E:\repo\WinHubX\Project\WinHubX\Forms\Settaggi\FormPrivacy.cs(1716,41): warning CS8602: Dereferenziamento di un possibile riferimento Null. [E:\repo\WinHubX\Project\WinHubX\WinHubX.csproj]
E:\repo\WinHubX\Project\WinHubX\Forms\Settaggi\FormPrivacy.cs(1721,52): warning CS8622: Il supporto dei valori Null dei tipi riferimento nel tipo di parametro 'sender' di 'void FormPrivacy.DisabilitaPrivacy_ItemCheck(object sender, ItemCheckEventArgs e)' non corrisponde al delegato di destinazione 'ItemCheckEventHandler', probabilmente a causa degli attributi del supporto dei valori Null. [E:\repo\WinHubX\Project\WinHubX\WinHubX.csproj]
E:\repo\WinHubX\Project\WinHubX\Forms\Settaggi\FormPrivacy.cs(1723,52): warning CS8622: Il supporto dei valori Null dei tipi riferimento nel tipo di parametro 'sender' di 'void FormPrivacy.DisabilitaPrivacy_ItemCheck(object sender, ItemCheckEventArgs e)' non corrisponde al delegato di destinazione 'ItemCheckEventHandler', probabilmente a causa degli attributi del supporto dei valori Null. [E:\repo\WinHubX\Project\WinHubX\WinHubX.csproj]
E:\repo\WinHubX\Project\WinHubX\Forms\Settaggi\FormPrivacy.cs(1733,39): warning CS8600: Conversione del valore letterale Null o di un possibile valore Null in un tipo che non ammette i valori Null. [E:\repo\WinHubX\Project\WinHubX\WinHubX.csproj]
E:\repo\WinHubX\Project\WinHubX\Forms\Settaggi\FormPrivacy.cs(1734,42): warning CS8602: Dereferenziamento di un possibile riferimento Null. [E:\repo\WinHubX\Project\WinHubX\WinHubX.csproj]
E:\repo\WinHubX\Project\WinHubX\Forms\Settaggi\FormPrivacy.cs(1739,53): warning CS8622: Il supporto dei valori Null dei tipi riferimento nel tipo di parametro 'sender' di 'void FormPrivacy.AbilitaPrivacy_ItemCheck(object sender, ItemCheckEventArgs e)' non corrisponde al delegato di destinazione 'ItemCheckEventHandler', probabilmente a causa degli attributi del supporto dei valori Null. [E:\repo\WinHubX\Project\WinHubX\WinHubX.csproj]
E:\repo\WinHubX\Project\WinHubX\Forms\Settaggi\FormPrivacy.cs(1741,53): warning CS8622: Il supporto dei valori Null dei tipi riferimento nel tipo di parametro 'sender' di 'void FormPrivacy.AbilitaPrivacy_ItemCheck(object sender, ItemCheckEventArgs e)' non corrisponde al delegato di destinazione 'ItemCheckEventHandler', probabilmente a causa degli attributi del supporto dei valori Null. [E:\repo\WinHubX\Project\WinHubX\WinHubX.csproj]
E:\repo\WinHubX\Project\WinHubX\Forms\Settaggi\FormDefender.cs(418,25): warning CS8602: Dereferenziamento di un possibile riferimento Null. [E:\repo\WinHubX\Project\WinHubX\WinHubX.csproj]
E:\repo\WinHubX\Project\WinHubX\Forms\Settaggi\FormDefender.cs(705,25): warning CS8602: Dereferenziamento di un possibile riferimento Null. [E:\repo\WinHubX\Project\WinHubX\WinHubX.csproj]
E:\repo\WinHubX\Project\WinHubX\Forms\Settaggi\FormDefender.cs(1023,35): warning CS8600: Conversione del valore letterale Null o di un possibile valore Null in un tipo che non ammette i valori Null. [E:\repo\WinHubX\Project\WinHubX\WinHubX.csproj]
E:\repo\WinHubX\Project\WinHubX\Forms\Settaggi\FormDefender.cs(1024,41): warning CS8602: Dereferenziamento di un possibile riferimento Null. [E:\repo\WinHubX\Project\WinHubX\WinHubX.csproj]
E:\repo\WinHubX\Project\WinHubX\Forms\Settaggi\FormDefender.cs(1029,53): warning CS8622: Il supporto dei valori Null dei tipi riferimento nel tipo di parametro 'sender' di 'void FormDefender.DisabilitaDefender_ItemCheck(object sender, ItemCheckEventArgs e)' non corrisponde al delegato di destinazione 'ItemCheckEventHandler', probabilmente a causa degli attributi del supporto dei valori Null. [E:\repo\WinHubX\Project\WinHubX\WinHubX.csproj]
E:\repo\WinHubX\Project\WinHubX\Forms\Settaggi\FormDefender.cs(1031,53): warning CS8622: Il supporto dei valori Null dei tipi riferimento nel tipo di parametro 'sender' di 'void FormDefender.DisabilitaDefender_ItemCheck(object sender, ItemCheckEventArgs e)' non corrisponde al delegato di destinazione 'ItemCheckEventHandler', probabilmente a causa degli attributi del supporto dei valori Null. [E:\repo\WinHubX\Project\WinHubX\WinHubX.csproj]
E:\repo\WinHubX\Project\WinHubX\Forms\Settaggi\FormDefender.cs(1041,39): warning CS8600: Conversione del valore letterale Null o di un possibile valore Null in un tipo che non ammette i valori Null. [E:\repo\WinHubX\Project\WinHubX\WinHubX.csproj]
E:\repo\WinHubX\Project\WinHubX\Forms\Settaggi\FormDefender.cs(1042,42): warning CS8602: Dereferenziamento di un possibile riferimento Null. [E:\repo\WinHubX\Project\WinHubX\WinHubX.csproj]
E:\repo\WinHubX\Project\WinHubX\Forms\Settaggi\FormDefender.cs(1047,54): warning CS8622: Il supporto dei valori Null dei tipi riferimento nel tipo di parametro 'sender' di 'void FormDefender.AbilitaDefender_ItemCheck(object sender, ItemCheckEventArgs e)' non corrisponde al delegato di destinazione 'ItemCheckEventHandler', probabilmente a causa degli attributi del supporto dei valori Null. [E:\repo\WinHubX\Project\WinHubX\WinHubX.csproj]
E:\repo\WinHubX\Project\WinHubX\Forms\Settaggi\FormDefender.cs(1049,54): warning CS8622: Il supporto dei valori Null dei tipi riferimento nel tipo di parametro 'sender' di 'void FormDefender.AbilitaDefender_ItemCheck(object sender, ItemCheckEventArgs e)' non corrisponde al delegato di destinazione 'ItemCheckEventHandler', probabilmente a causa degli attributi del supporto dei valori Null. [E:\repo\WinHubX\Project\WinHubX\WinHubX.csproj]
E:\repo\WinHubX\Project\WinHubX\Forms\Settaggi\FormDefender.Designer.cs(348,23): warning CS0169: Il campo 'FormDefender.label4' non viene mai usato [E:\repo\WinHubX\Project\WinHubX\WinHubX.csproj]
E:\repo\WinHubX\Project\WinHubX\Forms\ImpostazioniApp\FormImpostazioniApp.Designer.cs(376,44): warning CS0169: Il campo 'FormImpostazioniApp.btnInstallaVerdi' non viene mai usato [E:\repo\WinHubX\Project\WinHubX\WinHubX.csproj]
E:\repo\WinHubX\Project\WinHubX\Forms\CreaISO\FormCreazioneISO.Designer.cs(144,59): warning CS0169: Il campo 'FormCreazioneISO.cuiProgressBarHorizontal1' non viene mai usato [E:\repo\WinHubX\Project\WinHubX\WinHubX.csproj]
E:\repo\WinHubX\Project\WinHubX\Forms\Base\FormWin.cs(17,24): warning CS0169: Il campo 'FormWin.selectedVersion' non viene mai usato [E:\repo\WinHubX\Project\WinHubX\WinHubX.csproj]
E:\repo\WinHubX\Project\WinHubX\Forms\Settaggi\FormPersonalizzazione.Designer.cs(497,23): warning CS0169: Il campo 'FormPersonalizzazione.panel7' non viene mai usato [E:\repo\WinHubX\Project\WinHubX\WinHubX.csproj]
E:\repo\WinHubX\Project\WinHubX\Forms\Base\FormMonitoraggio.Designer.cs(748,44): warning CS0169: Il campo 'FormMonitoraggio.cuiButton1' non viene mai usato [E:\repo\WinHubX\Project\WinHubX\WinHubX.csproj]
E:\repo\WinHubX\Project\WinHubX\Forms\Base\FormHome.Designer.cs(258,24): warning CS0169: Il campo 'FormHome.button1' non viene mai usato [E:\repo\WinHubX\Project\WinHubX\WinHubX.csproj]
E:\repo\WinHubX\Project\WinHubX\Forms\Settaggi\FormUpdate.Designer.cs(348,29): warning CS0169: Il campo 'FormUpdate.progressBar1' non viene mai usato [E:\repo\WinHubX\Project\WinHubX\WinHubX.csproj]
E:\repo\WinHubX\Project\WinHubX\Forms\Base\Form1.cs(24,28): warning CS0169: Il campo 'Form1.notifyIcon' non viene mai usato [E:\repo\WinHubX\Project\WinHubX\WinHubX.csproj]
E:\repo\WinHubX\Project\WinHubX\Forms\ImpostazioniApp\FormImpostazioniApp.Designer.cs(375,26): warning CS0169: Il campo 'FormImpostazioniApp.checkBox_powerpoint' non viene mai usato [E:\repo\WinHubX\Project\WinHubX\WinHubX.csproj]
E:\repo\WinHubX\Project\WinHubX\Forms\CreaISO\FormCreazioneISO.Designer.cs(142,56): warning CS0169: Il campo 'FormCreazioneISO.backgroundWorker1' non viene mai usato [E:\repo\WinHubX\Project\WinHubX\WinHubX.csproj]
E:\repo\WinHubX\Project\WinHubX\Forms\Base\FormDebloat.Designer.cs(320,23): warning CS0169: Il campo 'FormDebloat.lblInfoWin12' non viene mai usato [E:\repo\WinHubX\Project\WinHubX\WinHubX.csproj]
E:\repo\WinHubX\Project\WinHubX\Forms\Settaggi\FormPersonalizzazione.Designer.cs(495,23): warning CS0169: Il campo 'FormPersonalizzazione.panel32' non viene mai usato [E:\repo\WinHubX\Project\WinHubX\WinHubX.csproj]
E:\repo\WinHubX\Project\WinHubX\Forms\Base\FormDebloat.Designer.cs(319,24): warning CS0169: Il campo 'FormDebloat.btnDebloatAuto' non viene mai usato [E:\repo\WinHubX\Project\WinHubX\WinHubX.csproj]
E:\repo\WinHubX\Project\WinHubX\Forms\Base\FormSettaggi.Designer.cs(470,44): warning CS0169: Il campo 'FormSettaggi.btnRipristinoeTestTweaks' non viene mai usato [E:\repo\WinHubX\Project\WinHubX\WinHubX.csproj]
E:\repo\WinHubX\Project\WinHubX\Forms\Base\FormSettaggi.cs(16,40): warning CS0169: Il campo 'FormSettaggi.formPersonalizzazione' non viene mai usato [E:\repo\WinHubX\Project\WinHubX\WinHubX.csproj]
E:\repo\WinHubX\Project\WinHubX\Forms\Base\FormDebloat.Designer.cs(327,44): warning CS0169: Il campo 'FormDebloat.btnRiprisitinoDefenderVerdi' non viene mai usato [E:\repo\WinHubX\Project\WinHubX\WinHubX.csproj]
E:\repo\WinHubX\Project\WinHubX\Forms\Base\FormWin.cs(15,24): warning CS0169: Il campo 'FormWin.selectedOS' non viene mai usato [E:\repo\WinHubX\Project\WinHubX\WinHubX.csproj]
E:\repo\WinHubX\Project\WinHubX\Forms\Base\Form1.cs(25,34): warning CS0169: Il campo 'Form1.trayIconContextMenu' non viene mai usato [E:\repo\WinHubX\Project\WinHubX\WinHubX.csproj]
E:\repo\WinHubX\Project\WinHubX\Forms\Base\FormWin.cs(16,25): warning CS0169: Il campo 'FormWin.selectedArch' non viene mai usato [E:\repo\WinHubX\Project\WinHubX\WinHubX.csproj]
E:\repo\WinHubX\Project\WinHubX\Forms\Base\FormDebloat.Designer.cs(328,44): warning CS0169: Il campo 'FormDebloat.btnProtezioneMinimaVerdi' non viene mai usato [E:\repo\WinHubX\Project\WinHubX\WinHubX.csproj]
E:\repo\WinHubX\Project\WinHubX\Forms\Settaggi\FormPersonalizzazione.Designer.cs(496,23): warning CS0169: Il campo 'FormPersonalizzazione.panel4' non viene mai usato [E:\repo\WinHubX\Project\WinHubX\WinHubX.csproj]
E:\repo\WinHubX\Project\WinHubX\Forms\DriverRST\FormDriverRST.Designer.cs(105,26): warning CS0169: Il campo 'FormDriverRST.checkBox_powerpoint' non viene mai usato [E:\repo\WinHubX\Project\WinHubX\WinHubX.csproj]
E:\repo\WinHubX\Project\WinHubX\Forms\InstallaComponenti\FormInstallaComponenti.Designer.cs(174,26): warning CS0169: Il campo 'FormInstallaComponenti.checkBox_powerpoint' non viene mai usato [E:\repo\WinHubX\Project\WinHubX\WinHubX.csproj]
E:\repo\WinHubX\Project\WinHubX\Forms\Base\FormWin.cs(18,24): warning CS0169: Il campo 'FormWin.selectedLanguage' non viene mai usato [E:\repo\WinHubX\Project\WinHubX\WinHubX.csproj]
E:\repo\WinHubX\Project\WinHubX\Forms\Settaggi\FormPersonalizzazione.cs(17,22): warning CS0169: Il campo 'FormPersonalizzazione.isSSD' non viene mai usato [E:\repo\WinHubX\Project\WinHubX\WinHubX.csproj]
E:\repo\WinHubX\Project\WinHubX\Forms\Settaggi\FormPersonalizzazione.Designer.cs(498,23): warning CS0169: Il campo 'FormPersonalizzazione.label2' non viene mai usato [E:\repo\WinHubX\Project\WinHubX\WinHubX.csproj]
E:\repo\WinHubX\Project\WinHubX\Forms\Base\FormOffice.Designer.cs(464,29): warning CS0169: Il campo 'FormOffice.richTextBoxInfo' non viene mai usato [E:\repo\WinHubX\Project\WinHubX\WinHubX.csproj]
E:\repo\WinHubX\Project\WinHubX\Forms\Base\FormMonitoraggio.cs(37,22): warning CS0414: Il campo 'FormMonitoraggio._notificationAlreadyShown' è assegnato, ma il suo valore non viene mai usato [E:\repo\WinHubX\Project\WinHubX\WinHubX.csproj]
E:\repo\WinHubX\Project\WinHubX\Forms\Base\FormMonitoraggio.cs(35,22): warning CS0414: Il campo 'FormMonitoraggio._isMonitoringOn' è assegnato, ma il suo valore non viene mai usato [E:\repo\WinHubX\Project\WinHubX\WinHubX.csproj]
E:\repo\WinHubX\Project\WinHubX\Forms\Base\FormMonitoraggio.cs(36,22): warning CS0414: Il campo 'FormMonitoraggio._isTemperatureOn' è assegnato, ma il suo valore non viene mai usato [E:\repo\WinHubX\Project\WinHubX\WinHubX.csproj]
  WinHubX -> E:\repo\WinHubX\Project\WinHubX\bin\Release\net10.0-windows\WinHubX.dll

Compilazione completata.

Forms\Base\FormMonitoraggio.resx : warning MSB3568: il nome di risorsa duplicato ">>domainUpDown1.Name" non è consentito e verrà ignorato. [E:\repo\WinHubX\Project\WinHubX\WinHubX.csproj]
Forms\Base\FormMonitoraggio.resx : warning MSB3568: il nome di risorsa duplicato ">>domainUpDown1.Type" non è consentito e verrà ignorato. [E:\repo\WinHubX\Project\WinHubX\WinHubX.csproj]
Forms\Base\FormMonitoraggio.resx : warning MSB3568: il nome di risorsa duplicato ">>domainUpDown1.Parent" non è consentito e verrà ignorato. [E:\repo\WinHubX\Project\WinHubX\WinHubX.csproj]
Forms\Base\FormMonitoraggio.resx : warning MSB3568: il nome di risorsa duplicato ">>domainUpDown1.ZOrder" non è consentito e verrà ignorato. [E:\repo\WinHubX\Project\WinHubX\WinHubX.csproj]
Forms\Base\FormMonitoraggio.resx : warning MSB3568: il nome di risorsa duplicato ">>BarTEMPtext.Name" non è consentito e verrà ignorato. [E:\repo\WinHubX\Project\WinHubX\WinHubX.csproj]
Forms\Base\FormMonitoraggio.resx : warning MSB3568: il nome di risorsa duplicato ">>BarTEMPtext.Type" non è consentito e verrà ignorato. [E:\repo\WinHubX\Project\WinHubX\WinHubX.csproj]
Forms\Base\FormMonitoraggio.resx : warning MSB3568: il nome di risorsa duplicato ">>BarTEMPtext.Parent" non è consentito e verrà ignorato. [E:\repo\WinHubX\Project\WinHubX\WinHubX.csproj]
Forms\Base\FormMonitoraggio.resx : warning MSB3568: il nome di risorsa duplicato ">>BarTEMPtext.ZOrder" non è consentito e verrà ignorato. [E:\repo\WinHubX\Project\WinHubX\WinHubX.csproj]
Forms\Base\FormMonitoraggio.resx : warning MSB3568: il nome di risorsa duplicato ">>BarTEMP.Name" non è consentito e verrà ignorato. [E:\repo\WinHubX\Project\WinHubX\WinHubX.csproj]
Forms\Base\FormMonitoraggio.resx : warning MSB3568: il nome di risorsa duplicato ">>BarTEMP.Type" non è consentito e verrà ignorato. [E:\repo\WinHubX\Project\WinHubX\WinHubX.csproj]
Forms\Base\FormMonitoraggio.resx : warning MSB3568: il nome di risorsa duplicato ">>BarTEMP.Parent" non è consentito e verrà ignorato. [E:\repo\WinHubX\Project\WinHubX\WinHubX.csproj]
Forms\Base\FormMonitoraggio.resx : warning MSB3568: il nome di risorsa duplicato ">>BarTEMP.ZOrder" non è consentito e verrà ignorato. [E:\repo\WinHubX\Project\WinHubX\WinHubX.csproj]
Forms\Base\FormMonitoraggio.resx : warning MSB3568: il nome di risorsa duplicato ">>label21.Name" non è consentito e verrà ignorato. [E:\repo\WinHubX\Project\WinHubX\WinHubX.csproj]
Forms\Base\FormMonitoraggio.resx : warning MSB3568: il nome di risorsa duplicato ">>label21.Type" non è consentito e verrà ignorato. [E:\repo\WinHubX\Project\WinHubX\WinHubX.csproj]
Forms\Base\FormMonitoraggio.resx : warning MSB3568: il nome di risorsa duplicato ">>label21.Parent" non è consentito e verrà ignorato. [E:\repo\WinHubX\Project\WinHubX\WinHubX.csproj]
Forms\Base\FormMonitoraggio.resx : warning MSB3568: il nome di risorsa duplicato ">>label21.ZOrder" non è consentito e verrà ignorato. [E:\repo\WinHubX\Project\WinHubX\WinHubX.csproj]
Forms\Base\FormMonitoraggio.resx : warning MSB3568: il nome di risorsa duplicato ">>label3.Name" non è consentito e verrà ignorato. [E:\repo\WinHubX\Project\WinHubX\WinHubX.csproj]
Forms\Base\FormMonitoraggio.resx : warning MSB3568: il nome di risorsa duplicato ">>label3.Type" non è consentito e verrà ignorato. [E:\repo\WinHubX\Project\WinHubX\WinHubX.csproj]
Forms\Base\FormMonitoraggio.resx : warning MSB3568: il nome di risorsa duplicato ">>label3.Parent" non è consentito e verrà ignorato. [E:\repo\WinHubX\Project\WinHubX\WinHubX.csproj]
Forms\Base\FormMonitoraggio.resx : warning MSB3568: il nome di risorsa duplicato ">>label3.ZOrder" non è consentito e verrà ignorato. [E:\repo\WinHubX\Project\WinHubX\WinHubX.csproj]
Forms\Base\FormMonitoraggio.resx : warning MSB3568: il nome di risorsa duplicato ">>label11.Name" non è consentito e verrà ignorato. [E:\repo\WinHubX\Project\WinHubX\WinHubX.csproj]
Forms\Base\FormMonitoraggio.resx : warning MSB3568: il nome di risorsa duplicato ">>label11.Type" non è consentito e verrà ignorato. [E:\repo\WinHubX\Project\WinHubX\WinHubX.csproj]
Forms\Base\FormMonitoraggio.resx : warning MSB3568: il nome di risorsa duplicato ">>label11.Parent" non è consentito e verrà ignorato. [E:\repo\WinHubX\Project\WinHubX\WinHubX.csproj]
Forms\Base\FormMonitoraggio.resx : warning MSB3568: il nome di risorsa duplicato ">>label11.ZOrder" non è consentito e verrà ignorato. [E:\repo\WinHubX\Project\WinHubX\WinHubX.csproj]
Forms\Base\FormMonitoraggio.resx : warning MSB3568: il nome di risorsa duplicato ">>label12.Name" non è consentito e verrà ignorato. [E:\repo\WinHubX\Project\WinHubX\WinHubX.csproj]
Forms\Base\FormMonitoraggio.resx : warning MSB3568: il nome di risorsa duplicato ">>label12.Type" non è consentito e verrà ignorato. [E:\repo\WinHubX\Project\WinHubX\WinHubX.csproj]
Forms\Base\FormMonitoraggio.resx : warning MSB3568: il nome di risorsa duplicato ">>label12.Parent" non è consentito e verrà ignorato. [E:\repo\WinHubX\Project\WinHubX\WinHubX.csproj]
Forms\Base\FormMonitoraggio.resx : warning MSB3568: il nome di risorsa duplicato ">>label12.ZOrder" non è consentito e verrà ignorato. [E:\repo\WinHubX\Project\WinHubX\WinHubX.csproj]
Forms\Base\FormMonitoraggio.resx : warning MSB3568: il nome di risorsa duplicato ">>btnSvuotaTemp.Name" non è consentito e verrà ignorato. [E:\repo\WinHubX\Project\WinHubX\WinHubX.csproj]
Forms\Base\FormMonitoraggio.resx : warning MSB3568: il nome di risorsa duplicato ">>btnSvuotaTemp.Type" non è consentito e verrà ignorato. [E:\repo\WinHubX\Project\WinHubX\WinHubX.csproj]
Forms\Base\FormMonitoraggio.resx : warning MSB3568: il nome di risorsa duplicato ">>btnSvuotaTemp.Parent" non è consentito e verrà ignorato. [E:\repo\WinHubX\Project\WinHubX\WinHubX.csproj]
Forms\Base\FormMonitoraggio.resx : warning MSB3568: il nome di risorsa duplicato ">>btnSvuotaTemp.ZOrder" non è consentito e verrà ignorato. [E:\repo\WinHubX\Project\WinHubX\WinHubX.csproj]
Forms\Base\FormMonitoraggio.resx : warning MSB3568: il nome di risorsa duplicato ">>BarDISCOtext.Name" non è consentito e verrà ignorato. [E:\repo\WinHubX\Project\WinHubX\WinHubX.csproj]
Forms\Base\FormMonitoraggio.resx : warning MSB3568: il nome di risorsa duplicato ">>BarDISCOtext.Type" non è consentito e verrà ignorato. [E:\repo\WinHubX\Project\WinHubX\WinHubX.csproj]
Forms\Base\FormMonitoraggio.resx : warning MSB3568: il nome di risorsa duplicato ">>BarDISCOtext.Parent" non è consentito e verrà ignorato. [E:\repo\WinHubX\Project\WinHubX\WinHubX.csproj]
Forms\Base\FormMonitoraggio.resx : warning MSB3568: il nome di risorsa duplicato ">>BarDISCOtext.ZOrder" non è consentito e verrà ignorato. [E:\repo\WinHubX\Project\WinHubX\WinHubX.csproj]
Forms\Base\FormMonitoraggio.resx : warning MSB3568: il nome di risorsa duplicato ">>BarDISCO.Name" non è consentito e verrà ignorato. [E:\repo\WinHubX\Project\WinHubX\WinHubX.csproj]
Forms\Base\FormMonitoraggio.resx : warning MSB3568: il nome di risorsa duplicato ">>BarDISCO.Type" non è consentito e verrà ignorato. [E:\repo\WinHubX\Project\WinHubX\WinHubX.csproj]
Forms\Base\FormMonitoraggio.resx : warning MSB3568: il nome di risorsa duplicato ">>BarDISCO.Parent" non è consentito e verrà ignorato. [E:\repo\WinHubX\Project\WinHubX\WinHubX.csproj]
Forms\Base\FormMonitoraggio.resx : warning MSB3568: il nome di risorsa duplicato ">>BarDISCO.ZOrder" non è consentito e verrà ignorato. [E:\repo\WinHubX\Project\WinHubX\WinHubX.csproj]
Forms\Base\FormMonitoraggio.resx : warning MSB3568: il nome di risorsa duplicato ">>label18.Name" non è consentito e verrà ignorato. [E:\repo\WinHubX\Project\WinHubX\WinHubX.csproj]
Forms\Base\FormMonitoraggio.resx : warning MSB3568: il nome di risorsa duplicato ">>label18.Type" non è consentito e verrà ignorato. [E:\repo\WinHubX\Project\WinHubX\WinHubX.csproj]
Forms\Base\FormMonitoraggio.resx : warning MSB3568: il nome di risorsa duplicato ">>label18.Parent" non è consentito e verrà ignorato. [E:\repo\WinHubX\Project\WinHubX\WinHubX.csproj]
Forms\Base\FormMonitoraggio.resx : warning MSB3568: il nome di risorsa duplicato ">>label18.ZOrder" non è consentito e verrà ignorato. [E:\repo\WinHubX\Project\WinHubX\WinHubX.csproj]
Forms\Base\FormMonitoraggio.resx : warning MSB3568: il nome di risorsa duplicato ">>label17.Name" non è consentito e verrà ignorato. [E:\repo\WinHubX\Project\WinHubX\WinHubX.csproj]
Forms\Base\FormMonitoraggio.resx : warning MSB3568: il nome di risorsa duplicato ">>label17.Type" non è consentito e verrà ignorato. [E:\repo\WinHubX\Project\WinHubX\WinHubX.csproj]
Forms\Base\FormMonitoraggio.resx : warning MSB3568: il nome di risorsa duplicato ">>label17.Parent" non è consentito e verrà ignorato. [E:\repo\WinHubX\Project\WinHubX\WinHubX.csproj]
Forms\Base\FormMonitoraggio.resx : warning MSB3568: il nome di risorsa duplicato ">>label17.ZOrder" non è consentito e verrà ignorato. [E:\repo\WinHubX\Project\WinHubX\WinHubX.csproj]
Forms\Base\FormMonitoraggio.resx : warning MSB3568: il nome di risorsa duplicato ">>label16.Name" non è consentito e verrà ignorato. [E:\repo\WinHubX\Project\WinHubX\WinHubX.csproj]
Forms\Base\FormMonitoraggio.resx : warning MSB3568: il nome di risorsa duplicato ">>label16.Type" non è consentito e verrà ignorato. [E:\repo\WinHubX\Project\WinHubX\WinHubX.csproj]
Forms\Base\FormMonitoraggio.resx : warning MSB3568: il nome di risorsa duplicato ">>label16.Parent" non è consentito e verrà ignorato. [E:\repo\WinHubX\Project\WinHubX\WinHubX.csproj]
Forms\Base\FormMonitoraggio.resx : warning MSB3568: il nome di risorsa duplicato ">>label16.ZOrder" non è consentito e verrà ignorato. [E:\repo\WinHubX\Project\WinHubX\WinHubX.csproj]
Forms\Base\FormMonitoraggio.resx : warning MSB3568: il nome di risorsa duplicato ">>cuiSwitch_gradicpu.Name" non è consentito e verrà ignorato. [E:\repo\WinHubX\Project\WinHubX\WinHubX.csproj]
Forms\Base\FormMonitoraggio.resx : warning MSB3568: il nome di risorsa duplicato ">>cuiSwitch_gradicpu.Type" non è consentito e verrà ignorato. [E:\repo\WinHubX\Project\WinHubX\WinHubX.csproj]
Forms\Base\FormMonitoraggio.resx : warning MSB3568: il nome di risorsa duplicato ">>cuiSwitch_gradicpu.Parent" non è consentito e verrà ignorato. [E:\repo\WinHubX\Project\WinHubX\WinHubX.csproj]
Forms\Base\FormMonitoraggio.resx : warning MSB3568: il nome di risorsa duplicato ">>cuiSwitch_gradicpu.ZOrder" non è consentito e verrà ignorato. [E:\repo\WinHubX\Project\WinHubX\WinHubX.csproj]
Forms\Base\FormMonitoraggio.resx : warning MSB3568: il nome di risorsa duplicato ">>limiteCPU.Name" non è consentito e verrà ignorato. [E:\repo\WinHubX\Project\WinHubX\WinHubX.csproj]
Forms\Base\FormMonitoraggio.resx : warning MSB3568: il nome di risorsa duplicato ">>limiteCPU.Type" non è consentito e verrà ignorato. [E:\repo\WinHubX\Project\WinHubX\WinHubX.csproj]
Forms\Base\FormMonitoraggio.resx : warning MSB3568: il nome di risorsa duplicato ">>limiteCPU.Parent" non è consentito e verrà ignorato. [E:\repo\WinHubX\Project\WinHubX\WinHubX.csproj]
Forms\Base\FormMonitoraggio.resx : warning MSB3568: il nome di risorsa duplicato ">>limiteCPU.ZOrder" non è consentito e verrà ignorato. [E:\repo\WinHubX\Project\WinHubX\WinHubX.csproj]
Forms\Base\FormMonitoraggio.resx : warning MSB3568: il nome di risorsa duplicato ">>puliziaautomaticoCPU.Name" non è consentito e verrà ignorato. [E:\repo\WinHubX\Project\WinHubX\WinHubX.csproj]
Forms\Base\FormMonitoraggio.resx : warning MSB3568: il nome di risorsa duplicato ">>puliziaautomaticoCPU.Type" non è consentito e verrà ignorato. [E:\repo\WinHubX\Project\WinHubX\WinHubX.csproj]
Forms\Base\FormMonitoraggio.resx : warning MSB3568: il nome di risorsa duplicato ">>puliziaautomaticoCPU.Parent" non è consentito e verrà ignorato. [E:\repo\WinHubX\Project\WinHubX\WinHubX.csproj]
Forms\Base\FormMonitoraggio.resx : warning MSB3568: il nome di risorsa duplicato ">>puliziaautomaticoCPU.ZOrder" non è consentito e verrà ignorato. [E:\repo\WinHubX\Project\WinHubX\WinHubX.csproj]
Forms\Base\FormMonitoraggio.resx : warning MSB3568: il nome di risorsa duplicato ">>label7.Name" non è consentito e verrà ignorato. [E:\repo\WinHubX\Project\WinHubX\WinHubX.csproj]
Forms\Base\FormMonitoraggio.resx : warning MSB3568: il nome di risorsa duplicato ">>label7.Type" non è consentito e verrà ignorato. [E:\repo\WinHubX\Project\WinHubX\WinHubX.csproj]
Forms\Base\FormMonitoraggio.resx : warning MSB3568: il nome di risorsa duplicato ">>label7.Parent" non è consentito e verrà ignorato. [E:\repo\WinHubX\Project\WinHubX\WinHubX.csproj]
Forms\Base\FormMonitoraggio.resx : warning MSB3568: il nome di risorsa duplicato ">>label7.ZOrder" non è consentito e verrà ignorato. [E:\repo\WinHubX\Project\WinHubX\WinHubX.csproj]
Forms\Base\FormMonitoraggio.resx : warning MSB3568: il nome di risorsa duplicato ">>label6.Name" non è consentito e verrà ignorato. [E:\repo\WinHubX\Project\WinHubX\WinHubX.csproj]
Forms\Base\FormMonitoraggio.resx : warning MSB3568: il nome di risorsa duplicato ">>label6.Type" non è consentito e verrà ignorato. [E:\repo\WinHubX\Project\WinHubX\WinHubX.csproj]
Forms\Base\FormMonitoraggio.resx : warning MSB3568: il nome di risorsa duplicato ">>label6.Parent" non è consentito e verrà ignorato. [E:\repo\WinHubX\Project\WinHubX\WinHubX.csproj]
Forms\Base\FormMonitoraggio.resx : warning MSB3568: il nome di risorsa duplicato ">>label6.ZOrder" non è consentito e verrà ignorato. [E:\repo\WinHubX\Project\WinHubX\WinHubX.csproj]
Forms\Base\FormMonitoraggio.resx : warning MSB3568: il nome di risorsa duplicato ">>label5.Name" non è consentito e verrà ignorato. [E:\repo\WinHubX\Project\WinHubX\WinHubX.csproj]
Forms\Base\FormMonitoraggio.resx : warning MSB3568: il nome di risorsa duplicato ">>label5.Type" non è consentito e verrà ignorato. [E:\repo\WinHubX\Project\WinHubX\WinHubX.csproj]
Forms\Base\FormMonitoraggio.resx : warning MSB3568: il nome di risorsa duplicato ">>label5.Parent" non è consentito e verrà ignorato. [E:\repo\WinHubX\Project\WinHubX\WinHubX.csproj]
Forms\Base\FormMonitoraggio.resx : warning MSB3568: il nome di risorsa duplicato ">>label5.ZOrder" non è consentito e verrà ignorato. [E:\repo\WinHubX\Project\WinHubX\WinHubX.csproj]
Forms\Base\FormMonitoraggio.resx : warning MSB3568: il nome di risorsa duplicato ">>btnPulisciCPU.Name" non è consentito e verrà ignorato. [E:\repo\WinHubX\Project\WinHubX\WinHubX.csproj]
Forms\Base\FormMonitoraggio.resx : warning MSB3568: il nome di risorsa duplicato ">>btnPulisciCPU.Type" non è consentito e verrà ignorato. [E:\repo\WinHubX\Project\WinHubX\WinHubX.csproj]
Forms\Base\FormMonitoraggio.resx : warning MSB3568: il nome di risorsa duplicato ">>btnPulisciCPU.Parent" non è consentito e verrà ignorato. [E:\repo\WinHubX\Project\WinHubX\WinHubX.csproj]
Forms\Base\FormMonitoraggio.resx : warning MSB3568: il nome di risorsa duplicato ">>btnPulisciCPU.ZOrder" non è consentito e verrà ignorato. [E:\repo\WinHubX\Project\WinHubX\WinHubX.csproj]
Forms\Base\FormMonitoraggio.resx : warning MSB3568: il nome di risorsa duplicato ">>labelCpuTemp.Name" non è consentito e verrà ignorato. [E:\repo\WinHubX\Project\WinHubX\WinHubX.csproj]
Forms\Base\FormMonitoraggio.resx : warning MSB3568: il nome di risorsa duplicato ">>labelCpuTemp.Type" non è consentito e verrà ignorato. [E:\repo\WinHubX\Project\WinHubX\WinHubX.csproj]
Forms\Base\FormMonitoraggio.resx : warning MSB3568: il nome di risorsa duplicato ">>labelCpuTemp.Parent" non è consentito e verrà ignorato. [E:\repo\WinHubX\Project\WinHubX\WinHubX.csproj]
Forms\Base\FormMonitoraggio.resx : warning MSB3568: il nome di risorsa duplicato ">>labelCpuTemp.ZOrder" non è consentito e verrà ignorato. [E:\repo\WinHubX\Project\WinHubX\WinHubX.csproj]
Forms\Base\FormMonitoraggio.resx : warning MSB3568: il nome di risorsa duplicato ">>BarCPUtext.Name" non è consentito e verrà ignorato. [E:\repo\WinHubX\Project\WinHubX\WinHubX.csproj]
Forms\Base\FormMonitoraggio.resx : warning MSB3568: il nome di risorsa duplicato ">>BarCPUtext.Type" non è consentito e verrà ignorato. [E:\repo\WinHubX\Project\WinHubX\WinHubX.csproj]
Forms\Base\FormMonitoraggio.resx : warning MSB3568: il nome di risorsa duplicato ">>BarCPUtext.Parent" non è consentito e verrà ignorato. [E:\repo\WinHubX\Project\WinHubX\WinHubX.csproj]
Forms\Base\FormMonitoraggio.resx : warning MSB3568: il nome di risorsa duplicato ">>BarCPUtext.ZOrder" non è consentito e verrà ignorato. [E:\repo\WinHubX\Project\WinHubX\WinHubX.csproj]
Forms\Base\FormMonitoraggio.resx : warning MSB3568: il nome di risorsa duplicato ">>pic_termcpu.Name" non è consentito e verrà ignorato. [E:\repo\WinHubX\Project\WinHubX\WinHubX.csproj]
Forms\Base\FormMonitoraggio.resx : warning MSB3568: il nome di risorsa duplicato ">>pic_termcpu.Type" non è consentito e verrà ignorato. [E:\repo\WinHubX\Project\WinHubX\WinHubX.csproj]
Forms\Base\FormMonitoraggio.resx : warning MSB3568: il nome di risorsa duplicato ">>pic_termcpu.Parent" non è consentito e verrà ignorato. [E:\repo\WinHubX\Project\WinHubX\WinHubX.csproj]
Forms\Base\FormMonitoraggio.resx : warning MSB3568: il nome di risorsa duplicato ">>pic_termcpu.ZOrder" non è consentito e verrà ignorato. [E:\repo\WinHubX\Project\WinHubX\WinHubX.csproj]
Forms\Base\FormMonitoraggio.resx : warning MSB3568: il nome di risorsa duplicato ">>BarCPU.Name" non è consentito e verrà ignorato. [E:\repo\WinHubX\Project\WinHubX\WinHubX.csproj]
Forms\Base\FormMonitoraggio.resx : warning MSB3568: il nome di risorsa duplicato ">>BarCPU.Type" non è consentito e verrà ignorato. [E:\repo\WinHubX\Project\WinHubX\WinHubX.csproj]
Forms\Base\FormMonitoraggio.resx : warning MSB3568: il nome di risorsa duplicato ">>BarCPU.Parent" non è consentito e verrà ignorato. [E:\repo\WinHubX\Project\WinHubX\WinHubX.csproj]
Forms\Base\FormMonitoraggio.resx : warning MSB3568: il nome di risorsa duplicato ">>BarCPU.ZOrder" non è consentito e verrà ignorato. [E:\repo\WinHubX\Project\WinHubX\WinHubX.csproj]
Forms\Base\FormMonitoraggio.resx : warning MSB3568: il nome di risorsa duplicato ">>label1.Name" non è consentito e verrà ignorato. [E:\repo\WinHubX\Project\WinHubX\WinHubX.csproj]
Forms\Base\FormMonitoraggio.resx : warning MSB3568: il nome di risorsa duplicato ">>label1.Type" non è consentito e verrà ignorato. [E:\repo\WinHubX\Project\WinHubX\WinHubX.csproj]
Forms\Base\FormMonitoraggio.resx : warning MSB3568: il nome di risorsa duplicato ">>label1.Parent" non è consentito e verrà ignorato. [E:\repo\WinHubX\Project\WinHubX\WinHubX.csproj]
Forms\Base\FormMonitoraggio.resx : warning MSB3568: il nome di risorsa duplicato ">>label1.ZOrder" non è consentito e verrà ignorato. [E:\repo\WinHubX\Project\WinHubX\WinHubX.csproj]
Forms\Base\FormMonitoraggio.resx : warning MSB3568: il nome di risorsa duplicato ">>label4.Name" non è consentito e verrà ignorato. [E:\repo\WinHubX\Project\WinHubX\WinHubX.csproj]
Forms\Base\FormMonitoraggio.resx : warning MSB3568: il nome di risorsa duplicato ">>label4.Type" non è consentito e verrà ignorato. [E:\repo\WinHubX\Project\WinHubX\WinHubX.csproj]
Forms\Base\FormMonitoraggio.resx : warning MSB3568: il nome di risorsa duplicato ">>label4.Parent" non è consentito e verrà ignorato. [E:\repo\WinHubX\Project\WinHubX\WinHubX.csproj]
Forms\Base\FormMonitoraggio.resx : warning MSB3568: il nome di risorsa duplicato ">>label4.ZOrder" non è consentito e verrà ignorato. [E:\repo\WinHubX\Project\WinHubX\WinHubX.csproj]
Forms\Base\FormMonitoraggio.resx : warning MSB3568: il nome di risorsa duplicato ">>limiteRAM.Name" non è consentito e verrà ignorato. [E:\repo\WinHubX\Project\WinHubX\WinHubX.csproj]
Forms\Base\FormMonitoraggio.resx : warning MSB3568: il nome di risorsa duplicato ">>limiteRAM.Type" non è consentito e verrà ignorato. [E:\repo\WinHubX\Project\WinHubX\WinHubX.csproj]
Forms\Base\FormMonitoraggio.resx : warning MSB3568: il nome di risorsa duplicato ">>limiteRAM.Parent" non è consentito e verrà ignorato. [E:\repo\WinHubX\Project\WinHubX\WinHubX.csproj]
Forms\Base\FormMonitoraggio.resx : warning MSB3568: il nome di risorsa duplicato ">>limiteRAM.ZOrder" non è consentito e verrà ignorato. [E:\repo\WinHubX\Project\WinHubX\WinHubX.csproj]
Forms\Base\FormMonitoraggio.resx : warning MSB3568: il nome di risorsa duplicato ">>puliziaautomaticRAM.Name" non è consentito e verrà ignorato. [E:\repo\WinHubX\Project\WinHubX\WinHubX.csproj]
Forms\Base\FormMonitoraggio.resx : warning MSB3568: il nome di risorsa duplicato ">>puliziaautomaticRAM.Type" non è consentito e verrà ignorato. [E:\repo\WinHubX\Project\WinHubX\WinHubX.csproj]
Forms\Base\FormMonitoraggio.resx : warning MSB3568: il nome di risorsa duplicato ">>puliziaautomaticRAM.Parent" non è consentito e verrà ignorato. [E:\repo\WinHubX\Project\WinHubX\WinHubX.csproj]
Forms\Base\FormMonitoraggio.resx : warning MSB3568: il nome di risorsa duplicato ">>puliziaautomaticRAM.ZOrder" non è consentito e verrà ignorato. [E:\repo\WinHubX\Project\WinHubX\WinHubX.csproj]
Forms\Base\FormMonitoraggio.resx : warning MSB3568: il nome di risorsa duplicato ">>label8.Name" non è consentito e verrà ignorato. [E:\repo\WinHubX\Project\WinHubX\WinHubX.csproj]
Forms\Base\FormMonitoraggio.resx : warning MSB3568: il nome di risorsa duplicato ">>label8.Type" non è consentito e verrà ignorato. [E:\repo\WinHubX\Project\WinHubX\WinHubX.csproj]
Forms\Base\FormMonitoraggio.resx : warning MSB3568: il nome di risorsa duplicato ">>label8.Parent" non è consentito e verrà ignorato. [E:\repo\WinHubX\Project\WinHubX\WinHubX.csproj]
Forms\Base\FormMonitoraggio.resx : warning MSB3568: il nome di risorsa duplicato ">>label8.ZOrder" non è consentito e verrà ignorato. [E:\repo\WinHubX\Project\WinHubX\WinHubX.csproj]
Forms\Base\FormMonitoraggio.resx : warning MSB3568: il nome di risorsa duplicato ">>label9.Name" non è consentito e verrà ignorato. [E:\repo\WinHubX\Project\WinHubX\WinHubX.csproj]
Forms\Base\FormMonitoraggio.resx : warning MSB3568: il nome di risorsa duplicato ">>label9.Type" non è consentito e verrà ignorato. [E:\repo\WinHubX\Project\WinHubX\WinHubX.csproj]
Forms\Base\FormMonitoraggio.resx : warning MSB3568: il nome di risorsa duplicato ">>label9.Parent" non è consentito e verrà ignorato. [E:\repo\WinHubX\Project\WinHubX\WinHubX.csproj]
Forms\Base\FormMonitoraggio.resx : warning MSB3568: il nome di risorsa duplicato ">>label9.ZOrder" non è consentito e verrà ignorato. [E:\repo\WinHubX\Project\WinHubX\WinHubX.csproj]
Forms\Base\FormMonitoraggio.resx : warning MSB3568: il nome di risorsa duplicato ">>label10.Name" non è consentito e verrà ignorato. [E:\repo\WinHubX\Project\WinHubX\WinHubX.csproj]
Forms\Base\FormMonitoraggio.resx : warning MSB3568: il nome di risorsa duplicato ">>label10.Type" non è consentito e verrà ignorato. [E:\repo\WinHubX\Project\WinHubX\WinHubX.csproj]
Forms\Base\FormMonitoraggio.resx : warning MSB3568: il nome di risorsa duplicato ">>label10.Parent" non è consentito e verrà ignorato. [E:\repo\WinHubX\Project\WinHubX\WinHubX.csproj]
Forms\Base\FormMonitoraggio.resx : warning MSB3568: il nome di risorsa duplicato ">>label10.ZOrder" non è consentito e verrà ignorato. [E:\repo\WinHubX\Project\WinHubX\WinHubX.csproj]
Forms\Base\FormMonitoraggio.resx : warning MSB3568: il nome di risorsa duplicato ">>btnPulisciRam.Name" non è consentito e verrà ignorato. [E:\repo\WinHubX\Project\WinHubX\WinHubX.csproj]
Forms\Base\FormMonitoraggio.resx : warning MSB3568: il nome di risorsa duplicato ">>btnPulisciRam.Type" non è consentito e verrà ignorato. [E:\repo\WinHubX\Project\WinHubX\WinHubX.csproj]
Forms\Base\FormMonitoraggio.resx : warning MSB3568: il nome di risorsa duplicato ">>btnPulisciRam.Parent" non è consentito e verrà ignorato. [E:\repo\WinHubX\Project\WinHubX\WinHubX.csproj]
Forms\Base\FormMonitoraggio.resx : warning MSB3568: il nome di risorsa duplicato ">>btnPulisciRam.ZOrder" non è consentito e verrà ignorato. [E:\repo\WinHubX\Project\WinHubX\WinHubX.csproj]
Forms\Base\FormMonitoraggio.resx : warning MSB3568: il nome di risorsa duplicato ">>BarRAMtext.Name" non è consentito e verrà ignorato. [E:\repo\WinHubX\Project\WinHubX\WinHubX.csproj]
Forms\Base\FormMonitoraggio.resx : warning MSB3568: il nome di risorsa duplicato ">>BarRAMtext.Type" non è consentito e verrà ignorato. [E:\repo\WinHubX\Project\WinHubX\WinHubX.csproj]
Forms\Base\FormMonitoraggio.resx : warning MSB3568: il nome di risorsa duplicato ">>BarRAMtext.Parent" non è consentito e verrà ignorato. [E:\repo\WinHubX\Project\WinHubX\WinHubX.csproj]
Forms\Base\FormMonitoraggio.resx : warning MSB3568: il nome di risorsa duplicato ">>BarRAMtext.ZOrder" non è consentito e verrà ignorato. [E:\repo\WinHubX\Project\WinHubX\WinHubX.csproj]
Forms\Base\FormMonitoraggio.resx : warning MSB3568: il nome di risorsa duplicato ">>BarRAM.Name" non è consentito e verrà ignorato. [E:\repo\WinHubX\Project\WinHubX\WinHubX.csproj]
Forms\Base\FormMonitoraggio.resx : warning MSB3568: il nome di risorsa duplicato ">>BarRAM.Type" non è consentito e verrà ignorato. [E:\repo\WinHubX\Project\WinHubX\WinHubX.csproj]
Forms\Base\FormMonitoraggio.resx : warning MSB3568: il nome di risorsa duplicato ">>BarRAM.Parent" non è consentito e verrà ignorato. [E:\repo\WinHubX\Project\WinHubX\WinHubX.csproj]
Forms\Base\FormMonitoraggio.resx : warning MSB3568: il nome di risorsa duplicato ">>BarRAM.ZOrder" non è consentito e verrà ignorato. [E:\repo\WinHubX\Project\WinHubX\WinHubX.csproj]
Forms\Base\FormMonitoraggio.resx : warning MSB3568: il nome di risorsa duplicato ">>label14.Name" non è consentito e verrà ignorato. [E:\repo\WinHubX\Project\WinHubX\WinHubX.csproj]
Forms\Base\FormMonitoraggio.resx : warning MSB3568: il nome di risorsa duplicato ">>label14.Type" non è consentito e verrà ignorato. [E:\repo\WinHubX\Project\WinHubX\WinHubX.csproj]
Forms\Base\FormMonitoraggio.resx : warning MSB3568: il nome di risorsa duplicato ">>label14.Parent" non è consentito e verrà ignorato. [E:\repo\WinHubX\Project\WinHubX\WinHubX.csproj]
Forms\Base\FormMonitoraggio.resx : warning MSB3568: il nome di risorsa duplicato ">>label14.ZOrder" non è consentito e verrà ignorato. [E:\repo\WinHubX\Project\WinHubX\WinHubX.csproj]
Forms\Base\FormMonitoraggio.resx : warning MSB3568: il nome di risorsa duplicato ">>label22.Name" non è consentito e verrà ignorato. [E:\repo\WinHubX\Project\WinHubX\WinHubX.csproj]
Forms\Base\FormMonitoraggio.resx : warning MSB3568: il nome di risorsa duplicato ">>label22.Type" non è consentito e verrà ignorato. [E:\repo\WinHubX\Project\WinHubX\WinHubX.csproj]
Forms\Base\FormMonitoraggio.resx : warning MSB3568: il nome di risorsa duplicato ">>label22.Parent" non è consentito e verrà ignorato. [E:\repo\WinHubX\Project\WinHubX\WinHubX.csproj]
Forms\Base\FormMonitoraggio.resx : warning MSB3568: il nome di risorsa duplicato ">>label22.ZOrder" non è consentito e verrà ignorato. [E:\repo\WinHubX\Project\WinHubX\WinHubX.csproj]
Forms\Base\FormMonitoraggio.resx : warning MSB3568: il nome di risorsa duplicato ">>label23.Name" non è consentito e verrà ignorato. [E:\repo\WinHubX\Project\WinHubX\WinHubX.csproj]
Forms\Base\FormMonitoraggio.resx : warning MSB3568: il nome di risorsa duplicato ">>label23.Type" non è consentito e verrà ignorato. [E:\repo\WinHubX\Project\WinHubX\WinHubX.csproj]
Forms\Base\FormMonitoraggio.resx : warning MSB3568: il nome di risorsa duplicato ">>label23.Parent" non è consentito e verrà ignorato. [E:\repo\WinHubX\Project\WinHubX\WinHubX.csproj]
Forms\Base\FormMonitoraggio.resx : warning MSB3568: il nome di risorsa duplicato ">>label23.ZOrder" non è consentito e verrà ignorato. [E:\repo\WinHubX\Project\WinHubX\WinHubX.csproj]
Forms\Base\FormMonitoraggio.resx : warning MSB3568: il nome di risorsa duplicato ">>cuiSwitch_gputemperatura.Name" non è consentito e verrà ignorato. [E:\repo\WinHubX\Project\WinHubX\WinHubX.csproj]
Forms\Base\FormMonitoraggio.resx : warning MSB3568: il nome di risorsa duplicato ">>cuiSwitch_gputemperatura.Type" non è consentito e verrà ignorato. [E:\repo\WinHubX\Project\WinHubX\WinHubX.csproj]
Forms\Base\FormMonitoraggio.resx : warning MSB3568: il nome di risorsa duplicato ">>cuiSwitch_gputemperatura.Parent" non è consentito e verrà ignorato. [E:\repo\WinHubX\Project\WinHubX\WinHubX.csproj]
Forms\Base\FormMonitoraggio.resx : warning MSB3568: il nome di risorsa duplicato ">>cuiSwitch_gputemperatura.ZOrder" non è consentito e verrà ignorato. [E:\repo\WinHubX\Project\WinHubX\WinHubX.csproj]
Forms\Base\FormMonitoraggio.resx : warning MSB3568: il nome di risorsa duplicato ">>label2.Name" non è consentito e verrà ignorato. [E:\repo\WinHubX\Project\WinHubX\WinHubX.csproj]
Forms\Base\FormMonitoraggio.resx : warning MSB3568: il nome di risorsa duplicato ">>label2.Type" non è consentito e verrà ignorato. [E:\repo\WinHubX\Project\WinHubX\WinHubX.csproj]
Forms\Base\FormMonitoraggio.resx : warning MSB3568: il nome di risorsa duplicato ">>label2.Parent" non è consentito e verrà ignorato. [E:\repo\WinHubX\Project\WinHubX\WinHubX.csproj]
Forms\Base\FormMonitoraggio.resx : warning MSB3568: il nome di risorsa duplicato ">>label2.ZOrder" non è consentito e verrà ignorato. [E:\repo\WinHubX\Project\WinHubX\WinHubX.csproj]
Forms\Base\FormMonitoraggio.resx : warning MSB3568: il nome di risorsa duplicato ">>BarGPUtext.Name" non è consentito e verrà ignorato. [E:\repo\WinHubX\Project\WinHubX\WinHubX.csproj]
Forms\Base\FormMonitoraggio.resx : warning MSB3568: il nome di risorsa duplicato ">>BarGPUtext.Type" non è consentito e verrà ignorato. [E:\repo\WinHubX\Project\WinHubX\WinHubX.csproj]
Forms\Base\FormMonitoraggio.resx : warning MSB3568: il nome di risorsa duplicato ">>BarGPUtext.Parent" non è consentito e verrà ignorato. [E:\repo\WinHubX\Project\WinHubX\WinHubX.csproj]
Forms\Base\FormMonitoraggio.resx : warning MSB3568: il nome di risorsa duplicato ">>BarGPUtext.ZOrder" non è consentito e verrà ignorato. [E:\repo\WinHubX\Project\WinHubX\WinHubX.csproj]
Forms\Base\FormMonitoraggio.resx : warning MSB3568: il nome di risorsa duplicato ">>BarGPU.Name" non è consentito e verrà ignorato. [E:\repo\WinHubX\Project\WinHubX\WinHubX.csproj]
Forms\Base\FormMonitoraggio.resx : warning MSB3568: il nome di risorsa duplicato ">>BarGPU.Type" non è consentito e verrà ignorato. [E:\repo\WinHubX\Project\WinHubX\WinHubX.csproj]
Forms\Base\FormMonitoraggio.resx : warning MSB3568: il nome di risorsa duplicato ">>BarGPU.Parent" non è consentito e verrà ignorato. [E:\repo\WinHubX\Project\WinHubX\WinHubX.csproj]
Forms\Base\FormMonitoraggio.resx : warning MSB3568: il nome di risorsa duplicato ">>BarGPU.ZOrder" non è consentito e verrà ignorato. [E:\repo\WinHubX\Project\WinHubX\WinHubX.csproj]
Forms\Base\FormMonitoraggio.resx : warning MSB3568: il nome di risorsa duplicato ">>labelGpuTemp.Name" non è consentito e verrà ignorato. [E:\repo\WinHubX\Project\WinHubX\WinHubX.csproj]
Forms\Base\FormMonitoraggio.resx : warning MSB3568: il nome di risorsa duplicato ">>labelGpuTemp.Type" non è consentito e verrà ignorato. [E:\repo\WinHubX\Project\WinHubX\WinHubX.csproj]
Forms\Base\FormMonitoraggio.resx : warning MSB3568: il nome di risorsa duplicato ">>labelGpuTemp.Parent" non è consentito e verrà ignorato. [E:\repo\WinHubX\Project\WinHubX\WinHubX.csproj]
Forms\Base\FormMonitoraggio.resx : warning MSB3568: il nome di risorsa duplicato ">>labelGpuTemp.ZOrder" non è consentito e verrà ignorato. [E:\repo\WinHubX\Project\WinHubX\WinHubX.csproj]
Forms\Base\FormMonitoraggio.resx : warning MSB3568: il nome di risorsa duplicato ">>pic_termgpu.Name" non è consentito e verrà ignorato. [E:\repo\WinHubX\Project\WinHubX\WinHubX.csproj]
Forms\Base\FormMonitoraggio.resx : warning MSB3568: il nome di risorsa duplicato ">>pic_termgpu.Type" non è consentito e verrà ignorato. [E:\repo\WinHubX\Project\WinHubX\WinHubX.csproj]
Forms\Base\FormMonitoraggio.resx : warning MSB3568: il nome di risorsa duplicato ">>pic_termgpu.Parent" non è consentito e verrà ignorato. [E:\repo\WinHubX\Project\WinHubX\WinHubX.csproj]
Forms\Base\FormMonitoraggio.resx : warning MSB3568: il nome di risorsa duplicato ">>pic_termgpu.ZOrder" non è consentito e verrà ignorato. [E:\repo\WinHubX\Project\WinHubX\WinHubX.csproj]
Forms\Base\FormMonitoraggio.resx : warning MSB3568: il nome di risorsa duplicato ">>label19.Name" non è consentito e verrà ignorato. [E:\repo\WinHubX\Project\WinHubX\WinHubX.csproj]
Forms\Base\FormMonitoraggio.resx : warning MSB3568: il nome di risorsa duplicato ">>label19.Type" non è consentito e verrà ignorato. [E:\repo\WinHubX\Project\WinHubX\WinHubX.csproj]
Forms\Base\FormMonitoraggio.resx : warning MSB3568: il nome di risorsa duplicato ">>label19.Parent" non è consentito e verrà ignorato. [E:\repo\WinHubX\Project\WinHubX\WinHubX.csproj]
Forms\Base\FormMonitoraggio.resx : warning MSB3568: il nome di risorsa duplicato ">>label19.ZOrder" non è consentito e verrà ignorato. [E:\repo\WinHubX\Project\WinHubX\WinHubX.csproj]
Forms\Base\FormMonitoraggio.resx : warning MSB3568: il nome di risorsa duplicato ">>label20.Name" non è consentito e verrà ignorato. [E:\repo\WinHubX\Project\WinHubX\WinHubX.csproj]
Forms\Base\FormMonitoraggio.resx : warning MSB3568: il nome di risorsa duplicato ">>label20.Type" non è consentito e verrà ignorato. [E:\repo\WinHubX\Project\WinHubX\WinHubX.csproj]
Forms\Base\FormMonitoraggio.resx : warning MSB3568: il nome di risorsa duplicato ">>label20.Parent" non è consentito e verrà ignorato. [E:\repo\WinHubX\Project\WinHubX\WinHubX.csproj]
Forms\Base\FormMonitoraggio.resx : warning MSB3568: il nome di risorsa duplicato ">>label20.ZOrder" non è consentito e verrà ignorato. [E:\repo\WinHubX\Project\WinHubX\WinHubX.csproj]
Forms\Base\FormMonitoraggio.resx : warning MSB3568: il nome di risorsa duplicato ">>label13.Name" non è consentito e verrà ignorato. [E:\repo\WinHubX\Project\WinHubX\WinHubX.csproj]
Forms\Base\FormMonitoraggio.resx : warning MSB3568: il nome di risorsa duplicato ">>label13.Type" non è consentito e verrà ignorato. [E:\repo\WinHubX\Project\WinHubX\WinHubX.csproj]
Forms\Base\FormMonitoraggio.resx : warning MSB3568: il nome di risorsa duplicato ">>label13.Parent" non è consentito e verrà ignorato. [E:\repo\WinHubX\Project\WinHubX\WinHubX.csproj]
Forms\Base\FormMonitoraggio.resx : warning MSB3568: il nome di risorsa duplicato ">>label13.ZOrder" non è consentito e verrà ignorato. [E:\repo\WinHubX\Project\WinHubX\WinHubX.csproj]
Forms\Base\FormMonitoraggio.resx : warning MSB3568: il nome di risorsa duplicato ">>labelReteUtilizzo.Name" non è consentito e verrà ignorato. [E:\repo\WinHubX\Project\WinHubX\WinHubX.csproj]
Forms\Base\FormMonitoraggio.resx : warning MSB3568: il nome di risorsa duplicato ">>labelReteUtilizzo.Type" non è consentito e verrà ignorato. [E:\repo\WinHubX\Project\WinHubX\WinHubX.csproj]
Forms\Base\FormMonitoraggio.resx : warning MSB3568: il nome di risorsa duplicato ">>labelReteUtilizzo.Parent" non è consentito e verrà ignorato. [E:\repo\WinHubX\Project\WinHubX\WinHubX.csproj]
Forms\Base\FormMonitoraggio.resx : warning MSB3568: il nome di risorsa duplicato ">>labelReteUtilizzo.ZOrder" non è consentito e verrà ignorato. [E:\repo\WinHubX\Project\WinHubX\WinHubX.csproj]
Forms\Base\FormMonitoraggio.resx : warning MSB3568: il nome di risorsa duplicato ">>progressbarRete.Name" non è consentito e verrà ignorato. [E:\repo\WinHubX\Project\WinHubX\WinHubX.csproj]
Forms\Base\FormMonitoraggio.resx : warning MSB3568: il nome di risorsa duplicato ">>progressbarRete.Type" non è consentito e verrà ignorato. [E:\repo\WinHubX\Project\WinHubX\WinHubX.csproj]
Forms\Base\FormMonitoraggio.resx : warning MSB3568: il nome di risorsa duplicato ">>progressbarRete.Parent" non è consentito e verrà ignorato. [E:\repo\WinHubX\Project\WinHubX\WinHubX.csproj]
Forms\Base\FormMonitoraggio.resx : warning MSB3568: il nome di risorsa duplicato ">>progressbarRete.ZOrder" non è consentito e verrà ignorato. [E:\repo\WinHubX\Project\WinHubX\WinHubX.csproj]
Forms\Base\FormMonitoraggio.resx : warning MSB3568: il nome di risorsa duplicato ">>lblDonwload.Name" non è consentito e verrà ignorato. [E:\repo\WinHubX\Project\WinHubX\WinHubX.csproj]
Forms\Base\FormMonitoraggio.resx : warning MSB3568: il nome di risorsa duplicato ">>lblDonwload.Type" non è consentito e verrà ignorato. [E:\repo\WinHubX\Project\WinHubX\WinHubX.csproj]
Forms\Base\FormMonitoraggio.resx : warning MSB3568: il nome di risorsa duplicato ">>lblDonwload.Parent" non è consentito e verrà ignorato. [E:\repo\WinHubX\Project\WinHubX\WinHubX.csproj]
Forms\Base\FormMonitoraggio.resx : warning MSB3568: il nome di risorsa duplicato ">>lblDonwload.ZOrder" non è consentito e verrà ignorato. [E:\repo\WinHubX\Project\WinHubX\WinHubX.csproj]
Forms\Base\FormMonitoraggio.resx : warning MSB3568: il nome di risorsa duplicato ">>lblUpload.Name" non è consentito e verrà ignorato. [E:\repo\WinHubX\Project\WinHubX\WinHubX.csproj]
Forms\Base\FormMonitoraggio.resx : warning MSB3568: il nome di risorsa duplicato ">>lblUpload.Type" non è consentito e verrà ignorato. [E:\repo\WinHubX\Project\WinHubX\WinHubX.csproj]
Forms\Base\FormMonitoraggio.resx : warning MSB3568: il nome di risorsa duplicato ">>lblUpload.Parent" non è consentito e verrà ignorato. [E:\repo\WinHubX\Project\WinHubX\WinHubX.csproj]
Forms\Base\FormMonitoraggio.resx : warning MSB3568: il nome di risorsa duplicato ">>lblUpload.ZOrder" non è consentito e verrà ignorato. [E:\repo\WinHubX\Project\WinHubX\WinHubX.csproj]
Forms\Base\FormMonitoraggio.resx : warning MSB3568: il nome di risorsa duplicato ">>labelVelocitaRete.Name" non è consentito e verrà ignorato. [E:\repo\WinHubX\Project\WinHubX\WinHubX.csproj]
Forms\Base\FormMonitoraggio.resx : warning MSB3568: il nome di risorsa duplicato ">>labelVelocitaRete.Type" non è consentito e verrà ignorato. [E:\repo\WinHubX\Project\WinHubX\WinHubX.csproj]
Forms\Base\FormMonitoraggio.resx : warning MSB3568: il nome di risorsa duplicato ">>labelVelocitaRete.Parent" non è consentito e verrà ignorato. [E:\repo\WinHubX\Project\WinHubX\WinHubX.csproj]
Forms\Base\FormMonitoraggio.resx : warning MSB3568: il nome di risorsa duplicato ">>labelVelocitaRete.ZOrder" non è consentito e verrà ignorato. [E:\repo\WinHubX\Project\WinHubX\WinHubX.csproj]
Forms\Base\FormMonitoraggio.resx : warning MSB3568: il nome di risorsa duplicato ">>label15.Name" non è consentito e verrà ignorato. [E:\repo\WinHubX\Project\WinHubX\WinHubX.csproj]
Forms\Base\FormMonitoraggio.resx : warning MSB3568: il nome di risorsa duplicato ">>label15.Type" non è consentito e verrà ignorato. [E:\repo\WinHubX\Project\WinHubX\WinHubX.csproj]
Forms\Base\FormMonitoraggio.resx : warning MSB3568: il nome di risorsa duplicato ">>label15.Parent" non è consentito e verrà ignorato. [E:\repo\WinHubX\Project\WinHubX\WinHubX.csproj]
Forms\Base\FormMonitoraggio.resx : warning MSB3568: il nome di risorsa duplicato ">>label15.ZOrder" non è consentito e verrà ignorato. [E:\repo\WinHubX\Project\WinHubX\WinHubX.csproj]
Forms\Base\FormSettaggi.resx : warning MSB3568: il nome di risorsa duplicato ">>cuiFileDropper1White.Name" non è consentito e verrà ignorato. [E:\repo\WinHubX\Project\WinHubX\WinHubX.csproj]
Forms\Base\FormSettaggi.resx : warning MSB3568: il nome di risorsa duplicato ">>cuiFileDropper1White.Type" non è consentito e verrà ignorato. [E:\repo\WinHubX\Project\WinHubX\WinHubX.csproj]
Forms\Base\FormSettaggi.resx : warning MSB3568: il nome di risorsa duplicato ">>cuiFileDropper1White.Parent" non è consentito e verrà ignorato. [E:\repo\WinHubX\Project\WinHubX\WinHubX.csproj]
Forms\Base\FormSettaggi.resx : warning MSB3568: il nome di risorsa duplicato ">>cuiFileDropper1White.ZOrder" non è consentito e verrà ignorato. [E:\repo\WinHubX\Project\WinHubX\WinHubX.csproj]
Forms\ImpostazioniApp\FormImpostazioniApp.resx : warning MSB3568: il nome di risorsa duplicato ">>pictureBox7.Name" non è consentito e verrà ignorato. [E:\repo\WinHubX\Project\WinHubX\WinHubX.csproj]
Forms\ImpostazioniApp\FormImpostazioniApp.resx : warning MSB3568: il nome di risorsa duplicato ">>pictureBox7.Type" non è consentito e verrà ignorato. [E:\repo\WinHubX\Project\WinHubX\WinHubX.csproj]
Forms\ImpostazioniApp\FormImpostazioniApp.resx : warning MSB3568: il nome di risorsa duplicato ">>pictureBox7.Parent" non è consentito e verrà ignorato. [E:\repo\WinHubX\Project\WinHubX\WinHubX.csproj]
Forms\ImpostazioniApp\FormImpostazioniApp.resx : warning MSB3568: il nome di risorsa duplicato ">>pictureBox7.ZOrder" non è consentito e verrà ignorato. [E:\repo\WinHubX\Project\WinHubX\WinHubX.csproj]
Forms\ImpostazioniApp\FormImpostazioniApp.resx : warning MSB3568: il nome di risorsa duplicato ">>pictureBox6.Name" non è consentito e verrà ignorato. [E:\repo\WinHubX\Project\WinHubX\WinHubX.csproj]
Forms\ImpostazioniApp\FormImpostazioniApp.resx : warning MSB3568: il nome di risorsa duplicato ">>pictureBox6.Type" non è consentito e verrà ignorato. [E:\repo\WinHubX\Project\WinHubX\WinHubX.csproj]
Forms\ImpostazioniApp\FormImpostazioniApp.resx : warning MSB3568: il nome di risorsa duplicato ">>pictureBox6.Parent" non è consentito e verrà ignorato. [E:\repo\WinHubX\Project\WinHubX\WinHubX.csproj]
Forms\ImpostazioniApp\FormImpostazioniApp.resx : warning MSB3568: il nome di risorsa duplicato ">>pictureBox6.ZOrder" non è consentito e verrà ignorato. [E:\repo\WinHubX\Project\WinHubX\WinHubX.csproj]
Forms\ImpostazioniApp\FormImpostazioniApp.resx : warning MSB3568: il nome di risorsa duplicato ">>pictureBox2.Name" non è consentito e verrà ignorato. [E:\repo\WinHubX\Project\WinHubX\WinHubX.csproj]
Forms\ImpostazioniApp\FormImpostazioniApp.resx : warning MSB3568: il nome di risorsa duplicato ">>pictureBox2.Type" non è consentito e verrà ignorato. [E:\repo\WinHubX\Project\WinHubX\WinHubX.csproj]
Forms\ImpostazioniApp\FormImpostazioniApp.resx : warning MSB3568: il nome di risorsa duplicato ">>pictureBox2.Parent" non è consentito e verrà ignorato. [E:\repo\WinHubX\Project\WinHubX\WinHubX.csproj]
Forms\ImpostazioniApp\FormImpostazioniApp.resx : warning MSB3568: il nome di risorsa duplicato ">>pictureBox2.ZOrder" non è consentito e verrà ignorato. [E:\repo\WinHubX\Project\WinHubX\WinHubX.csproj]
Forms\ImpostazioniApp\FormImpostazioniApp.resx : warning MSB3568: il nome di risorsa duplicato ">>label8.Name" non è consentito e verrà ignorato. [E:\repo\WinHubX\Project\WinHubX\WinHubX.csproj]
Forms\ImpostazioniApp\FormImpostazioniApp.resx : warning MSB3568: il nome di risorsa duplicato ">>label8.Type" non è consentito e verrà ignorato. [E:\repo\WinHubX\Project\WinHubX\WinHubX.csproj]
Forms\ImpostazioniApp\FormImpostazioniApp.resx : warning MSB3568: il nome di risorsa duplicato ">>label8.Parent" non è consentito e verrà ignorato. [E:\repo\WinHubX\Project\WinHubX\WinHubX.csproj]
Forms\ImpostazioniApp\FormImpostazioniApp.resx : warning MSB3568: il nome di risorsa duplicato ">>label8.ZOrder" non è consentito e verrà ignorato. [E:\repo\WinHubX\Project\WinHubX\WinHubX.csproj]
Forms\ImpostazioniApp\FormImpostazioniApp.resx : warning MSB3568: il nome di risorsa duplicato ">>pictureBox10.Name" non è consentito e verrà ignorato. [E:\repo\WinHubX\Project\WinHubX\WinHubX.csproj]
Forms\ImpostazioniApp\FormImpostazioniApp.resx : warning MSB3568: il nome di risorsa duplicato ">>pictureBox10.Type" non è consentito e verrà ignorato. [E:\repo\WinHubX\Project\WinHubX\WinHubX.csproj]
Forms\ImpostazioniApp\FormImpostazioniApp.resx : warning MSB3568: il nome di risorsa duplicato ">>pictureBox10.Parent" non è consentito e verrà ignorato. [E:\repo\WinHubX\Project\WinHubX\WinHubX.csproj]
Forms\ImpostazioniApp\FormImpostazioniApp.resx : warning MSB3568: il nome di risorsa duplicato ">>pictureBox10.ZOrder" non è consentito e verrà ignorato. [E:\repo\WinHubX\Project\WinHubX\WinHubX.csproj]
Forms\ImpostazioniApp\FormImpostazioniApp.resx : warning MSB3568: il nome di risorsa duplicato ">>pictureBox5.Name" non è consentito e verrà ignorato. [E:\repo\WinHubX\Project\WinHubX\WinHubX.csproj]
Forms\ImpostazioniApp\FormImpostazioniApp.resx : warning MSB3568: il nome di risorsa duplicato ">>pictureBox5.Type" non è consentito e verrà ignorato. [E:\repo\WinHubX\Project\WinHubX\WinHubX.csproj]
Forms\ImpostazioniApp\FormImpostazioniApp.resx : warning MSB3568: il nome di risorsa duplicato ">>pictureBox5.Parent" non è consentito e verrà ignorato. [E:\repo\WinHubX\Project\WinHubX\WinHubX.csproj]
Forms\ImpostazioniApp\FormImpostazioniApp.resx : warning MSB3568: il nome di risorsa duplicato ">>pictureBox5.ZOrder" non è consentito e verrà ignorato. [E:\repo\WinHubX\Project\WinHubX\WinHubX.csproj]
Forms\ImpostazioniApp\FormImpostazioniApp.resx : warning MSB3568: il nome di risorsa duplicato ">>pictureBox4.Name" non è consentito e verrà ignorato. [E:\repo\WinHubX\Project\WinHubX\WinHubX.csproj]
Forms\ImpostazioniApp\FormImpostazioniApp.resx : warning MSB3568: il nome di risorsa duplicato ">>pictureBox4.Type" non è consentito e verrà ignorato. [E:\repo\WinHubX\Project\WinHubX\WinHubX.csproj]
Forms\ImpostazioniApp\FormImpostazioniApp.resx : warning MSB3568: il nome di risorsa duplicato ">>pictureBox4.Parent" non è consentito e verrà ignorato. [E:\repo\WinHubX\Project\WinHubX\WinHubX.csproj]
Forms\ImpostazioniApp\FormImpostazioniApp.resx : warning MSB3568: il nome di risorsa duplicato ">>pictureBox4.ZOrder" non è consentito e verrà ignorato. [E:\repo\WinHubX\Project\WinHubX\WinHubX.csproj]
Forms\ImpostazioniApp\FormImpostazioniApp.resx : warning MSB3568: il nome di risorsa duplicato ">>pictureBox3.Name" non è consentito e verrà ignorato. [E:\repo\WinHubX\Project\WinHubX\WinHubX.csproj]
Forms\ImpostazioniApp\FormImpostazioniApp.resx : warning MSB3568: il nome di risorsa duplicato ">>pictureBox3.Type" non è consentito e verrà ignorato. [E:\repo\WinHubX\Project\WinHubX\WinHubX.csproj]
Forms\ImpostazioniApp\FormImpostazioniApp.resx : warning MSB3568: il nome di risorsa duplicato ">>pictureBox3.Parent" non è consentito e verrà ignorato. [E:\repo\WinHubX\Project\WinHubX\WinHubX.csproj]
Forms\ImpostazioniApp\FormImpostazioniApp.resx : warning MSB3568: il nome di risorsa duplicato ">>pictureBox3.ZOrder" non è consentito e verrà ignorato. [E:\repo\WinHubX\Project\WinHubX\WinHubX.csproj]
Forms\ImpostazioniApp\FormImpostazioniApp.resx : warning MSB3568: il nome di risorsa duplicato ">>radioButton_sistemalingua.Name" non è consentito e verrà ignorato. [E:\repo\WinHubX\Project\WinHubX\WinHubX.csproj]
Forms\ImpostazioniApp\FormImpostazioniApp.resx : warning MSB3568: il nome di risorsa duplicato ">>radioButton_sistemalingua.Type" non è consentito e verrà ignorato. [E:\repo\WinHubX\Project\WinHubX\WinHubX.csproj]
Forms\ImpostazioniApp\FormImpostazioniApp.resx : warning MSB3568: il nome di risorsa duplicato ">>radioButton_sistemalingua.Parent" non è consentito e verrà ignorato. [E:\repo\WinHubX\Project\WinHubX\WinHubX.csproj]
Forms\ImpostazioniApp\FormImpostazioniApp.resx : warning MSB3568: il nome di risorsa duplicato ">>radioButton_sistemalingua.ZOrder" non è consentito e verrà ignorato. [E:\repo\WinHubX\Project\WinHubX\WinHubX.csproj]
Forms\ImpostazioniApp\FormImpostazioniApp.resx : warning MSB3568: il nome di risorsa duplicato ">>radioButton_ingleselingua.Name" non è consentito e verrà ignorato. [E:\repo\WinHubX\Project\WinHubX\WinHubX.csproj]
Forms\ImpostazioniApp\FormImpostazioniApp.resx : warning MSB3568: il nome di risorsa duplicato ">>radioButton_ingleselingua.Type" non è consentito e verrà ignorato. [E:\repo\WinHubX\Project\WinHubX\WinHubX.csproj]
Forms\ImpostazioniApp\FormImpostazioniApp.resx : warning MSB3568: il nome di risorsa duplicato ">>radioButton_ingleselingua.Parent" non è consentito e verrà ignorato. [E:\repo\WinHubX\Project\WinHubX\WinHubX.csproj]
Forms\ImpostazioniApp\FormImpostazioniApp.resx : warning MSB3568: il nome di risorsa duplicato ">>radioButton_ingleselingua.ZOrder" non è consentito e verrà ignorato. [E:\repo\WinHubX\Project\WinHubX\WinHubX.csproj]
Forms\ImpostazioniApp\FormImpostazioniApp.resx : warning MSB3568: il nome di risorsa duplicato ">>label1.Name" non è consentito e verrà ignorato. [E:\repo\WinHubX\Project\WinHubX\WinHubX.csproj]
Forms\ImpostazioniApp\FormImpostazioniApp.resx : warning MSB3568: il nome di risorsa duplicato ">>label1.Type" non è consentito e verrà ignorato. [E:\repo\WinHubX\Project\WinHubX\WinHubX.csproj]
Forms\ImpostazioniApp\FormImpostazioniApp.resx : warning MSB3568: il nome di risorsa duplicato ">>label1.Parent" non è consentito e verrà ignorato. [E:\repo\WinHubX\Project\WinHubX\WinHubX.csproj]
Forms\ImpostazioniApp\FormImpostazioniApp.resx : warning MSB3568: il nome di risorsa duplicato ">>label1.ZOrder" non è consentito e verrà ignorato. [E:\repo\WinHubX\Project\WinHubX\WinHubX.csproj]
Forms\ImpostazioniApp\FormImpostazioniApp.resx : warning MSB3568: il nome di risorsa duplicato ">>radioButton_italianolinuga.Name" non è consentito e verrà ignorato. [E:\repo\WinHubX\Project\WinHubX\WinHubX.csproj]
Forms\ImpostazioniApp\FormImpostazioniApp.resx : warning MSB3568: il nome di risorsa duplicato ">>radioButton_italianolinuga.Type" non è consentito e verrà ignorato. [E:\repo\WinHubX\Project\WinHubX\WinHubX.csproj]
Forms\ImpostazioniApp\FormImpostazioniApp.resx : warning MSB3568: il nome di risorsa duplicato ">>radioButton_italianolinuga.Parent" non è consentito e verrà ignorato. [E:\repo\WinHubX\Project\WinHubX\WinHubX.csproj]
Forms\ImpostazioniApp\FormImpostazioniApp.resx : warning MSB3568: il nome di risorsa duplicato ">>radioButton_italianolinuga.ZOrder" non è consentito e verrà ignorato. [E:\repo\WinHubX\Project\WinHubX\WinHubX.csproj]
Forms\ImpostazioniApp\FormImpostazioniApp.resx : warning MSB3568: il nome di risorsa duplicato ">>pictureBox1.Name" non è consentito e verrà ignorato. [E:\repo\WinHubX\Project\WinHubX\WinHubX.csproj]
Forms\ImpostazioniApp\FormImpostazioniApp.resx : warning MSB3568: il nome di risorsa duplicato ">>pictureBox1.Type" non è consentito e verrà ignorato. [E:\repo\WinHubX\Project\WinHubX\WinHubX.csproj]
Forms\ImpostazioniApp\FormImpostazioniApp.resx : warning MSB3568: il nome di risorsa duplicato ">>pictureBox1.Parent" non è consentito e verrà ignorato. [E:\repo\WinHubX\Project\WinHubX\WinHubX.csproj]
Forms\ImpostazioniApp\FormImpostazioniApp.resx : warning MSB3568: il nome di risorsa duplicato ">>pictureBox1.ZOrder" non è consentito e verrà ignorato. [E:\repo\WinHubX\Project\WinHubX\WinHubX.csproj]
E:\repo\WinHubX\Project\WinHubX\Forms\Settaggi\FormUtility.cs(21,66): warning CS8622: Il supporto dei valori Null dei tipi riferimento nel tipo di parametro 'sender' di 'void FormUtility.checkedListBox1_MouseMove(object sender, MouseEventArgs e)' non corrisponde al delegato di destinazione 'MouseEventHandler', probabilmente a causa degli attributi del supporto dei valori Null. [E:\repo\WinHubX\Project\WinHubX\WinHubX.csproj]
E:\repo\WinHubX\Project\WinHubX\Forms\Settaggi\FormUtility.cs(22,63): warning CS8622: Il supporto dei valori Null dei tipi riferimento nel tipo di parametro 'sender' di 'void FormUtility.checkedListBox2_MouseMove(object sender, MouseEventArgs e)' non corrisponde al delegato di destinazione 'MouseEventHandler', probabilmente a causa degli attributi del supporto dei valori Null. [E:\repo\WinHubX\Project\WinHubX\WinHubX.csproj]
E:\repo\WinHubX\Project\WinHubX\Forms\CreaISO\FormCreaISO.cs(68,21): warning CS8602: Dereferenziamento di un possibile riferimento Null. [E:\repo\WinHubX\Project\WinHubX\WinHubX.csproj]
E:\repo\WinHubX\Project\WinHubX\Forms\Base\Form1.cs(38,37): warning CS8625: Non è possibile convertire il valore letterale Null in tipo riferimento che non ammette i valori Null. [E:\repo\WinHubX\Project\WinHubX\WinHubX.csproj]
E:\repo\WinHubX\Project\WinHubX\Forms\Base\Form1.cs(83,16): warning CS8618: L'elemento campo 'notifyIcon' non nullable deve contenere un valore non Null all'uscita dal costruttore. Prendere in considerazione l'aggiunta del modificatore 'required' o la dichiarazione di campo come nullable. [E:\repo\WinHubX\Project\WinHubX\WinHubX.csproj]
E:\repo\WinHubX\Project\WinHubX\Forms\Base\Form1.cs(83,16): warning CS8618: L'elemento campo 'trayIconContextMenu' non nullable deve contenere un valore non Null all'uscita dal costruttore. Prendere in considerazione l'aggiunta del modificatore 'required' o la dichiarazione di campo come nullable. [E:\repo\WinHubX\Project\WinHubX\WinHubX.csproj]
E:\repo\WinHubX\Project\WinHubX\Forms\Settaggi\FormUtility.cs(85,38): warning CS8600: Conversione del valore letterale Null o di un possibile valore Null in un tipo che non ammette i valori Null. [E:\repo\WinHubX\Project\WinHubX\WinHubX.csproj]
E:\repo\WinHubX\Project\WinHubX\Forms\Settaggi\FormUtility.cs(89,36): warning CS8600: Conversione del valore letterale Null o di un possibile valore Null in un tipo che non ammette i valori Null. [E:\repo\WinHubX\Project\WinHubX\WinHubX.csproj]
E:\repo\WinHubX\Project\WinHubX\Forms\Settaggi\FormUtility.cs(108,37): warning CS8600: Conversione del valore letterale Null o di un possibile valore Null in un tipo che non ammette i valori Null. [E:\repo\WinHubX\Project\WinHubX\WinHubX.csproj]
E:\repo\WinHubX\Project\WinHubX\Forms\Base\Form1.cs(181,32): warning CS8601: Possibile assegnazione di riferimento Null. [E:\repo\WinHubX\Project\WinHubX\WinHubX.csproj]
E:\repo\WinHubX\Project\WinHubX\Forms\Base\Form1.cs(185,32): warning CS8625: Non è possibile convertire il valore letterale Null in tipo riferimento che non ammette i valori Null. [E:\repo\WinHubX\Project\WinHubX\WinHubX.csproj]
E:\repo\WinHubX\Project\WinHubX\Forms\Settaggi\FormUtility.cs(280,37): warning CS8604: Possibile argomento di riferimento Null per il parametro 'value' in 'void RegistryKey.SetValue(string? name, object value, RegistryValueKind valueKind)'. [E:\repo\WinHubX\Project\WinHubX\WinHubX.csproj]
E:\repo\WinHubX\Project\WinHubX\Forms\Base\Form1.cs(224,38): warning CS8600: Conversione del valore letterale Null o di un possibile valore Null in un tipo che non ammette i valori Null. [E:\repo\WinHubX\Project\WinHubX\WinHubX.csproj]
E:\repo\WinHubX\Project\WinHubX\Forms\Base\Form1.cs(228,36): warning CS8600: Conversione del valore letterale Null o di un possibile valore Null in un tipo che non ammette i valori Null. [E:\repo\WinHubX\Project\WinHubX\WinHubX.csproj]
E:\repo\WinHubX\Project\WinHubX\Forms\Base\Form1.cs(266,42): warning CS8600: Conversione del valore letterale Null o di un possibile valore Null in un tipo che non ammette i valori Null. [E:\repo\WinHubX\Project\WinHubX\WinHubX.csproj]
E:\repo\WinHubX\Project\WinHubX\Forms\Base\Form1.cs(270,40): warning CS8600: Conversione del valore letterale Null o di un possibile valore Null in un tipo che non ammette i valori Null. [E:\repo\WinHubX\Project\WinHubX\WinHubX.csproj]
E:\repo\WinHubX\Project\WinHubX\Forms\CreaISO\FormCreaISO.cs(191,48): warning CS8600: Conversione del valore letterale Null o di un possibile valore Null in un tipo che non ammette i valori Null. [E:\repo\WinHubX\Project\WinHubX\WinHubX.csproj]
E:\repo\WinHubX\Project\WinHubX\Forms\CreaISO\FormCreaISO.cs(209,32): warning CS8625: Non è possibile convertire il valore letterale Null in tipo riferimento che non ammette i valori Null. [E:\repo\WinHubX\Project\WinHubX\WinHubX.csproj]
E:\repo\WinHubX\Project\WinHubX\Forms\Settaggi\FormUtility.cs(310,17): warning CS8602: Dereferenziamento di un possibile riferimento Null. [E:\repo\WinHubX\Project\WinHubX\WinHubX.csproj]
E:\repo\WinHubX\Project\WinHubX\Forms\Settaggi\FormUtility.cs(339,21): warning CS8602: Dereferenziamento di un possibile riferimento Null. [E:\repo\WinHubX\Project\WinHubX\WinHubX.csproj]
E:\repo\WinHubX\Project\WinHubX\Forms\Settaggi\FormUtility.cs(356,45): warning CS8600: Conversione del valore letterale Null o di un possibile valore Null in un tipo che non ammette i valori Null. [E:\repo\WinHubX\Project\WinHubX\WinHubX.csproj]
E:\repo\WinHubX\Project\WinHubX\Forms\CreaISO\FormCreazioneISO.cs(22,16): warning CS8618: L'elemento campo '_cancellationTokenSource' non nullable deve contenere un valore non Null all'uscita dal costruttore. Prendere in considerazione l'aggiunta del modificatore 'required' o la dichiarazione di campo come nullable. [E:\repo\WinHubX\Project\WinHubX\WinHubX.csproj]
E:\repo\WinHubX\Project\WinHubX\Forms\CreaISO\FormCreaISO.cs(301,40): warning CS8625: Non è possibile convertire il valore letterale Null in tipo riferimento che non ammette i valori Null. [E:\repo\WinHubX\Project\WinHubX\WinHubX.csproj]
E:\repo\WinHubX\Project\WinHubX\Forms\Base\Form1.cs(398,47): warning CS8625: Non è possibile convertire il valore letterale Null in tipo riferimento che non ammette i valori Null. [E:\repo\WinHubX\Project\WinHubX\WinHubX.csproj]
E:\repo\WinHubX\Project\WinHubX\Forms\Base\Form1.cs(399,40): warning CS8625: Non è possibile convertire il valore letterale Null in tipo riferimento che non ammette i valori Null. [E:\repo\WinHubX\Project\WinHubX\WinHubX.csproj]
E:\repo\WinHubX\Project\WinHubX\Forms\CreaISO\FormCreaISO.cs(349,20): warning CS8603: Possibile restituzione di riferimento Null. [E:\repo\WinHubX\Project\WinHubX\WinHubX.csproj]
E:\repo\WinHubX\Project\WinHubX\Forms\Base\FormHome.cs(340,38): warning CS8600: Conversione del valore letterale Null o di un possibile valore Null in un tipo che non ammette i valori Null. [E:\repo\WinHubX\Project\WinHubX\WinHubX.csproj]
E:\repo\WinHubX\Project\WinHubX\Forms\Base\Form1.cs(500,32): warning CS8625: Non è possibile convertire il valore letterale Null in tipo riferimento che non ammette i valori Null. [E:\repo\WinHubX\Project\WinHubX\WinHubX.csproj]
E:\repo\WinHubX\Project\WinHubX\Forms\Base\FormHome.cs(397,33): warning CS8602: Dereferenziamento di un possibile riferimento Null. [E:\repo\WinHubX\Project\WinHubX\WinHubX.csproj]
E:\repo\WinHubX\Project\WinHubX\Forms\Base\FormHome.cs(545,13): warning CS8601: Possibile assegnazione di riferimento Null. [E:\repo\WinHubX\Project\WinHubX\WinHubX.csproj]
E:\repo\WinHubX\Project\WinHubX\Forms\Base\FormHome.cs(546,13): warning CS8601: Possibile assegnazione di riferimento Null. [E:\repo\WinHubX\Project\WinHubX\WinHubX.csproj]
E:\repo\WinHubX\Project\WinHubX\Forms\Base\FormHome.cs(643,13): warning CS4014: Non è possibile attendere la chiamata, pertanto l'esecuzione del metodo corrente continuerà prima del completamento della chiamata. Provare ad applicare l'operatore 'await' al risultato della chiamata. [E:\repo\WinHubX\Project\WinHubX\WinHubX.csproj]
E:\repo\WinHubX\Project\WinHubX\Forms\DebloatAvanzato\FormServizi.cs(26,47): warning CS8600: Conversione del valore letterale Null o di un possibile valore Null in un tipo che non ammette i valori Null. [E:\repo\WinHubX\Project\WinHubX\WinHubX.csproj]
E:\repo\WinHubX\Project\WinHubX\Forms\DebloatAvanzato\FormServizi.cs(28,41): warning CS8602: Dereferenziamento di un possibile riferimento Null. [E:\repo\WinHubX\Project\WinHubX\WinHubX.csproj]
E:\repo\WinHubX\Project\WinHubX\Forms\CreaISO\FormCreazioneISO.cs(267,113): warning CS8604: Possibile argomento di riferimento Null per il parametro 'progress' in 'void FormCreazioneISO.ExtractDirectory(DiscDirectoryInfo directory, string targetPath, ref int extractedFiles, int totalFiles, IProgress<int> progress, CancellationToken token)'. [E:\repo\WinHubX\Project\WinHubX\WinHubX.csproj]
E:\repo\WinHubX\Project\WinHubX\Forms\DebloatAvanzato\FormServizi.cs(64,47): warning CS8600: Conversione del valore letterale Null o di un possibile valore Null in un tipo che non ammette i valori Null. [E:\repo\WinHubX\Project\WinHubX\WinHubX.csproj]
E:\repo\WinHubX\Project\WinHubX\Forms\DebloatAvanzato\FormServizi.cs(70,46): warning CS8600: Conversione del valore letterale Null o di un possibile valore Null in un tipo che non ammette i valori Null. [E:\repo\WinHubX\Project\WinHubX\WinHubX.csproj]
E:\repo\WinHubX\Project\WinHubX\Forms\DebloatAvanzato\FormServizi.cs(71,40): warning CS8602: Dereferenziamento di un possibile riferimento Null. [E:\repo\WinHubX\Project\WinHubX\WinHubX.csproj]
E:\repo\WinHubX\Project\WinHubX\Forms\DebloatAvanzato\FormServizi.cs(96,57): warning CS8602: Dereferenziamento di un possibile riferimento Null. [E:\repo\WinHubX\Project\WinHubX\WinHubX.csproj]
E:\repo\WinHubX\Project\WinHubX\Forms\DebloatAvanzato\AppItemControl.cs(14,16): warning CS8618: L'elemento proprietà 'NomeTecnico' non nullable deve contenere un valore non Null all'uscita dal costruttore. Prendere in considerazione l'aggiunta del modificatore 'required' o la dichiarazione di proprietà come nullable. [E:\repo\WinHubX\Project\WinHubX\WinHubX.csproj]
E:\repo\WinHubX\Project\WinHubX\Forms\Base\FormDebloat.cs(124,39): warning CS8601: Possibile assegnazione di riferimento Null. [E:\repo\WinHubX\Project\WinHubX\WinHubX.csproj]
E:\repo\WinHubX\Project\WinHubX\Forms\CreaISO\FormCreazioneISO.cs(499,47): warning CS8604: Possibile argomento di riferimento Null per il parametro 'path' in 'DirectoryInfo Directory.CreateDirectory(string path)'. [E:\repo\WinHubX\Project\WinHubX\WinHubX.csproj]
E:\repo\WinHubX\Project\WinHubX\Forms\CreaISO\FormCreazioneISO.cs(502,47): warning CS8604: Possibile argomento di riferimento Null per il parametro 'path' in 'DirectoryInfo Directory.CreateDirectory(string path)'. [E:\repo\WinHubX\Project\WinHubX\WinHubX.csproj]
E:\repo\WinHubX\Project\WinHubX\Forms\Base\FormSettaggi.cs(148,30): warning CS8600: Conversione del valore letterale Null o di un possibile valore Null in un tipo che non ammette i valori Null. [E:\repo\WinHubX\Project\WinHubX\WinHubX.csproj]
E:\repo\WinHubX\Project\WinHubX\Forms\Base\FormSettaggi.cs(153,43): warning CS8622: Il supporto dei valori Null dei tipi riferimento nel tipo di parametro 'sender' di 'void FormSettaggi.PictureBox3_Click_BackToTweaks(object sender, EventArgs e)' non corrisponde al delegato di destinazione 'EventHandler', probabilmente a causa degli attributi del supporto dei valori Null. [E:\repo\WinHubX\Project\WinHubX\WinHubX.csproj]
E:\repo\WinHubX\Project\WinHubX\Forms\Base\FormSettaggi.cs(154,43): warning CS8622: Il supporto dei valori Null dei tipi riferimento nel tipo di parametro 'sender' di 'void FormSettaggi.PictureBox3_Click_BackToTweaks(object sender, EventArgs e)' non corrisponde al delegato di destinazione 'EventHandler', probabilmente a causa degli attributi del supporto dei valori Null. [E:\repo\WinHubX\Project\WinHubX\WinHubX.csproj]
E:\repo\WinHubX\Project\WinHubX\Forms\Base\FormSettaggi.cs(158,25): warning CS8600: Conversione del valore letterale Null o di un possibile valore Null in un tipo che non ammette i valori Null. [E:\repo\WinHubX\Project\WinHubX\WinHubX.csproj]
E:\repo\WinHubX\Project\WinHubX\Forms\Base\FormSettaggi.cs(159,13): warning CS8602: Dereferenziamento di un possibile riferimento Null. [E:\repo\WinHubX\Project\WinHubX\WinHubX.csproj]
E:\repo\WinHubX\Project\WinHubX\Forms\Base\FormSettaggi.cs(168,30): warning CS8600: Conversione del valore letterale Null o di un possibile valore Null in un tipo che non ammette i valori Null. [E:\repo\WinHubX\Project\WinHubX\WinHubX.csproj]
E:\repo\WinHubX\Project\WinHubX\Forms\Base\FormDebloat.cs(360,44): warning CS8600: Conversione del valore letterale Null o di un possibile valore Null in un tipo che non ammette i valori Null. [E:\repo\WinHubX\Project\WinHubX\WinHubX.csproj]
E:\repo\WinHubX\Project\WinHubX\Forms\Base\FormSettaggi.cs(198,40): warning CS8600: Conversione del valore letterale Null o di un possibile valore Null in un tipo che non ammette i valori Null. [E:\repo\WinHubX\Project\WinHubX\WinHubX.csproj]
E:\repo\WinHubX\Project\WinHubX\Forms\Base\FormSettaggi.cs(211,36): warning CS8600: Conversione del valore letterale Null o di un possibile valore Null in un tipo che non ammette i valori Null. [E:\repo\WinHubX\Project\WinHubX\WinHubX.csproj]
E:\repo\WinHubX\Project\WinHubX\Forms\CreaISO\FormCreazioneISO.cs(829,47): warning CS8602: Dereferenziamento di un possibile riferimento Null. [E:\repo\WinHubX\Project\WinHubX\WinHubX.csproj]
E:\repo\WinHubX\Project\WinHubX\Forms\Base\FormDebloat.cs(481,54): warning CS4014: Non è possibile attendere la chiamata, pertanto l'esecuzione del metodo corrente continuerà prima del completamento della chiamata. Provare ad applicare l'operatore 'await' al risultato della chiamata. [E:\repo\WinHubX\Project\WinHubX\WinHubX.csproj]
E:\repo\WinHubX\Project\WinHubX\Forms\Base\FormDebloat.cs(493,20): warning CS8603: Possibile restituzione di riferimento Null. [E:\repo\WinHubX\Project\WinHubX\WinHubX.csproj]
E:\repo\WinHubX\Project\WinHubX\Forms\Settaggi\FormUtility.cs(384,48): warning CS8600: Conversione del valore letterale Null o di un possibile valore Null in un tipo che non ammette i valori Null. [E:\repo\WinHubX\Project\WinHubX\WinHubX.csproj]
E:\repo\WinHubX\Project\WinHubX\Forms\Settaggi\FormUtility.cs(388,48): warning CS8600: Conversione del valore letterale Null o di un possibile valore Null in un tipo che non ammette i valori Null. [E:\repo\WinHubX\Project\WinHubX\WinHubX.csproj]
E:\repo\WinHubX\Project\WinHubX\Forms\Settaggi\FormUtility.cs(392,50): warning CS8600: Conversione del valore letterale Null o di un possibile valore Null in un tipo che non ammette i valori Null. [E:\repo\WinHubX\Project\WinHubX\WinHubX.csproj]
E:\repo\WinHubX\Project\WinHubX\Forms\Settaggi\FormUtility.cs(400,65): warning CS8600: Conversione del valore letterale Null o di un possibile valore Null in un tipo che non ammette i valori Null. [E:\repo\WinHubX\Project\WinHubX\WinHubX.csproj]
E:\repo\WinHubX\Project\WinHubX\Forms\Settaggi\FormUtility.cs(426,48): warning CS8600: Conversione del valore letterale Null o di un possibile valore Null in un tipo che non ammette i valori Null. [E:\repo\WinHubX\Project\WinHubX\WinHubX.csproj]
E:\repo\WinHubX\Project\WinHubX\Forms\Settaggi\FormUtility.cs(430,48): warning CS8600: Conversione del valore letterale Null o di un possibile valore Null in un tipo che non ammette i valori Null. [E:\repo\WinHubX\Project\WinHubX\WinHubX.csproj]
E:\repo\WinHubX\Project\WinHubX\Forms\Settaggi\FormUtility.cs(434,50): warning CS8600: Conversione del valore letterale Null o di un possibile valore Null in un tipo che non ammette i valori Null. [E:\repo\WinHubX\Project\WinHubX\WinHubX.csproj]
E:\repo\WinHubX\Project\WinHubX\Forms\Settaggi\FormUtility.cs(438,50): warning CS8600: Conversione del valore letterale Null o di un possibile valore Null in un tipo che non ammette i valori Null. [E:\repo\WinHubX\Project\WinHubX\WinHubX.csproj]
E:\repo\WinHubX\Project\WinHubX\Forms\Settaggi\FormUtility.cs(461,48): warning CS8600: Conversione del valore letterale Null o di un possibile valore Null in un tipo che non ammette i valori Null. [E:\repo\WinHubX\Project\WinHubX\WinHubX.csproj]
E:\repo\WinHubX\Project\WinHubX\Forms\Settaggi\FormUtility.cs(466,48): warning CS8600: Conversione del valore letterale Null o di un possibile valore Null in un tipo che non ammette i valori Null. [E:\repo\WinHubX\Project\WinHubX\WinHubX.csproj]
E:\repo\WinHubX\Project\WinHubX\Forms\Settaggi\FormUtility.cs(487,54): warning CS8600: Conversione del valore letterale Null o di un possibile valore Null in un tipo che non ammette i valori Null. [E:\repo\WinHubX\Project\WinHubX\WinHubX.csproj]
E:\repo\WinHubX\Project\WinHubX\Forms\Settaggi\FormUtility.cs(492,54): warning CS8600: Conversione del valore letterale Null o di un possibile valore Null in un tipo che non ammette i valori Null. [E:\repo\WinHubX\Project\WinHubX\WinHubX.csproj]
E:\repo\WinHubX\Project\WinHubX\Forms\Settaggi\FormUtility.cs(496,52): warning CS8600: Conversione del valore letterale Null o di un possibile valore Null in un tipo che non ammette i valori Null. [E:\repo\WinHubX\Project\WinHubX\WinHubX.csproj]
E:\repo\WinHubX\Project\WinHubX\Forms\Settaggi\FormUtility.cs(501,52): warning CS8600: Conversione del valore letterale Null o di un possibile valore Null in un tipo che non ammette i valori Null. [E:\repo\WinHubX\Project\WinHubX\WinHubX.csproj]
E:\repo\WinHubX\Project\WinHubX\Forms\Settaggi\FormUtility.cs(522,61): warning CS8600: Conversione del valore letterale Null o di un possibile valore Null in un tipo che non ammette i valori Null. [E:\repo\WinHubX\Project\WinHubX\WinHubX.csproj]
E:\repo\WinHubX\Project\WinHubX\Forms\Settaggi\FormUtility.cs(527,61): warning CS8600: Conversione del valore letterale Null o di un possibile valore Null in un tipo che non ammette i valori Null. [E:\repo\WinHubX\Project\WinHubX\WinHubX.csproj]
E:\repo\WinHubX\Project\WinHubX\Forms\Settaggi\FormUtility.cs(531,56): warning CS8600: Conversione del valore letterale Null o di un possibile valore Null in un tipo che non ammette i valori Null. [E:\repo\WinHubX\Project\WinHubX\WinHubX.csproj]
E:\repo\WinHubX\Project\WinHubX\Forms\Settaggi\FormUtility.cs(536,56): warning CS8600: Conversione del valore letterale Null o di un possibile valore Null in un tipo che non ammette i valori Null. [E:\repo\WinHubX\Project\WinHubX\WinHubX.csproj]
E:\repo\WinHubX\Project\WinHubX\Forms\Settaggi\FormUtility.cs(559,48): warning CS8600: Conversione del valore letterale Null o di un possibile valore Null in un tipo che non ammette i valori Null. [E:\repo\WinHubX\Project\WinHubX\WinHubX.csproj]
E:\repo\WinHubX\Project\WinHubX\Forms\Settaggi\FormUtility.cs(563,48): warning CS8600: Conversione del valore letterale Null o di un possibile valore Null in un tipo che non ammette i valori Null. [E:\repo\WinHubX\Project\WinHubX\WinHubX.csproj]
E:\repo\WinHubX\Project\WinHubX\Forms\Settaggi\FormUtility.cs(591,21): warning CS8602: Dereferenziamento di un possibile riferimento Null. [E:\repo\WinHubX\Project\WinHubX\WinHubX.csproj]
E:\repo\WinHubX\Project\WinHubX\Forms\Settaggi\FormUtility.cs(656,25): warning CS8602: Dereferenziamento di un possibile riferimento Null. [E:\repo\WinHubX\Project\WinHubX\WinHubX.csproj]
E:\repo\WinHubX\Project\WinHubX\Forms\Settaggi\FormUtility.cs(798,66): warning CS8600: Conversione del valore letterale Null o di un possibile valore Null in un tipo che non ammette i valori Null. [E:\repo\WinHubX\Project\WinHubX\WinHubX.csproj]
E:\repo\WinHubX\Project\WinHubX\Forms\Settaggi\FormUtility.cs(1043,48): warning CS8600: Conversione del valore letterale Null o di un possibile valore Null in un tipo che non ammette i valori Null. [E:\repo\WinHubX\Project\WinHubX\WinHubX.csproj]
E:\repo\WinHubX\Project\WinHubX\Forms\Settaggi\FormUtility.cs(1058,48): warning CS8600: Conversione del valore letterale Null o di un possibile valore Null in un tipo che non ammette i valori Null. [E:\repo\WinHubX\Project\WinHubX\WinHubX.csproj]
E:\repo\WinHubX\Project\WinHubX\Forms\Settaggi\FormUtility.cs(1202,62): warning CS8600: Conversione del valore letterale Null o di un possibile valore Null in un tipo che non ammette i valori Null. [E:\repo\WinHubX\Project\WinHubX\WinHubX.csproj]
E:\repo\WinHubX\Project\WinHubX\Forms\Settaggi\FormUtility.cs(1203,62): warning CS8600: Conversione del valore letterale Null o di un possibile valore Null in un tipo che non ammette i valori Null. [E:\repo\WinHubX\Project\WinHubX\WinHubX.csproj]
E:\repo\WinHubX\Project\WinHubX\Forms\Settaggi\FormUtility.cs(1235,53): warning CS8600: Conversione del valore letterale Null o di un possibile valore Null in un tipo che non ammette i valori Null. [E:\repo\WinHubX\Project\WinHubX\WinHubX.csproj]
E:\repo\WinHubX\Project\WinHubX\Forms\Settaggi\FormUtility.cs(1243,62): warning CS8600: Conversione del valore letterale Null o di un possibile valore Null in un tipo che non ammette i valori Null. [E:\repo\WinHubX\Project\WinHubX\WinHubX.csproj]
E:\repo\WinHubX\Project\WinHubX\Forms\Settaggi\FormUtility.cs(1270,59): warning CS8600: Conversione del valore letterale Null o di un possibile valore Null in un tipo che non ammette i valori Null. [E:\repo\WinHubX\Project\WinHubX\WinHubX.csproj]
E:\repo\WinHubX\Project\WinHubX\Forms\Settaggi\FormUtility.cs(1281,59): warning CS8600: Conversione del valore letterale Null o di un possibile valore Null in un tipo che non ammette i valori Null. [E:\repo\WinHubX\Project\WinHubX\WinHubX.csproj]
E:\repo\WinHubX\Project\WinHubX\Forms\Settaggi\FormUtility.cs(1309,54): warning CS8600: Conversione del valore letterale Null o di un possibile valore Null in un tipo che non ammette i valori Null. [E:\repo\WinHubX\Project\WinHubX\WinHubX.csproj]
E:\repo\WinHubX\Project\WinHubX\Forms\Settaggi\FormUtility.cs(1314,52): warning CS8600: Conversione del valore letterale Null o di un possibile valore Null in un tipo che non ammette i valori Null. [E:\repo\WinHubX\Project\WinHubX\WinHubX.csproj]
E:\repo\WinHubX\Project\WinHubX\Forms\Settaggi\FormUtility.cs(1318,54): warning CS8600: Conversione del valore letterale Null o di un possibile valore Null in un tipo che non ammette i valori Null. [E:\repo\WinHubX\Project\WinHubX\WinHubX.csproj]
E:\repo\WinHubX\Project\WinHubX\Forms\Settaggi\FormUtility.cs(1324,52): warning CS8600: Conversione del valore letterale Null o di un possibile valore Null in un tipo che non ammette i valori Null. [E:\repo\WinHubX\Project\WinHubX\WinHubX.csproj]
E:\repo\WinHubX\Project\WinHubX\Forms\Settaggi\FormUtility.cs(1398,21): warning CS8602: Dereferenziamento di un possibile riferimento Null. [E:\repo\WinHubX\Project\WinHubX\WinHubX.csproj]
E:\repo\WinHubX\Project\WinHubX\Forms\Settaggi\FormUtility.cs(1463,25): warning CS8602: Dereferenziamento di un possibile riferimento Null. [E:\repo\WinHubX\Project\WinHubX\WinHubX.csproj]
E:\repo\WinHubX\Project\WinHubX\Forms\Settaggi\FormUtility.cs(1498,25): warning CS8602: Dereferenziamento di un possibile riferimento Null. [E:\repo\WinHubX\Project\WinHubX\WinHubX.csproj]
E:\repo\WinHubX\Project\WinHubX\Forms\Settaggi\FormUtility.cs(1595,62): warning CS8600: Conversione del valore letterale Null o di un possibile valore Null in un tipo che non ammette i valori Null. [E:\repo\WinHubX\Project\WinHubX\WinHubX.csproj]
E:\repo\WinHubX\Project\WinHubX\Forms\Base\FormWin.cs(19,16): warning CS8618: L'elemento campo 'selectedOS' non nullable deve contenere un valore non Null all'uscita dal costruttore. Prendere in considerazione l'aggiunta del modificatore 'required' o la dichiarazione di campo come nullable. [E:\repo\WinHubX\Project\WinHubX\WinHubX.csproj]
E:\repo\WinHubX\Project\WinHubX\Forms\Base\FormWin.cs(19,16): warning CS8618: L'elemento campo 'selectedVersion' non nullable deve contenere un valore non Null all'uscita dal costruttore. Prendere in considerazione l'aggiunta del modificatore 'required' o la dichiarazione di campo come nullable. [E:\repo\WinHubX\Project\WinHubX\WinHubX.csproj]
E:\repo\WinHubX\Project\WinHubX\Forms\Base\FormWin.cs(19,16): warning CS8618: L'elemento campo 'selectedLanguage' non nullable deve contenere un valore non Null all'uscita dal costruttore. Prendere in considerazione l'aggiunta del modificatore 'required' o la dichiarazione di campo come nullable. [E:\repo\WinHubX\Project\WinHubX\WinHubX.csproj]
E:\repo\WinHubX\Project\WinHubX\Forms\Settaggi\FormUtility.cs(1666,35): warning CS8600: Conversione del valore letterale Null o di un possibile valore Null in un tipo che non ammette i valori Null. [E:\repo\WinHubX\Project\WinHubX\WinHubX.csproj]
E:\repo\WinHubX\Project\WinHubX\Forms\Settaggi\FormUtility.cs(1667,41): warning CS8602: Dereferenziamento di un possibile riferimento Null. [E:\repo\WinHubX\Project\WinHubX\WinHubX.csproj]
E:\repo\WinHubX\Project\WinHubX\Forms\Settaggi\FormUtility.cs(1672,52): warning CS8622: Il supporto dei valori Null dei tipi riferimento nel tipo di parametro 'sender' di 'void FormUtility.DisabilitaUtility_ItemCheck(object sender, ItemCheckEventArgs e)' non corrisponde al delegato di destinazione 'ItemCheckEventHandler', probabilmente a causa degli attributi del supporto dei valori Null. [E:\repo\WinHubX\Project\WinHubX\WinHubX.csproj]
E:\repo\WinHubX\Project\WinHubX\Forms\Settaggi\FormUtility.cs(1674,52): warning CS8622: Il supporto dei valori Null dei tipi riferimento nel tipo di parametro 'sender' di 'void FormUtility.DisabilitaUtility_ItemCheck(object sender, ItemCheckEventArgs e)' non corrisponde al delegato di destinazione 'ItemCheckEventHandler', probabilmente a causa degli attributi del supporto dei valori Null. [E:\repo\WinHubX\Project\WinHubX\WinHubX.csproj]
E:\repo\WinHubX\Project\WinHubX\Forms\Settaggi\FormUtility.cs(1683,35): warning CS8600: Conversione del valore letterale Null o di un possibile valore Null in un tipo che non ammette i valori Null. [E:\repo\WinHubX\Project\WinHubX\WinHubX.csproj]
E:\repo\WinHubX\Project\WinHubX\Forms\Settaggi\FormUtility.cs(1684,38): warning CS8602: Dereferenziamento di un possibile riferimento Null. [E:\repo\WinHubX\Project\WinHubX\WinHubX.csproj]
E:\repo\WinHubX\Project\WinHubX\Forms\Settaggi\FormUtility.cs(1689,49): warning CS8622: Il supporto dei valori Null dei tipi riferimento nel tipo di parametro 'sender' di 'void FormUtility.AbilitaUtility_ItemCheck(object sender, ItemCheckEventArgs e)' non corrisponde al delegato di destinazione 'ItemCheckEventHandler', probabilmente a causa degli attributi del supporto dei valori Null. [E:\repo\WinHubX\Project\WinHubX\WinHubX.csproj]
E:\repo\WinHubX\Project\WinHubX\Forms\Settaggi\FormUtility.cs(1691,49): warning CS8622: Il supporto dei valori Null dei tipi riferimento nel tipo di parametro 'sender' di 'void FormUtility.AbilitaUtility_ItemCheck(object sender, ItemCheckEventArgs e)' non corrisponde al delegato di destinazione 'ItemCheckEventHandler', probabilmente a causa degli attributi del supporto dei valori Null. [E:\repo\WinHubX\Project\WinHubX\WinHubX.csproj]
E:\repo\WinHubX\Project\WinHubX\Forms\Base\FormWin.cs(48,13): warning SYSLIB0014: 'ServicePointManager' è obsoleto: 'WebRequest, HttpWebRequest, ServicePoint, and WebClient are obsolete. Use HttpClient instead. Settings on ServicePointManager no longer affect SslStream or HttpClient.' (https://aka.ms/dotnet-warnings/SYSLIB0014) [E:\repo\WinHubX\Project\WinHubX\WinHubX.csproj]
E:\repo\WinHubX\Project\WinHubX\Forms\Base\FormOffice.cs(24,16): warning CS8618: L'elemento campo 'officeVersions' non nullable deve contenere un valore non Null all'uscita dal costruttore. Prendere in considerazione l'aggiunta del modificatore 'required' o la dichiarazione di campo come nullable. [E:\repo\WinHubX\Project\WinHubX\WinHubX.csproj]
E:\repo\WinHubX\Project\WinHubX\Forms\Base\FormOffice.cs(24,16): warning CS8618: L'elemento campo 'selectedOfficeVersion' non nullable deve contenere un valore non Null all'uscita dal costruttore. Prendere in considerazione l'aggiunta del modificatore 'required' o la dichiarazione di campo come nullable. [E:\repo\WinHubX\Project\WinHubX\WinHubX.csproj]
E:\repo\WinHubX\Project\WinHubX\Forms\Base\FormOffice.cs(24,16): warning CS8618: L'elemento campo 'selectedLanguage' non nullable deve contenere un valore non Null all'uscita dal costruttore. Prendere in considerazione l'aggiunta del modificatore 'required' o la dichiarazione di campo come nullable. [E:\repo\WinHubX\Project\WinHubX\WinHubX.csproj]
E:\repo\WinHubX\Project\WinHubX\Forms\Base\FormOffice.cs(24,16): warning CS8618: L'elemento campo 'selectedInstallationType' non nullable deve contenere un valore non Null all'uscita dal costruttore. Prendere in considerazione l'aggiunta del modificatore 'required' o la dichiarazione di campo come nullable. [E:\repo\WinHubX\Project\WinHubX\WinHubX.csproj]
E:\repo\WinHubX\Project\WinHubX\Forms\Base\FormOffice.cs(24,16): warning CS8618: L'elemento campo '_cts' non nullable deve contenere un valore non Null all'uscita dal costruttore. Prendere in considerazione l'aggiunta del modificatore 'required' o la dichiarazione di campo come nullable. [E:\repo\WinHubX\Project\WinHubX\WinHubX.csproj]
E:\repo\WinHubX\Project\WinHubX\Forms\Base\FormOffice.cs(98,13): warning SYSLIB0014: 'ServicePointManager' è obsoleto: 'WebRequest, HttpWebRequest, ServicePoint, and WebClient are obsolete. Use HttpClient instead. Settings on ServicePointManager no longer affect SslStream or HttpClient.' (https://aka.ms/dotnet-warnings/SYSLIB0014) [E:\repo\WinHubX\Project\WinHubX\WinHubX.csproj]
E:\repo\WinHubX\Project\WinHubX\Forms\Base\FormOffice.cs(110,42): warning CS8602: Dereferenziamento di un possibile riferimento Null. [E:\repo\WinHubX\Project\WinHubX\WinHubX.csproj]
E:\repo\WinHubX\Project\WinHubX\Forms\Base\FormOffice.cs(110,42): warning CS8600: Conversione del valore letterale Null o di un possibile valore Null in un tipo che non ammette i valori Null. [E:\repo\WinHubX\Project\WinHubX\WinHubX.csproj]
E:\repo\WinHubX\Project\WinHubX\Forms\Base\FormOffice.cs(120,48): warning CS8604: Possibile argomento di riferimento Null per il parametro 'url' in 'Task FormOffice.ExecuteScriptFromUrl(string url)'. [E:\repo\WinHubX\Project\WinHubX\WinHubX.csproj]
E:\repo\WinHubX\Project\WinHubX\Forms\Base\FormOffice.cs(240,24): warning CS8602: Dereferenziamento di un possibile riferimento Null. [E:\repo\WinHubX\Project\WinHubX\WinHubX.csproj]
E:\repo\WinHubX\Project\WinHubX\Forms\Base\FormOffice.cs(240,24): warning CS8602: Dereferenziamento di un possibile riferimento Null. [E:\repo\WinHubX\Project\WinHubX\WinHubX.csproj]
E:\repo\WinHubX\Project\WinHubX\Forms\Base\FormWin.cs(263,17): warning SYSLIB0014: 'ServicePointManager' è obsoleto: 'WebRequest, HttpWebRequest, ServicePoint, and WebClient are obsolete. Use HttpClient instead. Settings on ServicePointManager no longer affect SslStream or HttpClient.' (https://aka.ms/dotnet-warnings/SYSLIB0014) [E:\repo\WinHubX\Project\WinHubX\WinHubX.csproj]
E:\repo\WinHubX\Project\WinHubX\Forms\Base\FormWin.cs(299,30): warning CS8600: Conversione del valore letterale Null o di un possibile valore Null in un tipo che non ammette i valori Null. [E:\repo\WinHubX\Project\WinHubX\WinHubX.csproj]
E:\repo\WinHubX\Project\WinHubX\Forms\CreaISO\FormCreazioneISO.cs(920,43): warning CS8600: Conversione del valore letterale Null o di un possibile valore Null in un tipo che non ammette i valori Null. [E:\repo\WinHubX\Project\WinHubX\WinHubX.csproj]
E:\repo\WinHubX\Project\WinHubX\Forms\CreaISO\FormCreazioneISO.cs(954,55): warning CS8600: Conversione del valore letterale Null o di un possibile valore Null in un tipo che non ammette i valori Null. [E:\repo\WinHubX\Project\WinHubX\WinHubX.csproj]
E:\repo\WinHubX\Project\WinHubX\Forms\CreaISO\FormCreazioneISO.cs(978,59): warning CS8602: Dereferenziamento di un possibile riferimento Null. [E:\repo\WinHubX\Project\WinHubX\WinHubX.csproj]
E:\repo\WinHubX\Project\WinHubX\Forms\CreaISO\FormCreazioneISO.cs(1005,55): warning CS8602: Dereferenziamento di un possibile riferimento Null. [E:\repo\WinHubX\Project\WinHubX\WinHubX.csproj]
E:\repo\WinHubX\Project\WinHubX\Forms\CreaISO\FormCreazioneISO.cs(1026,59): warning CS8602: Dereferenziamento di un possibile riferimento Null. [E:\repo\WinHubX\Project\WinHubX\WinHubX.csproj]
E:\repo\WinHubX\Project\WinHubX\Forms\Base\FormMonitoraggio.cs(42,16): warning CS8618: L'elemento campo 'networkInterfaces' non nullable deve contenere un valore non Null all'uscita dal costruttore. Prendere in considerazione l'aggiunta del modificatore 'required' o la dichiarazione di campo come nullable. [E:\repo\WinHubX\Project\WinHubX\WinHubX.csproj]
E:\repo\WinHubX\Project\WinHubX\Forms\Base\FormMonitoraggio.cs(42,16): warning CS8618: L'elemento campo '_computer' non nullable deve contenere un valore non Null all'uscita dal costruttore. Prendere in considerazione l'aggiunta del modificatore 'required' o la dichiarazione di campo come nullable. [E:\repo\WinHubX\Project\WinHubX\WinHubX.csproj]
E:\repo\WinHubX\Project\WinHubX\Forms\Base\FormMonitoraggio.cs(42,16): warning CS8618: L'elemento campo '_monitoringTimer' non nullable deve contenere un valore non Null all'uscita dal costruttore. Prendere in considerazione l'aggiunta del modificatore 'required' o la dichiarazione di campo come nullable. [E:\repo\WinHubX\Project\WinHubX\WinHubX.csproj]
E:\repo\WinHubX\Project\WinHubX\Forms\Base\FormMonitoraggio.cs(42,16): warning CS8618: L'elemento campo '_tempMonitorTimer' non nullable deve contenere un valore non Null all'uscita dal costruttore. Prendere in considerazione l'aggiunta del modificatore 'required' o la dichiarazione di campo come nullable. [E:\repo\WinHubX\Project\WinHubX\WinHubX.csproj]
E:\repo\WinHubX\Project\WinHubX\Forms\Base\FormMonitoraggio.cs(42,16): warning CS8618: L'elemento campo '_cpuCounter' non nullable deve contenere un valore non Null all'uscita dal costruttore. Prendere in considerazione l'aggiunta del modificatore 'required' o la dichiarazione di campo come nullable. [E:\repo\WinHubX\Project\WinHubX\WinHubX.csproj]
E:\repo\WinHubX\Project\WinHubX\Forms\Base\FormMonitoraggio.cs(42,16): warning CS8618: L'elemento campo '_notifyIcon' non nullable deve contenere un valore non Null all'uscita dal costruttore. Prendere in considerazione l'aggiunta del modificatore 'required' o la dichiarazione di campo come nullable. [E:\repo\WinHubX\Project\WinHubX\WinHubX.csproj]
E:\repo\WinHubX\Project\WinHubX\Forms\Base\FormMonitoraggio.cs(100,38): warning CS8622: Il supporto dei valori Null dei tipi riferimento nel tipo di parametro 'sender' di 'void FormMonitoraggio.MonitoringTimer_Tick(object sender, EventArgs e)' non corrisponde al delegato di destinazione 'EventHandler', probabilmente a causa degli attributi del supporto dei valori Null. [E:\repo\WinHubX\Project\WinHubX\WinHubX.csproj]
E:\repo\WinHubX\Project\WinHubX\Forms\Base\FormMonitoraggio.cs(104,39): warning CS8622: Il supporto dei valori Null dei tipi riferimento nel tipo di parametro 'sender' di 'void FormMonitoraggio.TempMonitorTimer_Tick(object sender, EventArgs e)' non corrisponde al delegato di destinazione 'EventHandler', probabilmente a causa degli attributi del supporto dei valori Null. [E:\repo\WinHubX\Project\WinHubX\WinHubX.csproj]
E:\repo\WinHubX\Project\WinHubX\Forms\Base\FormOffice.cs(343,30): warning CS8600: Conversione del valore letterale Null o di un possibile valore Null in un tipo che non ammette i valori Null. [E:\repo\WinHubX\Project\WinHubX\WinHubX.csproj]
E:\repo\WinHubX\Project\WinHubX\Forms\Settaggi\FormUpdate.cs(22,65): warning CS8622: Il supporto dei valori Null dei tipi riferimento nel tipo di parametro 'sender' di 'void FormUpdate.checkedListBox1_MouseMove(object sender, MouseEventArgs e)' non corrisponde al delegato di destinazione 'MouseEventHandler', probabilmente a causa degli attributi del supporto dei valori Null. [E:\repo\WinHubX\Project\WinHubX\WinHubX.csproj]
E:\repo\WinHubX\Project\WinHubX\Forms\Settaggi\FormUpdate.cs(23,62): warning CS8622: Il supporto dei valori Null dei tipi riferimento nel tipo di parametro 'sender' di 'void FormUpdate.checkedListBox2_MouseMove(object sender, MouseEventArgs e)' non corrisponde al delegato di destinazione 'MouseEventHandler', probabilmente a causa degli attributi del supporto dei valori Null. [E:\repo\WinHubX\Project\WinHubX\WinHubX.csproj]
E:\repo\WinHubX\Project\WinHubX\Forms\Base\FormMonitoraggio.cs(129,47): warning CS8604: Possibile argomento di riferimento Null per il parametro 'path' in 'DirectoryInfo Directory.CreateDirectory(string path)'. [E:\repo\WinHubX\Project\WinHubX\WinHubX.csproj]
E:\repo\WinHubX\Project\WinHubX\Forms\Base\FormMonitoraggio.cs(135,41): warning CS8602: Dereferenziamento di un possibile riferimento Null. [E:\repo\WinHubX\Project\WinHubX\WinHubX.csproj]
E:\repo\WinHubX\Project\WinHubX\Forms\Settaggi\FormUpdate.cs(113,38): warning CS8600: Conversione del valore letterale Null o di un possibile valore Null in un tipo che non ammette i valori Null. [E:\repo\WinHubX\Project\WinHubX\WinHubX.csproj]
E:\repo\WinHubX\Project\WinHubX\Forms\Settaggi\FormUpdate.cs(117,36): warning CS8600: Conversione del valore letterale Null o di un possibile valore Null in un tipo che non ammette i valori Null. [E:\repo\WinHubX\Project\WinHubX\WinHubX.csproj]
E:\repo\WinHubX\Project\WinHubX\Forms\CreaISO\FormCreazioneISO.cs(1069,64): warning CS8600: Conversione del valore letterale Null o di un possibile valore Null in un tipo che non ammette i valori Null. [E:\repo\WinHubX\Project\WinHubX\WinHubX.csproj]
E:\repo\WinHubX\Project\WinHubX\Forms\CreaISO\FormCreazioneISO.cs(1122,43): warning CS8600: Conversione del valore letterale Null o di un possibile valore Null in un tipo che non ammette i valori Null. [E:\repo\WinHubX\Project\WinHubX\WinHubX.csproj]
E:\repo\WinHubX\Project\WinHubX\Forms\CreaISO\FormCreazioneISO.cs(1124,59): warning CS8604: Possibile argomento di riferimento Null per il parametro 'path' in 'DirectoryInfo Directory.CreateDirectory(string path)'. [E:\repo\WinHubX\Project\WinHubX\WinHubX.csproj]
E:\repo\WinHubX\Project\WinHubX\Forms\Base\FormOffice.cs(378,42): warning CS8602: Dereferenziamento di un possibile riferimento Null. [E:\repo\WinHubX\Project\WinHubX\WinHubX.csproj]
E:\repo\WinHubX\Project\WinHubX\Forms\Base\FormOffice.cs(403,37): warning CS8601: Possibile assegnazione di riferimento Null. [E:\repo\WinHubX\Project\WinHubX\WinHubX.csproj]
E:\repo\WinHubX\Project\WinHubX\Forms\Base\FormOffice.cs(419,32): warning CS8601: Possibile assegnazione di riferimento Null. [E:\repo\WinHubX\Project\WinHubX\WinHubX.csproj]
E:\repo\WinHubX\Project\WinHubX\Forms\Settaggi\FormUpdate.cs(223,17): warning CS8602: Dereferenziamento di un possibile riferimento Null. [E:\repo\WinHubX\Project\WinHubX\WinHubX.csproj]
E:\repo\WinHubX\Project\WinHubX\Forms\Base\FormOffice.cs(435,37): warning CS8601: Possibile assegnazione di riferimento Null. [E:\repo\WinHubX\Project\WinHubX\WinHubX.csproj]
E:\repo\WinHubX\Project\WinHubX\Forms\Base\FormOffice.cs(457,35): warning CS8600: Conversione del valore letterale Null o di un possibile valore Null in un tipo che non ammette i valori Null. [E:\repo\WinHubX\Project\WinHubX\WinHubX.csproj]
E:\repo\WinHubX\Project\WinHubX\Forms\Settaggi\FormUpdate.cs(305,17): warning CS8602: Dereferenziamento di un possibile riferimento Null. [E:\repo\WinHubX\Project\WinHubX\WinHubX.csproj]
E:\repo\WinHubX\Project\WinHubX\Forms\Settaggi\FormUpdate.cs(329,17): warning CS8602: Dereferenziamento di un possibile riferimento Null. [E:\repo\WinHubX\Project\WinHubX\WinHubX.csproj]
E:\repo\WinHubX\Project\WinHubX\Forms\DriverRST\FormDriverRST.cs(64,28): warning CS8603: Possibile restituzione di riferimento Null. [E:\repo\WinHubX\Project\WinHubX\WinHubX.csproj]
E:\repo\WinHubX\Project\WinHubX\Forms\DriverRST\FormDriverRST.cs(71,24): warning CS8603: Possibile restituzione di riferimento Null. [E:\repo\WinHubX\Project\WinHubX\WinHubX.csproj]
E:\repo\WinHubX\Project\WinHubX\Forms\Settaggi\FormUpdate.cs(420,17): warning CS8602: Dereferenziamento di un possibile riferimento Null. [E:\repo\WinHubX\Project\WinHubX\WinHubX.csproj]
E:\repo\WinHubX\Project\WinHubX\Impostazioni\ThemeManager.cs(307,27): warning CS8600: Conversione del valore letterale Null o di un possibile valore Null in un tipo che non ammette i valori Null. [E:\repo\WinHubX\Project\WinHubX\WinHubX.csproj]
E:\repo\WinHubX\Project\WinHubX\Forms\Base\FormOffice.cs(508,31): warning CS8600: Conversione del valore letterale Null o di un possibile valore Null in un tipo che non ammette i valori Null. [E:\repo\WinHubX\Project\WinHubX\WinHubX.csproj]
E:\repo\WinHubX\Project\WinHubX\Forms\Base\FormOffice.cs(509,31): warning CS8600: Conversione del valore letterale Null o di un possibile valore Null in un tipo che non ammette i valori Null. [E:\repo\WinHubX\Project\WinHubX\WinHubX.csproj]
E:\repo\WinHubX\Project\WinHubX\Forms\Base\FormOffice.cs(525,30): warning CS8600: Conversione del valore letterale Null o di un possibile valore Null in un tipo che non ammette i valori Null. [E:\repo\WinHubX\Project\WinHubX\WinHubX.csproj]
E:\repo\WinHubX\Project\WinHubX\Forms\Base\FormOffice.cs(529,27): warning CS8600: Conversione del valore letterale Null o di un possibile valore Null in un tipo che non ammette i valori Null. [E:\repo\WinHubX\Project\WinHubX\WinHubX.csproj]
E:\repo\WinHubX\Project\WinHubX\Forms\Base\FormOffice.cs(534,31): warning CS8600: Conversione del valore letterale Null o di un possibile valore Null in un tipo che non ammette i valori Null. [E:\repo\WinHubX\Project\WinHubX\WinHubX.csproj]
E:\repo\WinHubX\Project\WinHubX\Forms\Base\FormOffice.cs(537,31): warning CS8600: Conversione del valore letterale Null o di un possibile valore Null in un tipo che non ammette i valori Null. [E:\repo\WinHubX\Project\WinHubX\WinHubX.csproj]
E:\repo\WinHubX\Project\WinHubX\Forms\Base\FormOffice.cs(573,27): warning CS8600: Conversione del valore letterale Null o di un possibile valore Null in un tipo che non ammette i valori Null. [E:\repo\WinHubX\Project\WinHubX\WinHubX.csproj]
E:\repo\WinHubX\Project\WinHubX\Forms\Base\FormOffice.cs(600,74): warning CS8625: Non è possibile convertire il valore letterale Null in tipo riferimento che non ammette i valori Null. [E:\repo\WinHubX\Project\WinHubX\WinHubX.csproj]
E:\repo\WinHubX\Project\WinHubX\Forms\Base\FormOffice.cs(606,74): warning CS8625: Non è possibile convertire il valore letterale Null in tipo riferimento che non ammette i valori Null. [E:\repo\WinHubX\Project\WinHubX\WinHubX.csproj]
E:\repo\WinHubX\Project\WinHubX\Forms\CreaISO\FormCreazioneISO.cs(1311,54): warning CS8600: Conversione del valore letterale Null o di un possibile valore Null in un tipo che non ammette i valori Null. [E:\repo\WinHubX\Project\WinHubX\WinHubX.csproj]
E:\repo\WinHubX\Project\WinHubX\Forms\CreaISO\FormCreazioneISO.cs(1313,37): warning CS8602: Dereferenziamento di un possibile riferimento Null. [E:\repo\WinHubX\Project\WinHubX\WinHubX.csproj]
E:\repo\WinHubX\Project\WinHubX\Forms\Base\FormOffice.cs(643,38): warning CS8600: Conversione del valore letterale Null o di un possibile valore Null in un tipo che non ammette i valori Null. [E:\repo\WinHubX\Project\WinHubX\WinHubX.csproj]
E:\repo\WinHubX\Project\WinHubX\Forms\Base\FormOffice.cs(705,74): warning CS8625: Non è possibile convertire il valore letterale Null in tipo riferimento che non ammette i valori Null. [E:\repo\WinHubX\Project\WinHubX\WinHubX.csproj]
E:\repo\WinHubX\Project\WinHubX\Forms\Base\FormOffice.cs(719,38): warning CS8602: Dereferenziamento di un possibile riferimento Null. [E:\repo\WinHubX\Project\WinHubX\WinHubX.csproj]
E:\repo\WinHubX\Project\WinHubX\Forms\Base\FormOffice.cs(723,74): warning CS8625: Non è possibile convertire il valore letterale Null in tipo riferimento che non ammette i valori Null. [E:\repo\WinHubX\Project\WinHubX\WinHubX.csproj]
E:\repo\WinHubX\Project\WinHubX\Forms\Settaggi\FormUpdate.cs(482,25): warning CS8602: Dereferenziamento di un possibile riferimento Null. [E:\repo\WinHubX\Project\WinHubX\WinHubX.csproj]
E:\repo\WinHubX\Project\WinHubX\Forms\Settaggi\FormUpdate.cs(597,25): warning CS8602: Dereferenziamento di un possibile riferimento Null. [E:\repo\WinHubX\Project\WinHubX\WinHubX.csproj]
E:\repo\WinHubX\Project\WinHubX\Forms\Settaggi\FormUpdate.cs(705,35): warning CS8600: Conversione del valore letterale Null o di un possibile valore Null in un tipo che non ammette i valori Null. [E:\repo\WinHubX\Project\WinHubX\WinHubX.csproj]
E:\repo\WinHubX\Project\WinHubX\Forms\Settaggi\FormUpdate.cs(706,38): warning CS8602: Dereferenziamento di un possibile riferimento Null. [E:\repo\WinHubX\Project\WinHubX\WinHubX.csproj]
E:\repo\WinHubX\Project\WinHubX\Forms\Settaggi\FormUpdate.cs(711,48): warning CS8622: Il supporto dei valori Null dei tipi riferimento nel tipo di parametro 'sender' di 'void FormUpdate.AbilitaUpdate_ItemCheck(object sender, ItemCheckEventArgs e)' non corrisponde al delegato di destinazione 'ItemCheckEventHandler', probabilmente a causa degli attributi del supporto dei valori Null. [E:\repo\WinHubX\Project\WinHubX\WinHubX.csproj]
E:\repo\WinHubX\Project\WinHubX\Forms\Settaggi\FormUpdate.cs(713,48): warning CS8622: Il supporto dei valori Null dei tipi riferimento nel tipo di parametro 'sender' di 'void FormUpdate.AbilitaUpdate_ItemCheck(object sender, ItemCheckEventArgs e)' non corrisponde al delegato di destinazione 'ItemCheckEventHandler', probabilmente a causa degli attributi del supporto dei valori Null. [E:\repo\WinHubX\Project\WinHubX\WinHubX.csproj]
E:\repo\WinHubX\Project\WinHubX\Forms\Settaggi\FormUpdate.cs(722,35): warning CS8600: Conversione del valore letterale Null o di un possibile valore Null in un tipo che non ammette i valori Null. [E:\repo\WinHubX\Project\WinHubX\WinHubX.csproj]
E:\repo\WinHubX\Project\WinHubX\Forms\Settaggi\FormUpdate.cs(723,41): warning CS8602: Dereferenziamento di un possibile riferimento Null. [E:\repo\WinHubX\Project\WinHubX\WinHubX.csproj]
E:\repo\WinHubX\Project\WinHubX\Forms\Settaggi\FormUpdate.cs(728,51): warning CS8622: Il supporto dei valori Null dei tipi riferimento nel tipo di parametro 'sender' di 'void FormUpdate.DisabilitaUpdate_ItemCheck(object sender, ItemCheckEventArgs e)' non corrisponde al delegato di destinazione 'ItemCheckEventHandler', probabilmente a causa degli attributi del supporto dei valori Null. [E:\repo\WinHubX\Project\WinHubX\WinHubX.csproj]
E:\repo\WinHubX\Project\WinHubX\Forms\Settaggi\FormUpdate.cs(730,51): warning CS8622: Il supporto dei valori Null dei tipi riferimento nel tipo di parametro 'sender' di 'void FormUpdate.DisabilitaUpdate_ItemCheck(object sender, ItemCheckEventArgs e)' non corrisponde al delegato di destinazione 'ItemCheckEventHandler', probabilmente a causa degli attributi del supporto dei valori Null. [E:\repo\WinHubX\Project\WinHubX\WinHubX.csproj]
E:\repo\WinHubX\Project\WinHubX\Forms\Base\FormMonitoraggio.cs(582,41): warning CS4014: Non è possibile attendere la chiamata, pertanto l'esecuzione del metodo corrente continuerà prima del completamento della chiamata. Provare ad applicare l'operatore 'await' al risultato della chiamata. [E:\repo\WinHubX\Project\WinHubX\WinHubX.csproj]
E:\repo\WinHubX\Project\WinHubX\Impostazioni\Dipendenze.cs(97,32): warning CS8600: Conversione del valore letterale Null o di un possibile valore Null in un tipo che non ammette i valori Null. [E:\repo\WinHubX\Project\WinHubX\WinHubX.csproj]
E:\repo\WinHubX\Project\WinHubX\Impostazioni\Dipendenze.cs(99,41): warning CS8602: Dereferenziamento di un possibile riferimento Null. [E:\repo\WinHubX\Project\WinHubX\WinHubX.csproj]
E:\repo\WinHubX\Project\WinHubX\Impostazioni\Dipendenze.cs(44,23): warning CS8618: L'elemento proprietà 'Nome' non nullable deve contenere un valore non Null all'uscita dal costruttore. Prendere in considerazione l'aggiunta del modificatore 'required' o la dichiarazione di proprietà come nullable. [E:\repo\WinHubX\Project\WinHubX\WinHubX.csproj]
E:\repo\WinHubX\Project\WinHubX\Impostazioni\Dipendenze.cs(45,63): warning CS8618: L'elemento proprietà 'Lingue' non nullable deve contenere un valore non Null all'uscita dal costruttore. Prendere in considerazione l'aggiunta del modificatore 'required' o la dichiarazione di proprietà come nullable. [E:\repo\WinHubX\Project\WinHubX\WinHubX.csproj]
E:\repo\WinHubX\Project\WinHubX\Impostazioni\Dipendenze.cs(38,23): warning CS8618: L'elemento proprietà 'Windows' non nullable deve contenere un valore non Null all'uscita dal costruttore. Prendere in considerazione l'aggiunta del modificatore 'required' o la dichiarazione di proprietà come nullable. [E:\repo\WinHubX\Project\WinHubX\WinHubX.csproj]
E:\repo\WinHubX\Project\WinHubX\Impostazioni\Dipendenze.cs(39,23): warning CS8618: L'elemento proprietà 'Office' non nullable deve contenere un valore non Null all'uscita dal costruttore. Prendere in considerazione l'aggiunta del modificatore 'required' o la dichiarazione di proprietà come nullable. [E:\repo\WinHubX\Project\WinHubX\WinHubX.csproj]
E:\repo\WinHubX\Project\WinHubX\Impostazioni\Dipendenze.cs(31,23): warning CS8618: L'elemento proprietà 'CPU' non nullable deve contenere un valore non Null all'uscita dal costruttore. Prendere in considerazione l'aggiunta del modificatore 'required' o la dichiarazione di proprietà come nullable. [E:\repo\WinHubX\Project\WinHubX\WinHubX.csproj]
E:\repo\WinHubX\Project\WinHubX\Impostazioni\Dipendenze.cs(32,23): warning CS8618: L'elemento proprietà 'RAM' non nullable deve contenere un valore non Null all'uscita dal costruttore. Prendere in considerazione l'aggiunta del modificatore 'required' o la dichiarazione di proprietà come nullable. [E:\repo\WinHubX\Project\WinHubX\WinHubX.csproj]
E:\repo\WinHubX\Project\WinHubX\Impostazioni\Dipendenze.cs(33,23): warning CS8618: L'elemento proprietà 'Disk' non nullable deve contenere un valore non Null all'uscita dal costruttore. Prendere in considerazione l'aggiunta del modificatore 'required' o la dichiarazione di proprietà come nullable. [E:\repo\WinHubX\Project\WinHubX\WinHubX.csproj]
E:\repo\WinHubX\Project\WinHubX\Impostazioni\Dipendenze.cs(22,23): warning CS8618: L'elemento proprietà 'Timestamp' non nullable deve contenere un valore non Null all'uscita dal costruttore. Prendere in considerazione l'aggiunta del modificatore 'required' o la dichiarazione di proprietà come nullable. [E:\repo\WinHubX\Project\WinHubX\WinHubX.csproj]
E:\repo\WinHubX\Project\WinHubX\Impostazioni\Dipendenze.cs(23,23): warning CS8618: L'elemento proprietà 'OperatingSystem' non nullable deve contenere un valore non Null all'uscita dal costruttore. Prendere in considerazione l'aggiunta del modificatore 'required' o la dichiarazione di proprietà come nullable. [E:\repo\WinHubX\Project\WinHubX\WinHubX.csproj]
E:\repo\WinHubX\Project\WinHubX\Impostazioni\Dipendenze.cs(24,23): warning CS8618: L'elemento proprietà 'Architettura' non nullable deve contenere un valore non Null all'uscita dal costruttore. Prendere in considerazione l'aggiunta del modificatore 'required' o la dichiarazione di proprietà come nullable. [E:\repo\WinHubX\Project\WinHubX\WinHubX.csproj]
E:\repo\WinHubX\Project\WinHubX\Impostazioni\Dipendenze.cs(25,25): warning CS8618: L'elemento proprietà 'Hardware' non nullable deve contenere un valore non Null all'uscita dal costruttore. Prendere in considerazione l'aggiunta del modificatore 'required' o la dichiarazione di proprietà come nullable. [E:\repo\WinHubX\Project\WinHubX\WinHubX.csproj]
E:\repo\WinHubX\Project\WinHubX\Impostazioni\Dipendenze.cs(26,27): warning CS8618: L'elemento proprietà 'Activation' non nullable deve contenere un valore non Null all'uscita dal costruttore. Prendere in considerazione l'aggiunta del modificatore 'required' o la dichiarazione di proprietà come nullable. [E:\repo\WinHubX\Project\WinHubX\WinHubX.csproj]
E:\repo\WinHubX\Project\WinHubX\Impostazioni\Dipendenze.cs(15,30): warning CS8618: L'elemento proprietà 'LastDownloadedFile' non nullable deve contenere un valore non Null all'uscita dal costruttore. Prendere in considerazione l'aggiunta del modificatore 'required' o la dichiarazione di proprietà come nullable. [E:\repo\WinHubX\Project\WinHubX\WinHubX.csproj]
E:\repo\WinHubX\Project\WinHubX\Impostazioni\Dipendenze.cs(17,30): warning CS8618: L'elemento proprietà 'InstallationType' non nullable deve contenere un valore non Null all'uscita dal costruttore. Prendere in considerazione l'aggiunta del modificatore 'required' o la dichiarazione di proprietà come nullable. [E:\repo\WinHubX\Project\WinHubX\WinHubX.csproj]
E:\repo\WinHubX\Project\WinHubX\Forms\Base\FormOffice.cs(817,78): warning CS8625: Non è possibile convertire il valore letterale Null in tipo riferimento che non ammette i valori Null. [E:\repo\WinHubX\Project\WinHubX\WinHubX.csproj]
E:\repo\WinHubX\Project\WinHubX\Program.cs(87,36): warning CS8600: Conversione del valore letterale Null o di un possibile valore Null in un tipo che non ammette i valori Null. [E:\repo\WinHubX\Project\WinHubX\WinHubX.csproj]
E:\repo\WinHubX\Project\WinHubX\Program.cs(9,36): warning CS8618: L'elemento campo 'Config' non nullable deve contenere un valore non Null all'uscita dal costruttore. Prendere in considerazione l'aggiunta del modificatore 'required' o la dichiarazione di campo come nullable. [E:\repo\WinHubX\Project\WinHubX\WinHubX.csproj]
E:\repo\WinHubX\Project\WinHubX\Forms\CreaISO\AppState.cs(6,54): warning CS8625: Non è possibile convertire il valore letterale Null in tipo riferimento che non ammette i valori Null. [E:\repo\WinHubX\Project\WinHubX\WinHubX.csproj]
E:\repo\WinHubX\Project\WinHubX\Forms\CreaISO\AppState.cs(7,61): warning CS8625: Non è possibile convertire il valore letterale Null in tipo riferimento che non ammette i valori Null. [E:\repo\WinHubX\Project\WinHubX\WinHubX.csproj]
E:\repo\WinHubX\Project\WinHubX\Forms\ImpostazioniApp\FormImpostazioniApp.cs(20,40): warning CS8625: Non è possibile convertire il valore letterale Null in tipo riferimento che non ammette i valori Null. [E:\repo\WinHubX\Project\WinHubX\WinHubX.csproj]
E:\repo\WinHubX\Project\WinHubX\Forms\ImpostazioniApp\FormImpostazioniApp.cs(21,42): warning CS8625: Non è possibile convertire il valore letterale Null in tipo riferimento che non ammette i valori Null. [E:\repo\WinHubX\Project\WinHubX\WinHubX.csproj]
E:\repo\WinHubX\Project\WinHubX\Forms\ImpostazioniApp\FormImpostazioniApp.cs(22,45): warning CS8625: Non è possibile convertire il valore letterale Null in tipo riferimento che non ammette i valori Null. [E:\repo\WinHubX\Project\WinHubX\WinHubX.csproj]
E:\repo\WinHubX\Project\WinHubX\Forms\Settaggi\FormRipristinoSO.cs(18,16): warning CS8618: L'elemento campo 'countdownTimer' non nullable deve contenere un valore non Null all'uscita dal costruttore. Prendere in considerazione l'aggiunta del modificatore 'required' o la dichiarazione di campo come nullable. [E:\repo\WinHubX\Project\WinHubX\WinHubX.csproj]
E:\repo\WinHubX\Project\WinHubX\Forms\Settaggi\FormRipristinoSO.cs(18,16): warning CS8618: L'elemento campo 'cancellationTokenSource' non nullable deve contenere un valore non Null all'uscita dal costruttore. Prendere in considerazione l'aggiunta del modificatore 'required' o la dichiarazione di campo come nullable. [E:\repo\WinHubX\Project\WinHubX\WinHubX.csproj]
E:\repo\WinHubX\Project\WinHubX\Forms\Settaggi\FormRipristinoSO.cs(64,9): warning CS8619: Il supporto dei valori Null dei tipi riferimento nel valore di tipo '(string, string?)' non corrisponde al tipo di destinazione '(string Label, string Command)'. [E:\repo\WinHubX\Project\WinHubX\WinHubX.csproj]
E:\repo\WinHubX\Project\WinHubX\Forms\Base\FormOffice.cs(962,30): warning CS8600: Conversione del valore letterale Null o di un possibile valore Null in un tipo che non ammette i valori Null. [E:\repo\WinHubX\Project\WinHubX\WinHubX.csproj]
E:\repo\WinHubX\Project\WinHubX\Forms\Base\FormOffice.cs(967,43): warning CS8622: Il supporto dei valori Null dei tipi riferimento nel tipo di parametro 'sender' di 'void FormOffice.PictureBox3_Click_BackToOffice(object sender, EventArgs e)' non corrisponde al delegato di destinazione 'EventHandler', probabilmente a causa degli attributi del supporto dei valori Null. [E:\repo\WinHubX\Project\WinHubX\WinHubX.csproj]
E:\repo\WinHubX\Project\WinHubX\Forms\Base\FormOffice.cs(968,43): warning CS8622: Il supporto dei valori Null dei tipi riferimento nel tipo di parametro 'sender' di 'void FormOffice.PictureBox3_Click_BackToOffice(object sender, EventArgs e)' non corrisponde al delegato di destinazione 'EventHandler', probabilmente a causa degli attributi del supporto dei valori Null. [E:\repo\WinHubX\Project\WinHubX\WinHubX.csproj]
E:\repo\WinHubX\Project\WinHubX\Forms\Base\FormOffice.cs(972,25): warning CS8600: Conversione del valore letterale Null o di un possibile valore Null in un tipo che non ammette i valori Null. [E:\repo\WinHubX\Project\WinHubX\WinHubX.csproj]
E:\repo\WinHubX\Project\WinHubX\Forms\Base\FormOffice.cs(973,13): warning CS8602: Dereferenziamento di un possibile riferimento Null. [E:\repo\WinHubX\Project\WinHubX\WinHubX.csproj]
E:\repo\WinHubX\Project\WinHubX\Forms\Settaggi\FormRipristinoSO.cs(176,48): warning CS8622: Il supporto dei valori Null dei tipi riferimento nel tipo di parametro 'sender' di 'void FormRipristinoSO.UpdateCountdown(object sender, EventArgs e)' non corrisponde al delegato di destinazione 'EventHandler', probabilmente a causa degli attributi del supporto dei valori Null. [E:\repo\WinHubX\Project\WinHubX\WinHubX.csproj]
E:\repo\WinHubX\Project\WinHubX\Forms\ImpostazioniApp\FormImpostazioniApp.cs(363,38): warning CS8600: Conversione del valore letterale Null o di un possibile valore Null in un tipo che non ammette i valori Null. [E:\repo\WinHubX\Project\WinHubX\WinHubX.csproj]
E:\repo\WinHubX\Project\WinHubX\Forms\ImpostazioniApp\FormImpostazioniApp.cs(364,40): warning CS8602: Dereferenziamento di un possibile riferimento Null. [E:\repo\WinHubX\Project\WinHubX\WinHubX.csproj]
E:\repo\WinHubX\Project\WinHubX\Forms\ImpostazioniApp\FormImpostazioniApp.cs(367,38): warning CS8600: Conversione del valore letterale Null o di un possibile valore Null in un tipo che non ammette i valori Null. [E:\repo\WinHubX\Project\WinHubX\WinHubX.csproj]
E:\repo\WinHubX\Project\WinHubX\Forms\ImpostazioniApp\FormImpostazioniApp.cs(369,48): warning CS8602: Dereferenziamento di un possibile riferimento Null. [E:\repo\WinHubX\Project\WinHubX\WinHubX.csproj]
E:\repo\WinHubX\Project\WinHubX\Forms\ImpostazioniApp\FormImpostazioniApp.cs(475,27): warning CS8618: L'elemento proprietà 'LatestVersion' non nullable deve contenere un valore non Null all'uscita dal costruttore. Prendere in considerazione l'aggiunta del modificatore 'required' o la dichiarazione di proprietà come nullable. [E:\repo\WinHubX\Project\WinHubX\WinHubX.csproj]
E:\repo\WinHubX\Project\WinHubX\Forms\ImpostazioniApp\FormImpostazioniApp.cs(476,27): warning CS8618: L'elemento proprietà 'UpdateUrl' non nullable deve contenere un valore non Null all'uscita dal costruttore. Prendere in considerazione l'aggiunta del modificatore 'required' o la dichiarazione di proprietà come nullable. [E:\repo\WinHubX\Project\WinHubX\WinHubX.csproj]
E:\repo\WinHubX\Project\WinHubX\Forms\ImpostazioniApp\FormImpostazioniApp.cs(477,27): warning CS8618: L'elemento proprietà 'ReleaseNotes' non nullable deve contenere un valore non Null all'uscita dal costruttore. Prendere in considerazione l'aggiunta del modificatore 'required' o la dichiarazione di proprietà come nullable. [E:\repo\WinHubX\Project\WinHubX\WinHubX.csproj]
E:\repo\WinHubX\Project\WinHubX\Forms\InstallaComponenti\FormInstallaComponenti.cs(39,41): warning CS8600: Conversione del valore letterale Null o di un possibile valore Null in un tipo che non ammette i valori Null. [E:\repo\WinHubX\Project\WinHubX\WinHubX.csproj]
E:\repo\WinHubX\Project\WinHubX\Forms\InstallaComponenti\FormInstallaComponenti.cs(43,34): warning CS8604: Possibile argomento di riferimento Null per il parametro 'hardwareInfo' in 'Task FormInstallaComponenti.DefenderOn(HardwareInfo hardwareInfo)'. [E:\repo\WinHubX\Project\WinHubX\WinHubX.csproj]
E:\repo\WinHubX\Project\WinHubX\Forms\Personalizzazione office\PersonalizzazioneOffice.cs(31,30): warning CS8600: Conversione del valore letterale Null o di un possibile valore Null in un tipo che non ammette i valori Null. [E:\repo\WinHubX\Project\WinHubX\WinHubX.csproj]
E:\repo\WinHubX\Project\WinHubX\Forms\InstallaComponenti\FormInstallaComponenti.cs(172,20): warning CS8603: Possibile restituzione di riferimento Null. [E:\repo\WinHubX\Project\WinHubX\WinHubX.csproj]
E:\repo\WinHubX\Project\WinHubX\Forms\Personalizzazione office\PersonalizzazioneOffice.cs(81,36): warning CS8600: Conversione del valore letterale Null o di un possibile valore Null in un tipo che non ammette i valori Null. [E:\repo\WinHubX\Project\WinHubX\WinHubX.csproj]
E:\repo\WinHubX\Project\WinHubX\Forms\Personalizzazione office\PersonalizzazioneOffice.cs(82,35): warning CS8600: Conversione del valore letterale Null o di un possibile valore Null in un tipo che non ammette i valori Null. [E:\repo\WinHubX\Project\WinHubX\WinHubX.csproj]
E:\repo\WinHubX\Project\WinHubX\Forms\Personalizzazione office\PersonalizzazioneOffice.cs(95,31): warning CS8600: Conversione del valore letterale Null o di un possibile valore Null in un tipo che non ammette i valori Null. [E:\repo\WinHubX\Project\WinHubX\WinHubX.csproj]
E:\repo\WinHubX\Project\WinHubX\Forms\Personalizzazione office\PersonalizzazioneOffice.cs(110,31): warning CS8600: Conversione del valore letterale Null o di un possibile valore Null in un tipo che non ammette i valori Null. [E:\repo\WinHubX\Project\WinHubX\WinHubX.csproj]
E:\repo\WinHubX\Project\WinHubX\Forms\Personalizzazione office\PersonalizzazioneOffice.cs(140,32): warning CS8600: Conversione del valore letterale Null o di un possibile valore Null in un tipo che non ammette i valori Null. [E:\repo\WinHubX\Project\WinHubX\WinHubX.csproj]
E:\repo\WinHubX\Project\WinHubX\Forms\Personalizzazione office\PersonalizzazioneOffice.cs(170,17): warning CS8602: Dereferenziamento di un possibile riferimento Null. [E:\repo\WinHubX\Project\WinHubX\WinHubX.csproj]
E:\repo\WinHubX\Project\WinHubX\Forms\Personalizzazione office\PersonalizzazioneOffice.cs(194,21): warning CS8602: Dereferenziamento di un possibile riferimento Null. [E:\repo\WinHubX\Project\WinHubX\WinHubX.csproj]
E:\repo\WinHubX\Project\WinHubX\Forms\Settaggi\FormExplorer.cs(26,50): warning CS8600: Conversione del valore letterale Null o di un possibile valore Null in un tipo che non ammette i valori Null. [E:\repo\WinHubX\Project\WinHubX\WinHubX.csproj]
E:\repo\WinHubX\Project\WinHubX\Forms\Settaggi\FormExplorer.cs(58,50): warning CS8600: Conversione del valore letterale Null o di un possibile valore Null in un tipo che non ammette i valori Null. [E:\repo\WinHubX\Project\WinHubX\WinHubX.csproj]
E:\repo\WinHubX\Project\WinHubX\Forms\Personalizzazione office\PersonalizzazioneOffice.cs(367,42): warning CS8600: Conversione del valore letterale Null o di un possibile valore Null in un tipo che non ammette i valori Null. [E:\repo\WinHubX\Project\WinHubX\WinHubX.csproj]
E:\repo\WinHubX\Project\WinHubX\Forms\Personalizzazione office\PersonalizzazioneOffice.cs(394,44): warning CS8604: Possibile argomento di riferimento Null per il parametro 'path1' in 'string Path.Combine(string path1, string path2)'. [E:\repo\WinHubX\Project\WinHubX\WinHubX.csproj]
E:\repo\WinHubX\Project\WinHubX\Forms\Personalizzazione office\PersonalizzazioneOffice.cs(412,31): warning CS8600: Conversione del valore letterale Null o di un possibile valore Null in un tipo che non ammette i valori Null. [E:\repo\WinHubX\Project\WinHubX\WinHubX.csproj]
E:\repo\WinHubX\Project\WinHubX\Forms\Personalizzazione office\PersonalizzazioneOffice.cs(458,37): warning CS8622: Il supporto dei valori Null dei tipi riferimento nel tipo di parametro 'sender' di 'void PersonalizzazioneOffice.PictureBox_Click(object sender, EventArgs e)' non corrisponde al delegato di destinazione 'EventHandler', probabilmente a causa degli attributi del supporto dei valori Null. [E:\repo\WinHubX\Project\WinHubX\WinHubX.csproj]
E:\repo\WinHubX\Project\WinHubX\Forms\Personalizzazione office\PersonalizzazioneOffice.cs(459,38): warning CS8622: Il supporto dei valori Null dei tipi riferimento nel tipo di parametro 'sender' di 'void PersonalizzazioneOffice.PictureBox_Click(object sender, EventArgs e)' non corrisponde al delegato di destinazione 'EventHandler', probabilmente a causa degli attributi del supporto dei valori Null. [E:\repo\WinHubX\Project\WinHubX\WinHubX.csproj]
E:\repo\WinHubX\Project\WinHubX\Forms\Personalizzazione office\PersonalizzazioneOffice.cs(460,43): warning CS8622: Il supporto dei valori Null dei tipi riferimento nel tipo di parametro 'sender' di 'void PersonalizzazioneOffice.PictureBox_Click(object sender, EventArgs e)' non corrisponde al delegato di destinazione 'EventHandler', probabilmente a causa degli attributi del supporto dei valori Null. [E:\repo\WinHubX\Project\WinHubX\WinHubX.csproj]
E:\repo\WinHubX\Project\WinHubX\Forms\Personalizzazione office\PersonalizzazioneOffice.cs(461,39): warning CS8622: Il supporto dei valori Null dei tipi riferimento nel tipo di parametro 'sender' di 'void PersonalizzazioneOffice.PictureBox_Click(object sender, EventArgs e)' non corrisponde al delegato di destinazione 'EventHandler', probabilmente a causa degli attributi del supporto dei valori Null. [E:\repo\WinHubX\Project\WinHubX\WinHubX.csproj]
E:\repo\WinHubX\Project\WinHubX\Forms\Personalizzazione office\PersonalizzazioneOffice.cs(462,39): warning CS8622: Il supporto dei valori Null dei tipi riferimento nel tipo di parametro 'sender' di 'void PersonalizzazioneOffice.PictureBox_Click(object sender, EventArgs e)' non corrisponde al delegato di destinazione 'EventHandler', probabilmente a causa degli attributi del supporto dei valori Null. [E:\repo\WinHubX\Project\WinHubX\WinHubX.csproj]
E:\repo\WinHubX\Project\WinHubX\Forms\Personalizzazione office\PersonalizzazioneOffice.cs(463,41): warning CS8622: Il supporto dei valori Null dei tipi riferimento nel tipo di parametro 'sender' di 'void PersonalizzazioneOffice.PictureBox_Click(object sender, EventArgs e)' non corrisponde al delegato di destinazione 'EventHandler', probabilmente a causa degli attributi del supporto dei valori Null. [E:\repo\WinHubX\Project\WinHubX\WinHubX.csproj]
E:\repo\WinHubX\Project\WinHubX\Forms\Personalizzazione office\PersonalizzazioneOffice.cs(464,40): warning CS8622: Il supporto dei valori Null dei tipi riferimento nel tipo di parametro 'sender' di 'void PersonalizzazioneOffice.PictureBox_Click(object sender, EventArgs e)' non corrisponde al delegato di destinazione 'EventHandler', probabilmente a causa degli attributi del supporto dei valori Null. [E:\repo\WinHubX\Project\WinHubX\WinHubX.csproj]
E:\repo\WinHubX\Project\WinHubX\Forms\Personalizzazione office\PersonalizzazioneOffice.cs(465,38): warning CS8622: Il supporto dei valori Null dei tipi riferimento nel tipo di parametro 'sender' di 'void PersonalizzazioneOffice.PictureBox_Click(object sender, EventArgs e)' non corrisponde al delegato di destinazione 'EventHandler', probabilmente a causa degli attributi del supporto dei valori Null. [E:\repo\WinHubX\Project\WinHubX\WinHubX.csproj]
E:\repo\WinHubX\Project\WinHubX\Forms\Personalizzazione office\PersonalizzazioneOffice.cs(466,40): warning CS8622: Il supporto dei valori Null dei tipi riferimento nel tipo di parametro 'sender' di 'void PersonalizzazioneOffice.PictureBox_Click(object sender, EventArgs e)' non corrisponde al delegato di destinazione 'EventHandler', probabilmente a causa degli attributi del supporto dei valori Null. [E:\repo\WinHubX\Project\WinHubX\WinHubX.csproj]
E:\repo\WinHubX\Project\WinHubX\Forms\Personalizzazione office\PersonalizzazioneOffice.cs(467,42): warning CS8622: Il supporto dei valori Null dei tipi riferimento nel tipo di parametro 'sender' di 'void PersonalizzazioneOffice.PictureBox_Click(object sender, EventArgs e)' non corrisponde al delegato di destinazione 'EventHandler', probabilmente a causa degli attributi del supporto dei valori Null. [E:\repo\WinHubX\Project\WinHubX\WinHubX.csproj]
E:\repo\WinHubX\Project\WinHubX\Forms\Settaggi\FormPersonalizzazione.cs(320,38): warning CS8600: Conversione del valore letterale Null o di un possibile valore Null in un tipo che non ammette i valori Null. [E:\repo\WinHubX\Project\WinHubX\WinHubX.csproj]
E:\repo\WinHubX\Project\WinHubX\Forms\Settaggi\FormPersonalizzazione.cs(364,24): warning CS8602: Dereferenziamento di un possibile riferimento Null. [E:\repo\WinHubX\Project\WinHubX\WinHubX.csproj]
E:\repo\WinHubX\Project\WinHubX\Forms\Settaggi\FormPersonalizzazione.cs(364,24): warning CS8602: Dereferenziamento di un possibile riferimento Null. [E:\repo\WinHubX\Project\WinHubX\WinHubX.csproj]
E:\repo\WinHubX\Project\WinHubX\Forms\Settaggi\FormPrivacy.cs(23,66): warning CS8622: Il supporto dei valori Null dei tipi riferimento nel tipo di parametro 'sender' di 'void FormPrivacy.checkedListBox1_MouseMove(object sender, MouseEventArgs e)' non corrisponde al delegato di destinazione 'MouseEventHandler', probabilmente a causa degli attributi del supporto dei valori Null. [E:\repo\WinHubX\Project\WinHubX\WinHubX.csproj]
E:\repo\WinHubX\Project\WinHubX\Forms\Settaggi\FormPrivacy.cs(24,63): warning CS8622: Il supporto dei valori Null dei tipi riferimento nel tipo di parametro 'sender' di 'void FormPrivacy.checkedListBox2_MouseMove(object sender, MouseEventArgs e)' non corrisponde al delegato di destinazione 'MouseEventHandler', probabilmente a causa degli attributi del supporto dei valori Null. [E:\repo\WinHubX\Project\WinHubX\WinHubX.csproj]
E:\repo\WinHubX\Project\WinHubX\Forms\Personalizzazione office\FormAggiungiRimuoviAppOffice.cs(46,16): warning CS8618: L'elemento campo 'officeVersion' non nullable deve contenere un valore non Null all'uscita dal costruttore. Prendere in considerazione l'aggiunta del modificatore 'required' o la dichiarazione di campo come nullable. [E:\repo\WinHubX\Project\WinHubX\WinHubX.csproj]
E:\repo\WinHubX\Project\WinHubX\Forms\Personalizzazione office\FormAggiungiRimuoviAppOffice.cs(46,16): warning CS8618: L'elemento campo 'platform' non nullable deve contenere un valore non Null all'uscita dal costruttore. Prendere in considerazione l'aggiunta del modificatore 'required' o la dichiarazione di campo come nullable. [E:\repo\WinHubX\Project\WinHubX\WinHubX.csproj]
E:\repo\WinHubX\Project\WinHubX\Forms\Personalizzazione office\FormAggiungiRimuoviAppOffice.cs(46,16): warning CS8618: L'elemento campo 'product' non nullable deve contenere un valore non Null all'uscita dal costruttore. Prendere in considerazione l'aggiunta del modificatore 'required' o la dichiarazione di campo come nullable. [E:\repo\WinHubX\Project\WinHubX\WinHubX.csproj]
E:\repo\WinHubX\Project\WinHubX\Forms\Personalizzazione office\FormAggiungiRimuoviAppOffice.cs(46,16): warning CS8618: L'elemento campo 'culture' non nullable deve contenere un valore non Null all'uscita dal costruttore. Prendere in considerazione l'aggiunta del modificatore 'required' o la dichiarazione di campo come nullable. [E:\repo\WinHubX\Project\WinHubX\WinHubX.csproj]
E:\repo\WinHubX\Project\WinHubX\Forms\Personalizzazione office\FormAggiungiRimuoviAppOffice.cs(78,29): warning CS8601: Possibile assegnazione di riferimento Null. [E:\repo\WinHubX\Project\WinHubX\WinHubX.csproj]
E:\repo\WinHubX\Project\WinHubX\Forms\Personalizzazione office\FormAggiungiRimuoviAppOffice.cs(84,33): warning CS8601: Possibile assegnazione di riferimento Null. [E:\repo\WinHubX\Project\WinHubX\WinHubX.csproj]
E:\repo\WinHubX\Project\WinHubX\Forms\Settaggi\FormPrivacy.cs(88,38): warning CS8600: Conversione del valore letterale Null o di un possibile valore Null in un tipo che non ammette i valori Null. [E:\repo\WinHubX\Project\WinHubX\WinHubX.csproj]
E:\repo\WinHubX\Project\WinHubX\Forms\Settaggi\FormPersonalizzazione.cs(432,44): warning CS8600: Conversione del valore letterale Null o di un possibile valore Null in un tipo che non ammette i valori Null. [E:\repo\WinHubX\Project\WinHubX\WinHubX.csproj]
E:\repo\WinHubX\Project\WinHubX\Forms\Settaggi\FormPersonalizzazione.cs(456,51): warning CS8600: Conversione del valore letterale Null o di un possibile valore Null in un tipo che non ammette i valori Null. [E:\repo\WinHubX\Project\WinHubX\WinHubX.csproj]
E:\repo\WinHubX\Project\WinHubX\Forms\Settaggi\FormPersonalizzazione.cs(598,42): warning CS8600: Conversione del valore letterale Null o di un possibile valore Null in un tipo che non ammette i valori Null. [E:\repo\WinHubX\Project\WinHubX\WinHubX.csproj]
E:\repo\WinHubX\Project\WinHubX\Forms\Settaggi\FormPersonalizzazione.cs(669,35): warning CS8600: Conversione del valore letterale Null o di un possibile valore Null in un tipo che non ammette i valori Null. [E:\repo\WinHubX\Project\WinHubX\WinHubX.csproj]
E:\repo\WinHubX\Project\WinHubX\Forms\Settaggi\FormPersonalizzazione.cs(679,38): warning CS8600: Conversione del valore letterale Null o di un possibile valore Null in un tipo che non ammette i valori Null. [E:\repo\WinHubX\Project\WinHubX\WinHubX.csproj]
E:\repo\WinHubX\Project\WinHubX\Forms\Settaggi\FormPersonalizzazione.cs(683,36): warning CS8600: Conversione del valore letterale Null o di un possibile valore Null in un tipo che non ammette i valori Null. [E:\repo\WinHubX\Project\WinHubX\WinHubX.csproj]
E:\repo\WinHubX\Project\WinHubX\Forms\Personalizzazione office\FormAggiungiRimuoviAppOffice.cs(127,54): warning CS8600: Conversione del valore letterale Null o di un possibile valore Null in un tipo che non ammette i valori Null. [E:\repo\WinHubX\Project\WinHubX\WinHubX.csproj]
E:\repo\WinHubX\Project\WinHubX\Forms\Personalizzazione office\FormAggiungiRimuoviAppOffice.cs(186,51): warning CS8600: Conversione del valore letterale Null o di un possibile valore Null in un tipo che non ammette i valori Null. [E:\repo\WinHubX\Project\WinHubX\WinHubX.csproj]
E:\repo\WinHubX\Project\WinHubX\Forms\Personalizzazione office\FormAggiungiRimuoviAppOffice.cs(220,58): warning CS8600: Conversione del valore letterale Null o di un possibile valore Null in un tipo che non ammette i valori Null. [E:\repo\WinHubX\Project\WinHubX\WinHubX.csproj]
E:\repo\WinHubX\Project\WinHubX\Forms\Settaggi\FormPersonalizzazione.cs(726,42): warning CS8600: Conversione del valore letterale Null o di un possibile valore Null in un tipo che non ammette i valori Null. [E:\repo\WinHubX\Project\WinHubX\WinHubX.csproj]
E:\repo\WinHubX\Project\WinHubX\Forms\Settaggi\FormPersonalizzazione.cs(744,42): warning CS8600: Conversione del valore letterale Null o di un possibile valore Null in un tipo che non ammette i valori Null. [E:\repo\WinHubX\Project\WinHubX\WinHubX.csproj]
E:\repo\WinHubX\Project\WinHubX\Forms\Settaggi\FormPrivacy.cs(207,37): warning CS8600: Conversione del valore letterale Null o di un possibile valore Null in un tipo che non ammette i valori Null. [E:\repo\WinHubX\Project\WinHubX\WinHubX.csproj]
E:\repo\WinHubX\Project\WinHubX\Forms\Personalizzazione office\FormAggiungiRimuoviAppOffice.cs(342,24): warning CS8603: Possibile restituzione di riferimento Null. [E:\repo\WinHubX\Project\WinHubX\WinHubX.csproj]
E:\repo\WinHubX\Project\WinHubX\Forms\Personalizzazione office\FormAggiungiRimuoviAppOffice.cs(346,24): warning CS8603: Possibile restituzione di riferimento Null. [E:\repo\WinHubX\Project\WinHubX\WinHubX.csproj]
E:\repo\WinHubX\Project\WinHubX\Forms\Personalizzazione office\FormAggiungiRimuoviAppOffice.cs(385,24): warning CS8603: Possibile restituzione di riferimento Null. [E:\repo\WinHubX\Project\WinHubX\WinHubX.csproj]
E:\repo\WinHubX\Project\WinHubX\Forms\Personalizzazione office\FormAggiungiRimuoviAppOffice.cs(588,42): warning CS8602: Dereferenziamento di un possibile riferimento Null. [E:\repo\WinHubX\Project\WinHubX\WinHubX.csproj]
E:\repo\WinHubX\Project\WinHubX\Forms\Personalizzazione office\FormAggiungiRimuoviAppOffice.cs(650,20): warning CS8603: Possibile restituzione di riferimento Null. [E:\repo\WinHubX\Project\WinHubX\WinHubX.csproj]
E:\repo\WinHubX\Project\WinHubX\Forms\Personalizzazione office\FormAggiungiRimuoviAppOffice.cs(663,48): warning CS8600: Conversione del valore letterale Null o di un possibile valore Null in un tipo che non ammette i valori Null. [E:\repo\WinHubX\Project\WinHubX\WinHubX.csproj]
E:\repo\WinHubX\Project\WinHubX\Forms\Personalizzazione office\FormAggiungiRimuoviAppOffice.cs(667,57): warning CS8600: Conversione del valore letterale Null o di un possibile valore Null in un tipo che non ammette i valori Null. [E:\repo\WinHubX\Project\WinHubX\WinHubX.csproj]
E:\repo\WinHubX\Project\WinHubX\Forms\Personalizzazione office\FormAggiungiRimuoviAppOffice.cs(673,65): warning CS8600: Conversione del valore letterale Null o di un possibile valore Null in un tipo che non ammette i valori Null. [E:\repo\WinHubX\Project\WinHubX\WinHubX.csproj]
E:\repo\WinHubX\Project\WinHubX\Forms\Personalizzazione office\FormAggiungiRimuoviAppOffice.cs(710,65): warning CS8602: Dereferenziamento di un possibile riferimento Null. [E:\repo\WinHubX\Project\WinHubX\WinHubX.csproj]
E:\repo\WinHubX\Project\WinHubX\Forms\Personalizzazione office\FormAggiungiRimuoviAppOffice.cs(716,43): warning CS8601: Possibile assegnazione di riferimento Null. [E:\repo\WinHubX\Project\WinHubX\WinHubX.csproj]
E:\repo\WinHubX\Project\WinHubX\Forms\Personalizzazione office\FormAggiungiRimuoviAppOffice.cs(735,93): warning CS8600: Conversione del valore letterale Null o di un possibile valore Null in un tipo che non ammette i valori Null. [E:\repo\WinHubX\Project\WinHubX\WinHubX.csproj]
E:\repo\WinHubX\Project\WinHubX\Forms\Settaggi\FormDefender.cs(21,67): warning CS8622: Il supporto dei valori Null dei tipi riferimento nel tipo di parametro 'sender' di 'void FormDefender.checkedListBox1_MouseMove(object sender, MouseEventArgs e)' non corrisponde al delegato di destinazione 'MouseEventHandler', probabilmente a causa degli attributi del supporto dei valori Null. [E:\repo\WinHubX\Project\WinHubX\WinHubX.csproj]
E:\repo\WinHubX\Project\WinHubX\Forms\Settaggi\FormDefender.cs(22,64): warning CS8622: Il supporto dei valori Null dei tipi riferimento nel tipo di parametro 'sender' di 'void FormDefender.checkedListBox2_MouseMove(object sender, MouseEventArgs e)' non corrisponde al delegato di destinazione 'MouseEventHandler', probabilmente a causa degli attributi del supporto dei valori Null. [E:\repo\WinHubX\Project\WinHubX\WinHubX.csproj]
E:\repo\WinHubX\Project\WinHubX\Forms\Settaggi\FormDefender.cs(103,38): warning CS8600: Conversione del valore letterale Null o di un possibile valore Null in un tipo che non ammette i valori Null. [E:\repo\WinHubX\Project\WinHubX\WinHubX.csproj]
E:\repo\WinHubX\Project\WinHubX\Forms\Settaggi\FormDefender.cs(107,36): warning CS8600: Conversione del valore letterale Null o di un possibile valore Null in un tipo che non ammette i valori Null. [E:\repo\WinHubX\Project\WinHubX\WinHubX.csproj]
E:\repo\WinHubX\Project\WinHubX\Forms\Settaggi\FormDefender.cs(276,44): warning CS8600: Conversione del valore letterale Null o di un possibile valore Null in un tipo che non ammette i valori Null. [E:\repo\WinHubX\Project\WinHubX\WinHubX.csproj]
E:\repo\WinHubX\Project\WinHubX\Forms\Settaggi\FormDefender.cs(280,44): warning CS8600: Conversione del valore letterale Null o di un possibile valore Null in un tipo che non ammette i valori Null. [E:\repo\WinHubX\Project\WinHubX\WinHubX.csproj]
E:\repo\WinHubX\Project\WinHubX\Forms\Settaggi\FormDefender.cs(295,42): warning CS8600: Conversione del valore letterale Null o di un possibile valore Null in un tipo che non ammette i valori Null. [E:\repo\WinHubX\Project\WinHubX\WinHubX.csproj]
E:\repo\WinHubX\Project\WinHubX\Forms\Settaggi\FormDefender.cs(301,50): warning CS8600: Conversione del valore letterale Null o di un possibile valore Null in un tipo che non ammette i valori Null. [E:\repo\WinHubX\Project\WinHubX\WinHubX.csproj]
E:\repo\WinHubX\Project\WinHubX\Forms\Settaggi\FormDefender.cs(302,71): warning CS8604: Possibile argomento di riferimento Null per il parametro 'identity' in 'RegistryAccessRule.RegistryAccessRule(IdentityReference identity, RegistryRights registryRights, AccessControlType type)'. [E:\repo\WinHubX\Project\WinHubX\WinHubX.csproj]
E:\repo\WinHubX\Project\WinHubX\Forms\Settaggi\FormDefender.cs(342,13): warning CS8602: Dereferenziamento di un possibile riferimento Null. [E:\repo\WinHubX\Project\WinHubX\WinHubX.csproj]
E:\repo\WinHubX\Project\WinHubX\Forms\Settaggi\FormDefender.cs(355,13): warning CS8602: Dereferenziamento di un possibile riferimento Null. [E:\repo\WinHubX\Project\WinHubX\WinHubX.csproj]
E:\repo\WinHubX\Project\WinHubX\Forms\Settaggi\FormPrivacy.cs(302,48): warning CS8600: Conversione del valore letterale Null o di un possibile valore Null in un tipo che non ammette i valori Null. [E:\repo\WinHubX\Project\WinHubX\WinHubX.csproj]
E:\repo\WinHubX\Project\WinHubX\Forms\Settaggi\FormPrivacy.cs(307,48): warning CS8600: Conversione del valore letterale Null o di un possibile valore Null in un tipo che non ammette i valori Null. [E:\repo\WinHubX\Project\WinHubX\WinHubX.csproj]
E:\repo\WinHubX\Project\WinHubX\Forms\Settaggi\FormPrivacy.cs(395,50): warning CS8600: Conversione del valore letterale Null o di un possibile valore Null in un tipo che non ammette i valori Null. [E:\repo\WinHubX\Project\WinHubX\WinHubX.csproj]
E:\repo\WinHubX\Project\WinHubX\Forms\Settaggi\FormPrivacy.cs(400,50): warning CS8600: Conversione del valore letterale Null o di un possibile valore Null in un tipo che non ammette i valori Null. [E:\repo\WinHubX\Project\WinHubX\WinHubX.csproj]
E:\repo\WinHubX\Project\WinHubX\Forms\Settaggi\FormPrivacy.cs(405,50): warning CS8600: Conversione del valore letterale Null o di un possibile valore Null in un tipo che non ammette i valori Null. [E:\repo\WinHubX\Project\WinHubX\WinHubX.csproj]
E:\repo\WinHubX\Project\WinHubX\Forms\Settaggi\FormPrivacy.cs(411,50): warning CS8600: Conversione del valore letterale Null o di un possibile valore Null in un tipo che non ammette i valori Null. [E:\repo\WinHubX\Project\WinHubX\WinHubX.csproj]
E:\repo\WinHubX\Project\WinHubX\Forms\Settaggi\FormPrivacy.cs(515,50): warning CS8600: Conversione del valore letterale Null o di un possibile valore Null in un tipo che non ammette i valori Null. [E:\repo\WinHubX\Project\WinHubX\WinHubX.csproj]
E:\repo\WinHubX\Project\WinHubX\Forms\Settaggi\FormPrivacy.cs(521,50): warning CS8600: Conversione del valore letterale Null o di un possibile valore Null in un tipo che non ammette i valori Null. [E:\repo\WinHubX\Project\WinHubX\WinHubX.csproj]
E:\repo\WinHubX\Project\WinHubX\Forms\Settaggi\FormPrivacy.cs(527,50): warning CS8600: Conversione del valore letterale Null o di un possibile valore Null in un tipo che non ammette i valori Null. [E:\repo\WinHubX\Project\WinHubX\WinHubX.csproj]
E:\repo\WinHubX\Project\WinHubX\Forms\Settaggi\FormPrivacy.cs(532,50): warning CS8600: Conversione del valore letterale Null o di un possibile valore Null in un tipo che non ammette i valori Null. [E:\repo\WinHubX\Project\WinHubX\WinHubX.csproj]
E:\repo\WinHubX\Project\WinHubX\Forms\Settaggi\FormPrivacy.cs(537,50): warning CS8600: Conversione del valore letterale Null o di un possibile valore Null in un tipo che non ammette i valori Null. [E:\repo\WinHubX\Project\WinHubX\WinHubX.csproj]
E:\repo\WinHubX\Project\WinHubX\Forms\Settaggi\FormPrivacy.cs(542,50): warning CS8600: Conversione del valore letterale Null o di un possibile valore Null in un tipo che non ammette i valori Null. [E:\repo\WinHubX\Project\WinHubX\WinHubX.csproj]
E:\repo\WinHubX\Project\WinHubX\Forms\Settaggi\FormPrivacy.cs(564,48): warning CS8600: Conversione del valore letterale Null o di un possibile valore Null in un tipo che non ammette i valori Null. [E:\repo\WinHubX\Project\WinHubX\WinHubX.csproj]
E:\repo\WinHubX\Project\WinHubX\Forms\Settaggi\FormPrivacy.cs(569,48): warning CS8600: Conversione del valore letterale Null o di un possibile valore Null in un tipo che non ammette i valori Null. [E:\repo\WinHubX\Project\WinHubX\WinHubX.csproj]
E:\repo\WinHubX\Project\WinHubX\Forms\Settaggi\FormPrivacy.cs(605,48): warning CS8600: Conversione del valore letterale Null o di un possibile valore Null in un tipo che non ammette i valori Null. [E:\repo\WinHubX\Project\WinHubX\WinHubX.csproj]
E:\repo\WinHubX\Project\WinHubX\Forms\Settaggi\FormPrivacy.cs(611,48): warning CS8600: Conversione del valore letterale Null o di un possibile valore Null in un tipo che non ammette i valori Null. [E:\repo\WinHubX\Project\WinHubX\WinHubX.csproj]
E:\repo\WinHubX\Project\WinHubX\Forms\Settaggi\FormPrivacy.cs(640,48): warning CS8600: Conversione del valore letterale Null o di un possibile valore Null in un tipo che non ammette i valori Null. [E:\repo\WinHubX\Project\WinHubX\WinHubX.csproj]
E:\repo\WinHubX\Project\WinHubX\Forms\Settaggi\FormPrivacy.cs(645,48): warning CS8600: Conversione del valore letterale Null o di un possibile valore Null in un tipo che non ammette i valori Null. [E:\repo\WinHubX\Project\WinHubX\WinHubX.csproj]
E:\repo\WinHubX\Project\WinHubX\Forms\Settaggi\FormPrivacy.cs(682,48): warning CS8600: Conversione del valore letterale Null o di un possibile valore Null in un tipo che non ammette i valori Null. [E:\repo\WinHubX\Project\WinHubX\WinHubX.csproj]
E:\repo\WinHubX\Project\WinHubX\Forms\Settaggi\FormPrivacy.cs(687,48): warning CS8600: Conversione del valore letterale Null o di un possibile valore Null in un tipo che non ammette i valori Null. [E:\repo\WinHubX\Project\WinHubX\WinHubX.csproj]
E:\repo\WinHubX\Project\WinHubX\Forms\Settaggi\FormPrivacy.cs(709,48): warning CS8600: Conversione del valore letterale Null o di un possibile valore Null in un tipo che non ammette i valori Null. [E:\repo\WinHubX\Project\WinHubX\WinHubX.csproj]
E:\repo\WinHubX\Project\WinHubX\Forms\Settaggi\FormPrivacy.cs(714,48): warning CS8600: Conversione del valore letterale Null o di un possibile valore Null in un tipo che non ammette i valori Null. [E:\repo\WinHubX\Project\WinHubX\WinHubX.csproj]
E:\repo\WinHubX\Project\WinHubX\Forms\Settaggi\FormPrivacy.cs(755,48): warning CS8600: Conversione del valore letterale Null o di un possibile valore Null in un tipo che non ammette i valori Null. [E:\repo\WinHubX\Project\WinHubX\WinHubX.csproj]
E:\repo\WinHubX\Project\WinHubX\Forms\Settaggi\FormPrivacy.cs(760,48): warning CS8600: Conversione del valore letterale Null o di un possibile valore Null in un tipo che non ammette i valori Null. [E:\repo\WinHubX\Project\WinHubX\WinHubX.csproj]
E:\repo\WinHubX\Project\WinHubX\Forms\Settaggi\FormPrivacy.cs(782,48): warning CS8600: Conversione del valore letterale Null o di un possibile valore Null in un tipo che non ammette i valori Null. [E:\repo\WinHubX\Project\WinHubX\WinHubX.csproj]
E:\repo\WinHubX\Project\WinHubX\Forms\Settaggi\FormPrivacy.cs(787,48): warning CS8600: Conversione del valore letterale Null o di un possibile valore Null in un tipo che non ammette i valori Null. [E:\repo\WinHubX\Project\WinHubX\WinHubX.csproj]
E:\repo\WinHubX\Project\WinHubX\Forms\Settaggi\FormPrivacy.cs(810,48): warning CS8600: Conversione del valore letterale Null o di un possibile valore Null in un tipo che non ammette i valori Null. [E:\repo\WinHubX\Project\WinHubX\WinHubX.csproj]
E:\repo\WinHubX\Project\WinHubX\Forms\Settaggi\FormPrivacy.cs(815,48): warning CS8600: Conversione del valore letterale Null o di un possibile valore Null in un tipo che non ammette i valori Null. [E:\repo\WinHubX\Project\WinHubX\WinHubX.csproj]
E:\repo\WinHubX\Project\WinHubX\Forms\Settaggi\FormPrivacy.cs(850,48): warning CS8600: Conversione del valore letterale Null o di un possibile valore Null in un tipo che non ammette i valori Null. [E:\repo\WinHubX\Project\WinHubX\WinHubX.csproj]
E:\repo\WinHubX\Project\WinHubX\Forms\Settaggi\FormPrivacy.cs(861,48): warning CS8600: Conversione del valore letterale Null o di un possibile valore Null in un tipo che non ammette i valori Null. [E:\repo\WinHubX\Project\WinHubX\WinHubX.csproj]
E:\repo\WinHubX\Project\WinHubX\Forms\Settaggi\FormPrivacy.cs(944,59): warning CS8600: Conversione del valore letterale Null o di un possibile valore Null in un tipo che non ammette i valori Null. [E:\repo\WinHubX\Project\WinHubX\WinHubX.csproj]
E:\repo\WinHubX\Project\WinHubX\Forms\Settaggi\FormPrivacy.cs(949,59): warning CS8600: Conversione del valore letterale Null o di un possibile valore Null in un tipo che non ammette i valori Null. [E:\repo\WinHubX\Project\WinHubX\WinHubX.csproj]
E:\repo\WinHubX\Project\WinHubX\Forms\Settaggi\FormPrivacy.cs(953,59): warning CS8600: Conversione del valore letterale Null o di un possibile valore Null in un tipo che non ammette i valori Null. [E:\repo\WinHubX\Project\WinHubX\WinHubX.csproj]
E:\repo\WinHubX\Project\WinHubX\Forms\Settaggi\FormPrivacy.cs(958,59): warning CS8600: Conversione del valore letterale Null o di un possibile valore Null in un tipo che non ammette i valori Null. [E:\repo\WinHubX\Project\WinHubX\WinHubX.csproj]
E:\repo\WinHubX\Project\WinHubX\Forms\Settaggi\FormPrivacy.cs(962,51): warning CS8600: Conversione del valore letterale Null o di un possibile valore Null in un tipo che non ammette i valori Null. [E:\repo\WinHubX\Project\WinHubX\WinHubX.csproj]
E:\repo\WinHubX\Project\WinHubX\Forms\Settaggi\FormPrivacy.cs(967,51): warning CS8600: Conversione del valore letterale Null o di un possibile valore Null in un tipo che non ammette i valori Null. [E:\repo\WinHubX\Project\WinHubX\WinHubX.csproj]
E:\repo\WinHubX\Project\WinHubX\Forms\Settaggi\FormPrivacy.cs(971,60): warning CS8600: Conversione del valore letterale Null o di un possibile valore Null in un tipo che non ammette i valori Null. [E:\repo\WinHubX\Project\WinHubX\WinHubX.csproj]
E:\repo\WinHubX\Project\WinHubX\Forms\Settaggi\FormPrivacy.cs(976,60): warning CS8600: Conversione del valore letterale Null o di un possibile valore Null in un tipo che non ammette i valori Null. [E:\repo\WinHubX\Project\WinHubX\WinHubX.csproj]
E:\repo\WinHubX\Project\WinHubX\Forms\Settaggi\FormPrivacy.cs(1074,52): warning CS8600: Conversione del valore letterale Null o di un possibile valore Null in un tipo che non ammette i valori Null. [E:\repo\WinHubX\Project\WinHubX\WinHubX.csproj]
E:\repo\WinHubX\Project\WinHubX\Forms\Settaggi\FormPrivacy.cs(1164,48): warning CS8600: Conversione del valore letterale Null o di un possibile valore Null in un tipo che non ammette i valori Null. [E:\repo\WinHubX\Project\WinHubX\WinHubX.csproj]
E:\repo\WinHubX\Project\WinHubX\Forms\Settaggi\FormPrivacy.cs(1169,48): warning CS8600: Conversione del valore letterale Null o di un possibile valore Null in un tipo che non ammette i valori Null. [E:\repo\WinHubX\Project\WinHubX\WinHubX.csproj]
E:\repo\WinHubX\Project\WinHubX\Forms\Settaggi\FormPrivacy.cs(1202,48): warning CS8600: Conversione del valore letterale Null o di un possibile valore Null in un tipo che non ammette i valori Null. [E:\repo\WinHubX\Project\WinHubX\WinHubX.csproj]
E:\repo\WinHubX\Project\WinHubX\Forms\Settaggi\FormPrivacy.cs(1206,48): warning CS8600: Conversione del valore letterale Null o di un possibile valore Null in un tipo che non ammette i valori Null. [E:\repo\WinHubX\Project\WinHubX\WinHubX.csproj]
E:\repo\WinHubX\Project\WinHubX\Forms\Settaggi\FormPrivacy.cs(1234,48): warning CS8600: Conversione del valore letterale Null o di un possibile valore Null in un tipo che non ammette i valori Null. [E:\repo\WinHubX\Project\WinHubX\WinHubX.csproj]
E:\repo\WinHubX\Project\WinHubX\Forms\Settaggi\FormPrivacy.cs(1238,48): warning CS8600: Conversione del valore letterale Null o di un possibile valore Null in un tipo che non ammette i valori Null. [E:\repo\WinHubX\Project\WinHubX\WinHubX.csproj]
E:\repo\WinHubX\Project\WinHubX\Forms\Settaggi\FormPrivacy.cs(1296,48): warning CS8600: Conversione del valore letterale Null o di un possibile valore Null in un tipo che non ammette i valori Null. [E:\repo\WinHubX\Project\WinHubX\WinHubX.csproj]
E:\repo\WinHubX\Project\WinHubX\Forms\Settaggi\FormPrivacy.cs(1300,48): warning CS8600: Conversione del valore letterale Null o di un possibile valore Null in un tipo che non ammette i valori Null. [E:\repo\WinHubX\Project\WinHubX\WinHubX.csproj]
E:\repo\WinHubX\Project\WinHubX\Forms\Settaggi\FormPrivacy.cs(1378,48): warning CS8600: Conversione del valore letterale Null o di un possibile valore Null in un tipo che non ammette i valori Null. [E:\repo\WinHubX\Project\WinHubX\WinHubX.csproj]
E:\repo\WinHubX\Project\WinHubX\Forms\Settaggi\FormPrivacy.cs(1389,48): warning CS8600: Conversione del valore letterale Null o di un possibile valore Null in un tipo che non ammette i valori Null. [E:\repo\WinHubX\Project\WinHubX\WinHubX.csproj]
E:\repo\WinHubX\Project\WinHubX\Forms\Settaggi\FormPrivacy.cs(1434,48): warning CS8600: Conversione del valore letterale Null o di un possibile valore Null in un tipo che non ammette i valori Null. [E:\repo\WinHubX\Project\WinHubX\WinHubX.csproj]
E:\repo\WinHubX\Project\WinHubX\Forms\Settaggi\FormPrivacy.cs(1448,48): warning CS8600: Conversione del valore letterale Null o di un possibile valore Null in un tipo che non ammette i valori Null. [E:\repo\WinHubX\Project\WinHubX\WinHubX.csproj]
E:\repo\WinHubX\Project\WinHubX\Forms\Settaggi\FormPrivacy.cs(1483,48): warning CS8600: Conversione del valore letterale Null o di un possibile valore Null in un tipo che non ammette i valori Null. [E:\repo\WinHubX\Project\WinHubX\WinHubX.csproj]
E:\repo\WinHubX\Project\WinHubX\Forms\Settaggi\FormPrivacy.cs(1496,48): warning CS8600: Conversione del valore letterale Null o di un possibile valore Null in un tipo che non ammette i valori Null. [E:\repo\WinHubX\Project\WinHubX\WinHubX.csproj]
E:\repo\WinHubX\Project\WinHubX\Forms\Settaggi\FormPrivacy.cs(1548,59): warning CS8600: Conversione del valore letterale Null o di un possibile valore Null in un tipo che non ammette i valori Null. [E:\repo\WinHubX\Project\WinHubX\WinHubX.csproj]
E:\repo\WinHubX\Project\WinHubX\Forms\Settaggi\FormPrivacy.cs(1553,59): warning CS8600: Conversione del valore letterale Null o di un possibile valore Null in un tipo che non ammette i valori Null. [E:\repo\WinHubX\Project\WinHubX\WinHubX.csproj]
E:\repo\WinHubX\Project\WinHubX\Forms\Settaggi\FormPrivacy.cs(1557,59): warning CS8600: Conversione del valore letterale Null o di un possibile valore Null in un tipo che non ammette i valori Null. [E:\repo\WinHubX\Project\WinHubX\WinHubX.csproj]
E:\repo\WinHubX\Project\WinHubX\Forms\Settaggi\FormPrivacy.cs(1562,59): warning CS8600: Conversione del valore letterale Null o di un possibile valore Null in un tipo che non ammette i valori Null. [E:\repo\WinHubX\Project\WinHubX\WinHubX.csproj]
E:\repo\WinHubX\Project\WinHubX\Forms\Settaggi\FormPrivacy.cs(1566,51): warning CS8600: Conversione del valore letterale Null o di un possibile valore Null in un tipo che non ammette i valori Null. [E:\repo\WinHubX\Project\WinHubX\WinHubX.csproj]
E:\repo\WinHubX\Project\WinHubX\Forms\Settaggi\FormPrivacy.cs(1571,51): warning CS8600: Conversione del valore letterale Null o di un possibile valore Null in un tipo che non ammette i valori Null. [E:\repo\WinHubX\Project\WinHubX\WinHubX.csproj]
E:\repo\WinHubX\Project\WinHubX\Forms\Settaggi\FormPrivacy.cs(1575,60): warning CS8600: Conversione del valore letterale Null o di un possibile valore Null in un tipo che non ammette i valori Null. [E:\repo\WinHubX\Project\WinHubX\WinHubX.csproj]
E:\repo\WinHubX\Project\WinHubX\Forms\Settaggi\FormPrivacy.cs(1580,60): warning CS8600: Conversione del valore letterale Null o di un possibile valore Null in un tipo che non ammette i valori Null. [E:\repo\WinHubX\Project\WinHubX\WinHubX.csproj]
E:\repo\WinHubX\Project\WinHubX\Forms\Settaggi\FormPrivacy.cs(1668,46): warning CS8600: Conversione del valore letterale Null o di un possibile valore Null in un tipo che non ammette i valori Null. [E:\repo\WinHubX\Project\WinHubX\WinHubX.csproj]
E:\repo\WinHubX\Project\WinHubX\Forms\Settaggi\FormPrivacy.cs(1688,35): warning CS8600: Conversione del valore letterale Null o di un possibile valore Null in un tipo che non ammette i valori Null. [E:\repo\WinHubX\Project\WinHubX\WinHubX.csproj]
E:\repo\WinHubX\Project\WinHubX\Forms\Settaggi\FormPrivacy.cs(1692,35): warning CS8600: Conversione del valore letterale Null o di un possibile valore Null in un tipo che non ammette i valori Null. [E:\repo\WinHubX\Project\WinHubX\WinHubX.csproj]
E:\repo\WinHubX\Project\WinHubX\Forms\Settaggi\FormPrivacy.cs(1715,35): warning CS8600: Conversione del valore letterale Null o di un possibile valore Null in un tipo che non ammette i valori Null. [E:\repo\WinHubX\Project\WinHubX\WinHubX.csproj]
E:\repo\WinHubX\Project\WinHubX\Forms\Settaggi\FormPrivacy.cs(1716,41): warning CS8602: Dereferenziamento di un possibile riferimento Null. [E:\repo\WinHubX\Project\WinHubX\WinHubX.csproj]
E:\repo\WinHubX\Project\WinHubX\Forms\Settaggi\FormPrivacy.cs(1721,52): warning CS8622: Il supporto dei valori Null dei tipi riferimento nel tipo di parametro 'sender' di 'void FormPrivacy.DisabilitaPrivacy_ItemCheck(object sender, ItemCheckEventArgs e)' non corrisponde al delegato di destinazione 'ItemCheckEventHandler', probabilmente a causa degli attributi del supporto dei valori Null. [E:\repo\WinHubX\Project\WinHubX\WinHubX.csproj]
E:\repo\WinHubX\Project\WinHubX\Forms\Settaggi\FormPrivacy.cs(1723,52): warning CS8622: Il supporto dei valori Null dei tipi riferimento nel tipo di parametro 'sender' di 'void FormPrivacy.DisabilitaPrivacy_ItemCheck(object sender, ItemCheckEventArgs e)' non corrisponde al delegato di destinazione 'ItemCheckEventHandler', probabilmente a causa degli attributi del supporto dei valori Null. [E:\repo\WinHubX\Project\WinHubX\WinHubX.csproj]
E:\repo\WinHubX\Project\WinHubX\Forms\Settaggi\FormPrivacy.cs(1733,39): warning CS8600: Conversione del valore letterale Null o di un possibile valore Null in un tipo che non ammette i valori Null. [E:\repo\WinHubX\Project\WinHubX\WinHubX.csproj]
E:\repo\WinHubX\Project\WinHubX\Forms\Settaggi\FormPrivacy.cs(1734,42): warning CS8602: Dereferenziamento di un possibile riferimento Null. [E:\repo\WinHubX\Project\WinHubX\WinHubX.csproj]
E:\repo\WinHubX\Project\WinHubX\Forms\Settaggi\FormPrivacy.cs(1739,53): warning CS8622: Il supporto dei valori Null dei tipi riferimento nel tipo di parametro 'sender' di 'void FormPrivacy.AbilitaPrivacy_ItemCheck(object sender, ItemCheckEventArgs e)' non corrisponde al delegato di destinazione 'ItemCheckEventHandler', probabilmente a causa degli attributi del supporto dei valori Null. [E:\repo\WinHubX\Project\WinHubX\WinHubX.csproj]
E:\repo\WinHubX\Project\WinHubX\Forms\Settaggi\FormPrivacy.cs(1741,53): warning CS8622: Il supporto dei valori Null dei tipi riferimento nel tipo di parametro 'sender' di 'void FormPrivacy.AbilitaPrivacy_ItemCheck(object sender, ItemCheckEventArgs e)' non corrisponde al delegato di destinazione 'ItemCheckEventHandler', probabilmente a causa degli attributi del supporto dei valori Null. [E:\repo\WinHubX\Project\WinHubX\WinHubX.csproj]
E:\repo\WinHubX\Project\WinHubX\Forms\Settaggi\FormDefender.cs(418,25): warning CS8602: Dereferenziamento di un possibile riferimento Null. [E:\repo\WinHubX\Project\WinHubX\WinHubX.csproj]
E:\repo\WinHubX\Project\WinHubX\Forms\Settaggi\FormDefender.cs(705,25): warning CS8602: Dereferenziamento di un possibile riferimento Null. [E:\repo\WinHubX\Project\WinHubX\WinHubX.csproj]
E:\repo\WinHubX\Project\WinHubX\Forms\Settaggi\FormDefender.cs(1023,35): warning CS8600: Conversione del valore letterale Null o di un possibile valore Null in un tipo che non ammette i valori Null. [E:\repo\WinHubX\Project\WinHubX\WinHubX.csproj]
E:\repo\WinHubX\Project\WinHubX\Forms\Settaggi\FormDefender.cs(1024,41): warning CS8602: Dereferenziamento di un possibile riferimento Null. [E:\repo\WinHubX\Project\WinHubX\WinHubX.csproj]
E:\repo\WinHubX\Project\WinHubX\Forms\Settaggi\FormDefender.cs(1029,53): warning CS8622: Il supporto dei valori Null dei tipi riferimento nel tipo di parametro 'sender' di 'void FormDefender.DisabilitaDefender_ItemCheck(object sender, ItemCheckEventArgs e)' non corrisponde al delegato di destinazione 'ItemCheckEventHandler', probabilmente a causa degli attributi del supporto dei valori Null. [E:\repo\WinHubX\Project\WinHubX\WinHubX.csproj]
E:\repo\WinHubX\Project\WinHubX\Forms\Settaggi\FormDefender.cs(1031,53): warning CS8622: Il supporto dei valori Null dei tipi riferimento nel tipo di parametro 'sender' di 'void FormDefender.DisabilitaDefender_ItemCheck(object sender, ItemCheckEventArgs e)' non corrisponde al delegato di destinazione 'ItemCheckEventHandler', probabilmente a causa degli attributi del supporto dei valori Null. [E:\repo\WinHubX\Project\WinHubX\WinHubX.csproj]
E:\repo\WinHubX\Project\WinHubX\Forms\Settaggi\FormDefender.cs(1041,39): warning CS8600: Conversione del valore letterale Null o di un possibile valore Null in un tipo che non ammette i valori Null. [E:\repo\WinHubX\Project\WinHubX\WinHubX.csproj]
E:\repo\WinHubX\Project\WinHubX\Forms\Settaggi\FormDefender.cs(1042,42): warning CS8602: Dereferenziamento di un possibile riferimento Null. [E:\repo\WinHubX\Project\WinHubX\WinHubX.csproj]
E:\repo\WinHubX\Project\WinHubX\Forms\Settaggi\FormDefender.cs(1047,54): warning CS8622: Il supporto dei valori Null dei tipi riferimento nel tipo di parametro 'sender' di 'void FormDefender.AbilitaDefender_ItemCheck(object sender, ItemCheckEventArgs e)' non corrisponde al delegato di destinazione 'ItemCheckEventHandler', probabilmente a causa degli attributi del supporto dei valori Null. [E:\repo\WinHubX\Project\WinHubX\WinHubX.csproj]
E:\repo\WinHubX\Project\WinHubX\Forms\Settaggi\FormDefender.cs(1049,54): warning CS8622: Il supporto dei valori Null dei tipi riferimento nel tipo di parametro 'sender' di 'void FormDefender.AbilitaDefender_ItemCheck(object sender, ItemCheckEventArgs e)' non corrisponde al delegato di destinazione 'ItemCheckEventHandler', probabilmente a causa degli attributi del supporto dei valori Null. [E:\repo\WinHubX\Project\WinHubX\WinHubX.csproj]
E:\repo\WinHubX\Project\WinHubX\Forms\Settaggi\FormDefender.Designer.cs(348,23): warning CS0169: Il campo 'FormDefender.label4' non viene mai usato [E:\repo\WinHubX\Project\WinHubX\WinHubX.csproj]
E:\repo\WinHubX\Project\WinHubX\Forms\ImpostazioniApp\FormImpostazioniApp.Designer.cs(376,44): warning CS0169: Il campo 'FormImpostazioniApp.btnInstallaVerdi' non viene mai usato [E:\repo\WinHubX\Project\WinHubX\WinHubX.csproj]
E:\repo\WinHubX\Project\WinHubX\Forms\CreaISO\FormCreazioneISO.Designer.cs(144,59): warning CS0169: Il campo 'FormCreazioneISO.cuiProgressBarHorizontal1' non viene mai usato [E:\repo\WinHubX\Project\WinHubX\WinHubX.csproj]
E:\repo\WinHubX\Project\WinHubX\Forms\Base\FormWin.cs(17,24): warning CS0169: Il campo 'FormWin.selectedVersion' non viene mai usato [E:\repo\WinHubX\Project\WinHubX\WinHubX.csproj]
E:\repo\WinHubX\Project\WinHubX\Forms\Settaggi\FormPersonalizzazione.Designer.cs(497,23): warning CS0169: Il campo 'FormPersonalizzazione.panel7' non viene mai usato [E:\repo\WinHubX\Project\WinHubX\WinHubX.csproj]
E:\repo\WinHubX\Project\WinHubX\Forms\Base\FormMonitoraggio.Designer.cs(748,44): warning CS0169: Il campo 'FormMonitoraggio.cuiButton1' non viene mai usato [E:\repo\WinHubX\Project\WinHubX\WinHubX.csproj]
E:\repo\WinHubX\Project\WinHubX\Forms\Base\FormHome.Designer.cs(258,24): warning CS0169: Il campo 'FormHome.button1' non viene mai usato [E:\repo\WinHubX\Project\WinHubX\WinHubX.csproj]
E:\repo\WinHubX\Project\WinHubX\Forms\Settaggi\FormUpdate.Designer.cs(348,29): warning CS0169: Il campo 'FormUpdate.progressBar1' non viene mai usato [E:\repo\WinHubX\Project\WinHubX\WinHubX.csproj]
E:\repo\WinHubX\Project\WinHubX\Forms\Base\Form1.cs(24,28): warning CS0169: Il campo 'Form1.notifyIcon' non viene mai usato [E:\repo\WinHubX\Project\WinHubX\WinHubX.csproj]
E:\repo\WinHubX\Project\WinHubX\Forms\ImpostazioniApp\FormImpostazioniApp.Designer.cs(375,26): warning CS0169: Il campo 'FormImpostazioniApp.checkBox_powerpoint' non viene mai usato [E:\repo\WinHubX\Project\WinHubX\WinHubX.csproj]
E:\repo\WinHubX\Project\WinHubX\Forms\CreaISO\FormCreazioneISO.Designer.cs(142,56): warning CS0169: Il campo 'FormCreazioneISO.backgroundWorker1' non viene mai usato [E:\repo\WinHubX\Project\WinHubX\WinHubX.csproj]
E:\repo\WinHubX\Project\WinHubX\Forms\Base\FormDebloat.Designer.cs(320,23): warning CS0169: Il campo 'FormDebloat.lblInfoWin12' non viene mai usato [E:\repo\WinHubX\Project\WinHubX\WinHubX.csproj]
E:\repo\WinHubX\Project\WinHubX\Forms\Settaggi\FormPersonalizzazione.Designer.cs(495,23): warning CS0169: Il campo 'FormPersonalizzazione.panel32' non viene mai usato [E:\repo\WinHubX\Project\WinHubX\WinHubX.csproj]
E:\repo\WinHubX\Project\WinHubX\Forms\Base\FormDebloat.Designer.cs(319,24): warning CS0169: Il campo 'FormDebloat.btnDebloatAuto' non viene mai usato [E:\repo\WinHubX\Project\WinHubX\WinHubX.csproj]
E:\repo\WinHubX\Project\WinHubX\Forms\Base\FormSettaggi.Designer.cs(470,44): warning CS0169: Il campo 'FormSettaggi.btnRipristinoeTestTweaks' non viene mai usato [E:\repo\WinHubX\Project\WinHubX\WinHubX.csproj]
E:\repo\WinHubX\Project\WinHubX\Forms\Base\FormSettaggi.cs(16,40): warning CS0169: Il campo 'FormSettaggi.formPersonalizzazione' non viene mai usato [E:\repo\WinHubX\Project\WinHubX\WinHubX.csproj]
E:\repo\WinHubX\Project\WinHubX\Forms\Base\FormDebloat.Designer.cs(327,44): warning CS0169: Il campo 'FormDebloat.btnRiprisitinoDefenderVerdi' non viene mai usato [E:\repo\WinHubX\Project\WinHubX\WinHubX.csproj]
E:\repo\WinHubX\Project\WinHubX\Forms\Base\FormWin.cs(15,24): warning CS0169: Il campo 'FormWin.selectedOS' non viene mai usato [E:\repo\WinHubX\Project\WinHubX\WinHubX.csproj]
E:\repo\WinHubX\Project\WinHubX\Forms\Base\Form1.cs(25,34): warning CS0169: Il campo 'Form1.trayIconContextMenu' non viene mai usato [E:\repo\WinHubX\Project\WinHubX\WinHubX.csproj]
E:\repo\WinHubX\Project\WinHubX\Forms\Base\FormWin.cs(16,25): warning CS0169: Il campo 'FormWin.selectedArch' non viene mai usato [E:\repo\WinHubX\Project\WinHubX\WinHubX.csproj]
E:\repo\WinHubX\Project\WinHubX\Forms\Base\FormDebloat.Designer.cs(328,44): warning CS0169: Il campo 'FormDebloat.btnProtezioneMinimaVerdi' non viene mai usato [E:\repo\WinHubX\Project\WinHubX\WinHubX.csproj]
E:\repo\WinHubX\Project\WinHubX\Forms\Settaggi\FormPersonalizzazione.Designer.cs(496,23): warning CS0169: Il campo 'FormPersonalizzazione.panel4' non viene mai usato [E:\repo\WinHubX\Project\WinHubX\WinHubX.csproj]
E:\repo\WinHubX\Project\WinHubX\Forms\DriverRST\FormDriverRST.Designer.cs(105,26): warning CS0169: Il campo 'FormDriverRST.checkBox_powerpoint' non viene mai usato [E:\repo\WinHubX\Project\WinHubX\WinHubX.csproj]
E:\repo\WinHubX\Project\WinHubX\Forms\InstallaComponenti\FormInstallaComponenti.Designer.cs(174,26): warning CS0169: Il campo 'FormInstallaComponenti.checkBox_powerpoint' non viene mai usato [E:\repo\WinHubX\Project\WinHubX\WinHubX.csproj]
E:\repo\WinHubX\Project\WinHubX\Forms\Base\FormWin.cs(18,24): warning CS0169: Il campo 'FormWin.selectedLanguage' non viene mai usato [E:\repo\WinHubX\Project\WinHubX\WinHubX.csproj]
E:\repo\WinHubX\Project\WinHubX\Forms\Settaggi\FormPersonalizzazione.cs(17,22): warning CS0169: Il campo 'FormPersonalizzazione.isSSD' non viene mai usato [E:\repo\WinHubX\Project\WinHubX\WinHubX.csproj]
E:\repo\WinHubX\Project\WinHubX\Forms\Settaggi\FormPersonalizzazione.Designer.cs(498,23): warning CS0169: Il campo 'FormPersonalizzazione.label2' non viene mai usato [E:\repo\WinHubX\Project\WinHubX\WinHubX.csproj]
E:\repo\WinHubX\Project\WinHubX\Forms\Base\FormOffice.Designer.cs(464,29): warning CS0169: Il campo 'FormOffice.richTextBoxInfo' non viene mai usato [E:\repo\WinHubX\Project\WinHubX\WinHubX.csproj]
E:\repo\WinHubX\Project\WinHubX\Forms\Base\FormMonitoraggio.cs(37,22): warning CS0414: Il campo 'FormMonitoraggio._notificationAlreadyShown' è assegnato, ma il suo valore non viene mai usato [E:\repo\WinHubX\Project\WinHubX\WinHubX.csproj]
E:\repo\WinHubX\Project\WinHubX\Forms\Base\FormMonitoraggio.cs(35,22): warning CS0414: Il campo 'FormMonitoraggio._isMonitoringOn' è assegnato, ma il suo valore non viene mai usato [E:\repo\WinHubX\Project\WinHubX\WinHubX.csproj]
E:\repo\WinHubX\Project\WinHubX\Forms\Base\FormMonitoraggio.cs(36,22): warning CS0414: Il campo 'FormMonitoraggio._isTemperatureOn' è assegnato, ma il suo valore non viene mai usato [E:\repo\WinHubX\Project\WinHubX\WinHubX.csproj]
    Avvisi: 669
    Errori: 0

Tempo trascorso 00:00:02.00
